-- phpMyAdmin SQL Dump
-- version 4.5.4.1deb2ubuntu2
-- http://www.phpmyadmin.net
--
-- Host: 192.168.2.2
-- Generation Time: Feb 10, 2017 at 09:26 AM
-- Server version: 10.1.13-MariaDB
-- PHP Version: 5.6.30-1+deb.sury.org~xenial+1

SET SQL_MODE = "NO_AUTO_VALUE_ON_ZERO";
SET time_zone = "+00:00";


/*!40101 SET @OLD_CHARACTER_SET_CLIENT=@@CHARACTER_SET_CLIENT */;
/*!40101 SET @OLD_CHARACTER_SET_RESULTS=@@CHARACTER_SET_RESULTS */;
/*!40101 SET @OLD_COLLATION_CONNECTION=@@COLLATION_CONNECTION */;
/*!40101 SET NAMES utf8mb4 */;

--
-- Database: `superdistri`
--

-- --------------------------------------------------------

--
-- Table structure for table `customer`
--

CREATE TABLE `customer` (
  `id` int(11) NOT NULL,
  `kode_customer` varchar(100) NOT NULL,
  `id_tipe` int(11) DEFAULT NULL,
  `no_npwp` varchar(50) DEFAULT NULL,
  `nama` varchar(50) DEFAULT NULL,
  `alamat` text,
  `no_telp` varchar(25) DEFAULT NULL,
  `id_prov` int(5) NOT NULL DEFAULT '0',
  `id_kota` varchar(50) DEFAULT '0',
  `id_kec` int(10) NOT NULL DEFAULT '0',
  `hutang` double DEFAULT NULL,
  `kantor` int(3) DEFAULT NULL,
  `nama_pic` varchar(100) DEFAULT NULL,
  `no_telp_pic` varchar(100) DEFAULT NULL,
  `plafon_kredit` double DEFAULT NULL,
  `dop` varchar(100) DEFAULT NULL,
  `kode_kunjungan` int(10) DEFAULT NULL,
  `namacs_wp` varchar(100) DEFAULT NULL,
  `npwp_wp` varchar(100) DEFAULT NULL,
  `alamat_cs` text,
  `tanggal_pendaftaran` timestamp NULL DEFAULT CURRENT_TIMESTAMP,
  `status_aktif` int(1) DEFAULT '1'
) ENGINE=InnoDB DEFAULT CHARSET=latin1;

--
-- Dumping data for table `customer`
--

INSERT INTO `customer` (`id`, `kode_customer`, `id_tipe`, `no_npwp`, `nama`, `alamat`, `no_telp`, `id_prov`, `id_kota`, `id_kec`, `hutang`, `kantor`, `nama_pic`, `no_telp_pic`, `plafon_kredit`, `dop`, `kode_kunjungan`, `namacs_wp`, `npwp_wp`, `alamat_cs`, `tanggal_pendaftaran`, `status_aktif`) VALUES
(2, 'SMG10006', 3, '', 'HANDOKO', 'DS KARANGLO RT 2 RW 2 KELURAHAN BRINGIN  ( JL RAYA TUNTANG BERINGIN )', '', 0, '193', 0, 0, 1, '', '', 5000000, '14', 3, '', '', '', '0000-00-00 00:00:00', 1),
(3, 'TMG008', 3, '', 'TATAK', 'GEMBONG KEDU SELATAN PASAR KEDU', '', 0, '184', 0, 0, 1, '', '', 5000000, '14', 0, '', '', '', '0000-00-00 00:00:00', 1),
(4, 'SMG1185', 3, '', 'TK GOTONG ROYONG ELEKTRONIK', 'JL RAYA BANYUMAS KM 6.5 PEREMPATAN SELO MERTO', '', 0, '168', 0, 0, 1, '', '', 5000000, '14', 0, '', '', '', '0000-00-00 00:00:00', 1),
(5, 'EVF0644', 3, '', 'OKTA EVF', 'KAUMAN RAYA', '', 0, '183', 0, 0, 1, '', '', 2000000, '14', 3, '', '', '', '0000-00-00 00:00:00', 1),
(6, 'SMG0919', 3, '', 'TK DARENT MAKMUR ( MAS TONI )', 'KENANGA RAYA GEDAWANG ( DEPAN MASJID ) RT 4 RW 8 GEDAWANG', '', 0, '183', 0, 0, 1, '', '', 2000000, '14', 0, '', '', '', '0000-00-00 00:00:00', 1),
(7, 'SMG1199', 3, '', 'TK PANTES', 'JL SUKORINI 12 DEPAN PS SUMOWONO', '', 0, '183', 0, 0, 1, '', '', 5000000, '14', 0, '', '', '', '0000-00-00 00:00:00', 1),
(8, 'SMG1231', 3, '', 'TK PRIMA LISTRIK', 'VILA GEDAWANG PERMAI BLOK D NO 10', '', 0, '183', 0, 0, 1, '', '', 5000000, '14', 0, '', '', '', '0000-00-00 00:00:00', 1),
(9, 'EVF0719', 3, '', 'TK POJOK', 'JL KANGURU RAYA NO 64', '', 0, '183', 0, 0, 1, '', '', 5000000, '14', 0, '', '', '', '0000-00-00 00:00:00', 1),
(10, 'PWJ002', 3, '', 'TK JAYA ABADI', 'JL MAGELANG  KM 5 PURWOREJO SEJIWAN SARIREJO', '', 0, '167', 0, 0, 1, '', '', 5000000, '14', 0, '', '', '', '0000-00-00 00:00:00', 1),
(11, 'EVF00105', 5, '', 'SD SRONDOL WETAN 4', 'JL RASAMALA RAYA, SRONDOL WETAN', '', 0, '183', 0, 0, 1, '', '', 2000000, '14', 0, '', '', '', '0000-00-00 00:00:00', 1),
(12, 'EVF0204', 5, '', 'TK BU PUJI', 'JL GAHARU UTARA NO 94 RT 6/12', '', 0, '183', 0, 0, 1, '', '', 5000000, '14', 0, '', '', '', '0000-00-00 00:00:00', 1),
(13, 'EVF0205', 5, '', 'TK LINA', 'JL GAHARU UTARA DALAM NO 58 RT 2/13', '', 0, '183', 0, 0, 1, '', '', 2000000, '14', 0, '', '', '', '0000-00-00 00:00:00', 1),
(14, 'EVF00108', 5, '', 'TK SRIYONO', 'JL GAHARU UTARA NO 93 RT 3 RW 12, SRONDOL WETAN', '', 0, '183', 0, 0, 1, '', '', 2000000, '14', 0, '', '', '', '0000-00-00 00:00:00', 1),
(15, 'SMG1018', 5, '', 'TOKO MONICA', 'JL RAYA BOJA', '', 0, '185', 0, 0, 1, '', '', 2000000, '14', 0, '', '', '', '0000-00-00 00:00:00', 1),
(16, 'EVF00122', 5, '', 'SD BANYUMANIK 01', 'JL TEMUGIRING', '', 0, '183', 0, 0, 1, '', '', 2000000, '14', 0, '', '', '', '0000-00-00 00:00:00', 1),
(17, 'EVF0546', 5, '', 'SD NEGERI BANYUMANIK 03', 'JL BANGUN HARJO BARAT', '', 0, '183', 0, 0, 1, '', '', 2000000, '14', 0, '', '', '', '0000-00-00 00:00:00', 1),
(18, 'EVF0545', 5, '', 'SD NEGERI TEMBALANG(KANTIN PAK JIMAN)', 'JL DURIAN RAYA', '', 0, '183', 0, 0, 1, '', '', 2000000, '14', 0, '', '', '', '0000-00-00 00:00:00', 1),
(19, 'EVF0547', 5, '', 'TK BU SUSI', 'JL TEMU IRENG RT 2/5', '', 0, '183', 0, 0, 1, '', '', 2000000, '14', 0, '', '', '', '0000-00-00 00:00:00', 1),
(20, 'EVF0210', 5, '', 'TK MBAK DIAN', 'JL SANINTEN RAYA 128', '', 0, '183', 0, 0, 1, '', '', 2000000, '14', 0, '', '', '', '0000-00-00 00:00:00', 1),
(21, 'EVF0069', 5, '', 'SD KARANGANYAR GUNUNG 2', 'JL JNGLI TLAWAH 1/4', '', 0, '183', 0, 0, 1, '', '', 5000000, '14', 0, '', '', '', '0000-00-00 00:00:00', 1),
(22, 'EVF034', 5, '', 'SD METESEH (BU IRENG)', 'JL RAYA BUKIT KENCANA JAYA METESEH', '', 0, '183', 0, 0, 1, '', '', 5000000, '14', 0, '', '', '', '0000-00-00 00:00:00', 1),
(23, 'EVF040', 5, '', 'SD TEGAL SARI 03 (BU SITI)', 'JL GENUK KRAJAN 7 RT 2/4 KEL CANDI', '', 0, '183', 0, 0, 1, '', '', 5000000, '14', 0, '', '', '', '0000-00-00 00:00:00', 1),
(24, 'EVF038', 5, '', 'SD TEGALSARI 04 (BU GIANTO)', 'JL GENUK BARU RT 3/7 KEL CANDISEMARANG', '', 0, '183', 0, 0, 1, '', '', 5000000, '14', 0, '', '', '', '0000-00-00 00:00:00', 1),
(25, 'EVF0515', 5, '', 'TK BU DENI', 'JL MANGUN HARJO RT 1/1', '', 0, '183', 0, 0, 1, '', '', 2000000, '14', 0, '', '', '', '0000-00-00 00:00:00', 1),
(26, 'EVF0246', 5, '', 'TK MBAK PONI(PAK AGUS POLISI)', 'JL BUKIT DAHLIA 7 RT 3/5 NO 191 PERUMSENDANG MULYO', '', 0, '183', 0, 0, 1, '', '', 2000000, '14', 0, '', '', '', '0000-00-00 00:00:00', 1),
(27, 'EVF032', 5, '', 'TK MIMOM', 'JL RAYA BUKIT KENCANA JAYA METESEH', '', 0, '183', 0, 0, 1, '', '', 5000000, '14', 0, '', '', '', '0000-00-00 00:00:00', 1),
(28, 'EVF0402', 5, '', 'TK PAK BAHRUL', 'JL JANGLI RAYA NO 272', '', 0, '183', 0, 0, 1, '', '', 2000000, '14', 0, '', '', '', '0000-00-00 00:00:00', 1),
(29, 'EVF044', 5, '', 'TK RIKO', 'JL JANGLI KRAJAN BARAT 2 NO 404 RT 4/3 KEL JATINGALEH', '', 0, '183', 0, 0, 1, '', '', 5000000, '14', 0, '', '', '', '0000-00-00 00:00:00', 1),
(30, 'EVF0289', 5, '', 'TK VICKY', 'JL JATILUHUR TRANGKIK(SAMPING TRI BAKTI)', '', 0, '183', 0, 0, 1, '', '', 2000000, '14', 0, '', '', '', '0000-00-00 00:00:00', 1),
(31, 'SMG1223', 5, '', 'TK JAYA ELEKTRONIK (HERIANTO)', 'JL BRIGJEN KATAMSO NO 115', '', 0, '167', 0, 0, 1, '', '', 10000000, '14', 0, '', '', '', '0000-00-00 00:00:00', 1),
(32, 'EVF0548', 5, '', 'SD SAMPANGAN 02', 'JL MENOREH TENGAH 10', '', 0, '183', 0, 0, 1, '', '', 2000000, '14', 0, '', '', '', '0000-00-00 00:00:00', 1),
(33, 'EVF0216', 5, '', 'TK ANUGRAH ASPOL', 'JL KALIGARANG RAYA DPN POM BENSIN', '', 0, '183', 0, 0, 1, '', '', 2000000, '14', 0, '', '', '', '0000-00-00 00:00:00', 1),
(34, 'EVF0408', 5, '', 'TK BU NGATMI', 'JL MENOREH UTARA 12 NO 19 RT 2/1', '', 0, '183', 0, 0, 1, '', '', 2000000, '14', 0, '', '', '', '0000-00-00 00:00:00', 1),
(35, 'EVF057', 5, '', 'TK BU TUTI', 'JL SUMBING (DPN SD LEMPONGSARI) KEL BENDUNGAN', '', 0, '183', 0, 0, 1, '', '', 5000000, '14', 0, '', '', '', '0000-00-00 00:00:00', 1),
(36, 'EVF0549', 5, '', 'TK ANDRE MART', 'JL MENOREH UTARA 2 NO 2 RT 11/1', '', 0, '183', 0, 0, 1, '', '', 2000000, '14', 0, '', '', '', '0000-00-00 00:00:00', 1),
(37, 'EVF0550', 5, '', 'TK BPK JUMALI', 'JL MENOREH TENGAH XII RT 7/4', '', 0, '183', 0, 0, 1, '', '', 2000000, '14', 0, '', '', '', '0000-00-00 00:00:00', 1),
(38, 'EVF0410', 5, '', 'TK BU ANA', 'JL PAPANDAYAN RAYA (PINGGIR JALAN RAYA)', '', 0, '183', 0, 0, 1, '', '', 2000000, '14', 0, '', '', '', '0000-00-00 00:00:00', 1),
(39, 'EVF0553', 5, '', 'TK BU ARIES', 'JL MENOREH UTARA IX NO 20 RT 8/1', '', 0, '183', 0, 0, 1, '', '', 2000000, '14', 0, '', '', '', '0000-00-00 00:00:00', 1),
(40, 'EVF0551', 5, '', 'TK IBU MARYATI', 'JL KENDENG BARAT 2 RT 4/6 NO 35', '', 0, '183', 0, 0, 1, '', '', 2000000, '14', 0, '', '', '', '0000-00-00 00:00:00', 1),
(41, 'EVF0552', 5, '', 'TK PLAMONGAN RAYA', 'DPN SDN BENDAN NGISOR', '', 0, '183', 0, 0, 1, '', '', 2000000, '14', 0, '', '', '', '0000-00-00 00:00:00', 1),
(42, 'EVF099', 5, '', 'IBU SULIS', 'JL PANDANSARI 2 RT 5/1 SAWAH BESAR', '', 0, '183', 0, 0, 1, '', '', 5000000, '14', 0, '', '', '', '0000-00-00 00:00:00', 1),
(43, 'EVF0519', 5, '', 'SD TRIMULYO 01', 'JL TRIMULYO RT 2/2', '', 0, '183', 0, 0, 1, '', '', 2000000, '14', 0, '', '', '', '0000-00-00 00:00:00', 1),
(44, 'EVF0228', 5, '', 'TK BU ANIK', 'JL TLOGO LILIN RT 3/5 BANJAR DOWO', '', 0, '183', 0, 0, 1, '', '', 2000000, '14', 0, '', '', '', '0000-00-00 00:00:00', 1),
(45, 'EVF0555', 5, '', 'TK BU KIM', 'JL PLEWAN RT 1 RT5/3', '', 0, '183', 0, 0, 1, '', '', 2000000, '14', 0, '', '', '', '0000-00-00 00:00:00', 1),
(46, 'EVF0354', 5, '', 'TK IBU TUTIK', 'JL TRIMULYO RT 2/2', '', 0, '183', 0, 0, 1, '', '', 2000000, '14', 0, '', '', '', '0000-00-00 00:00:00', 1),
(47, 'EVF0525', 5, '', 'TK NAVAL', 'JL TAMBAK DLM RAYA RT 1/3', '', 0, '183', 0, 0, 1, '', '', 2000000, '14', 0, '', '', '', '0000-00-00 00:00:00', 1),
(48, 'EVF096', 5, '', 'TK PAK BEJO', 'JL TAMBAK DALAM RAYA NO 5 RT1/3', '', 0, '183', 0, 0, 1, '', '', 5000000, '14', 0, '', '', '', '0000-00-00 00:00:00', 1),
(49, 'EVF0420', 5, '', 'TK SUSI', 'JL GAJAH TIMUR DLM NO 9 RT 3/8', '', 0, '183', 0, 0, 1, '', '', 2000000, '14', 0, '', '', '', '0000-00-00 00:00:00', 1),
(50, 'EVF0058', 5, '', 'TOKO NUR SHIFA', 'JL MEDOHO RAYA NO 116', '', 0, '183', 0, 0, 1, '', '', 5000000, '14', 0, '', '', '', '0000-00-00 00:00:00', 1),
(51, 'SMG1128', 5, '', 'TK PERTELON ELEKTRONIK (FANI)', 'DEPAN KECAMATAN WADAS LINTANG', '', 0, '168', 0, 0, 1, '', '', 5000000, '14', 0, '', '', '', '0000-00-00 00:00:00', 1),
(52, 'EVF0560', 5, '', 'APOTIK NURI JAYA', 'JL SEDAYU TUGU  SEMBUNG HARJO', '', 0, '183', 0, 0, 1, '', '', 2000000, '14', 0, '', '', '', '0000-00-00 00:00:00', 1),
(53, 'EVF0559', 5, '', 'TK ARYA', 'JL BANGETAYU KULON RT 3/2 DEKAT PASAR', '', 0, '183', 0, 0, 1, '', '', 2000000, '14', 0, '', '', '', '0000-00-00 00:00:00', 1),
(54, 'EVF0557', 5, '', 'TK AULIA', 'JL KWARON 2 RAYA RT 2/2', '', 0, '183', 0, 0, 1, '', '', 2000000, '14', 0, '', '', '', '0000-00-00 00:00:00', 1),
(55, 'EVF0486', 5, '', 'TK BU ASEP', 'JL BANGETAYU WETAN RT 2/1 SAMPING SMP AL ISLAM', '', 0, '183', 0, 0, 1, '', '', 2000000, '14', 0, '', '', '', '0000-00-00 00:00:00', 1),
(56, 'EVF0566', 5, '', 'TK DIVA (MBAK VIRA)', 'JL SEDAYU SAWO RAYA RT 6/2', '', 0, '183', 0, 0, 1, '', '', 2000000, '14', 0, '', '', '', '0000-00-00 00:00:00', 1),
(57, 'EVF0561', 5, '', 'TK HIDUP BARU', 'JL SEDAYU SAWO RAYA RT 6/2', '', 0, '183', 0, 0, 1, '', '', 2000000, '14', 0, '', '', '', '0000-00-00 00:00:00', 1),
(58, 'EVF0565', 5, '', 'TK IBU BADRIAH', 'PASAR GENUK (DPN TOKO IJO)', '', 0, '183', 0, 0, 1, '', '', 2000000, '14', 0, '', '', '', '0000-00-00 00:00:00', 1),
(59, 'EVF0567', 5, '', 'TK IBU BADRIYAH', 'JL PRINGGONDANI II RT 1/1 BANGETAYU WETAN SBLH SD BANGETAYU WTN 01', '', 0, '183', 0, 0, 1, '', '', 2000000, '14', 0, '', '', '', '0000-00-00 00:00:00', 1),
(60, 'EVF0564', 5, '', 'TK IBU UMI', 'JL KARANG PONCOL RT 3/2', '', 0, '183', 0, 0, 1, '', '', 2000000, '14', 0, '', '', '', '0000-00-00 00:00:00', 1),
(61, 'EVF0116', 5, '', 'TK IRNA', 'JL SEDAYU TUGU RT 6/5 KEL SEMBUNG HARJO', '', 0, '183', 0, 0, 1, '', '', 2000000, '14', 0, '', '', '', '0000-00-00 00:00:00', 1),
(62, 'EVF0562', 5, '', 'TK MBAK NUNIK', 'JL PULOSARI RT 3/4 NO 14', '', 0, '183', 0, 0, 1, '', '', 2000000, '14', 0, '', '', '', '0000-00-00 00:00:00', 1),
(63, 'EVF0563', 5, '', 'TK MBAK YULI', 'JL PULOSARI RAYA RT 2/4', '', 0, '183', 0, 0, 1, '', '', 2000000, '14', 0, '', '', '', '0000-00-00 00:00:00', 1),
(64, 'EVF0558', 5, '', 'TK NAINI', 'JL KWARON 2 RAYA RT 2/2', '', 0, '183', 0, 0, 1, '', '', 2000000, '14', 0, '', '', '', '0000-00-00 00:00:00', 1),
(65, 'EVF0526', 5, '', 'TK SALAMAH', 'JL KYAI NAWAWI RT 2/3', '', 0, '183', 0, 0, 1, '', '', 2000000, '14', 0, '', '', '', '0000-00-00 00:00:00', 1),
(66, 'EVF0570', 5, '', 'TK ANUGRAH', 'JL AL ASROR NO 5 RT 3/4', '', 0, '183', 0, 0, 1, '', '', 2000000, '14', 0, '', '', '', '0000-00-00 00:00:00', 1),
(67, 'EVF0568', 5, '', 'TK AYU', 'JL KALIALANG LAMA RT 7/1', '', 0, '183', 0, 0, 1, '', '', 2000000, '14', 0, '', '', '', '0000-00-00 00:00:00', 1),
(68, 'EVF0569', 5, '', 'TK BU HJ NUR', 'JL RAYA SEKARAN PATEMON BARU', '', 0, '183', 0, 0, 1, '', '', 2000000, '14', 0, '', '', '', '0000-00-00 00:00:00', 1),
(69, 'EVF0528', 5, '', 'TK BU SLAMET', 'JL RAYA SEKARAN RT 1/4', '', 0, '183', 0, 0, 1, '', '', 2000000, '14', 0, '', '', '', '0000-00-00 00:00:00', 1),
(70, 'EVF0126', 5, '', 'TK BU TUMINO', 'JL KALIALANG LAMA RT 7/1', '', 0, '183', 0, 0, 1, '', '', 2000000, '14', 0, '', '', '', '0000-00-00 00:00:00', 1),
(71, 'EVF0571', 5, '', 'TK RONI', 'JL RAYA SEKARAN', '', 0, '183', 0, 0, 1, '', '', 2000000, '14', 0, '', '', '', '0000-00-00 00:00:00', 1),
(72, 'EVF0361', 5, '', 'TK SOFI ASKA', 'JL DEWI SARTIKA BARAT NO 39 RT 6/3 KEL SUKOREJO', '', 0, '183', 0, 0, 1, '', '', 2000000, '14', 0, '', '', '', '0000-00-00 00:00:00', 1),
(73, 'EVF0355', 5, '', 'TK IBU ANIK NURHAYATI', 'JL TRIMULYO RT 1/2', '', 0, '183', 0, 0, 1, '', '', 2000000, '14', 0, '', '', '', '0000-00-00 00:00:00', 1),
(74, 'EVF0530', 5, '', 'SD BANDUNG REJO 01(KANTIN BU SOP)', 'JL RAYA BANDUNG REJO 01', '', 0, '183', 0, 0, 1, '', '', 2000000, '14', 1, '', '', '', '0000-00-00 00:00:00', 1),
(75, 'EVF0533', 5, '', 'SD MRANGGEN 01', 'JL RAYA MRANGGEN', '', 0, '183', 0, 0, 1, '', '', 2000000, '14', 1, '', '', '', '0000-00-00 00:00:00', 1),
(76, 'EVF0576', 5, '', 'SDN KEMBANG ARUM 02', 'JL KEMBANG ARUM RAYA  KANTIN MBAK WATIK', '', 0, '183', 0, 0, 1, '', '', 2000000, '14', 1, '', '', '', '0000-00-00 00:00:00', 1),
(77, 'EVF0580', 5, '', 'TK 58 (IBU SARBILAH)', 'JL DOLOG DPN PABRIK TRIPLEK KEMBANG ARUM RAYA', '', 0, '183', 0, 0, 1, '', '', 2000000, '14', 1, '', '', '', '0000-00-00 00:00:00', 1),
(78, 'EVF0574', 5, '', 'TK ABDUL JALAL', 'JL JAGALAN BRUMBUNG RAYA', '', 0, '183', 0, 0, 1, '', '', 2000000, '14', 1, '', '', '', '0000-00-00 00:00:00', 1),
(79, 'EVF0578', 5, '', 'TK BERKAH FOTOCOPY', 'JL KAUMAN RAYA', '', 0, '183', 0, 0, 1, '', '', 2000000, '14', 1, '', '', '', '0000-00-00 00:00:00', 1),
(80, 'EVF0579', 5, '', 'TK DESITA (IBU EKOMUJI)', 'JL RAYA KEMBANG ARUM RT 8/2', '', 0, '183', 0, 0, 1, '', '', 2000000, '14', 1, '', '', '', '0000-00-00 00:00:00', 1),
(81, 'EVF0573', 5, '', 'TK DHITA', 'JL BANDUNG REJO RAYA NO 9', '', 0, '183', 0, 0, 1, '', '', 2000000, '14', 1, '', '', '', '0000-00-00 00:00:00', 1),
(82, 'EVF0577', 5, '', 'TK MAHKOTA', 'JL JAGALAN', '', 0, '183', 0, 0, 1, '', '', 2000000, '14', 1, '', '', '', '0000-00-00 00:00:00', 1),
(83, 'EVF0575', 5, '', 'TK RAHMAN', 'JL JAGALAN BRUMBUNG RAYA', '', 0, '183', 0, 0, 1, '', '', 2000000, '14', 1, '', '', '', '0000-00-00 00:00:00', 1),
(84, 'EVF0179', 5, '', 'TK SEMBAKO DPN MAKAM', 'JL KYAI TOHIR RT 2/5', '', 0, '183', 0, 0, 1, '', '', 2000000, '14', 0, '', '', '', '0000-00-00 00:00:00', 1),
(85, 'EVF0572', 5, '', 'TK YULI', 'JL JAGALAN BRUMBUNG RAYA', '', 0, '183', 0, 0, 1, '', '', 2000000, '14', 1, '', '', '', '0000-00-00 00:00:00', 1),
(86, 'SMG1210', 5, '', 'KOH TEHAY', 'KARANG KOJO UTARA 404 A', '', 0, '183', 0, 0, 1, '', '', 50000000, '14', 0, '', '', '', '0000-00-00 00:00:00', 1),
(87, 'EVF0583', 5, '', 'SDN BATURSARI 05', 'JL PUCANG GADING KANTIN IBU SASONGKO', '', 0, '183', 0, 0, 1, '', '', 2000000, '14', 2, '', '', '', '0000-00-00 00:00:00', 1),
(88, 'EVF0581', 5, '', 'TK 99 (BU MIA)', 'JL SAPTA PRASETYA RAYA NO 21', '', 0, '183', 0, 0, 1, '', '', 2000000, '14', 0, '', '', '', '0000-00-00 00:00:00', 1),
(89, 'EVF0369', 5, '', 'TK ANANDA(MARSUDI)', 'JL PUCANG ARGO RAYA 30', '', 0, '183', 0, 0, 1, '', '', 2000000, '14', 2, '', '', '', '0000-00-00 00:00:00', 1),
(90, 'EVF0373', 5, '', 'TK BU GINO', 'JL FATMAWATI GANG 8 RT 3/2', '', 0, '183', 0, 0, 1, '', '', 2000000, '14', 2, '', '', '', '0000-00-00 00:00:00', 1),
(91, 'EVF0176', 5, '', 'TK BU MURSIH', 'JL PEDURUNGAN KIDUL 6 RT 2/1 NO 45', '', 0, '183', 0, 0, 1, '', '', 2000000, '14', 2, '', '', '', '0000-00-00 00:00:00', 1),
(92, 'EVF0378', 5, '', 'TK BU SUTRISNO', 'JL KETILENG RAYA NO 7', '', 0, '183', 0, 0, 1, '', '', 2000000, '14', 2, '', '', '', '0000-00-00 00:00:00', 1),
(93, 'EVF010', 5, '', 'TK BU WALUYO', 'JL PEDURUNGAN KIDUL RT 1/12', '', 0, '183', 0, 0, 1, '', '', 5000000, '14', 0, '', '', '', '0000-00-00 00:00:00', 1),
(94, 'EVF009', 5, '', 'TK BU WID', 'JL TANGGUL ASRI NO 34', '', 0, '183', 0, 0, 1, '', '', 5000000, '14', 2, '', '', '', '0000-00-00 00:00:00', 1),
(95, 'EVF0534', 5, '', 'TK CAHAYA', 'JL LIMAN MUKTI RAYA NO 353 RT 2/6', '', 0, '183', 0, 0, 1, '', '', 2000000, '14', 2, '', '', '', '0000-00-00 00:00:00', 1),
(96, 'EVF0438', 5, '', 'TK DINDA', 'JL PUCANG PERMAI 16 NO 2 RT 4/22', '', 0, '183', 0, 0, 1, '', '', 2000000, '14', 2, '', '', '', '0000-00-00 00:00:00', 1),
(97, 'EVF0379', 5, '', 'TK KHAIRA', 'JL LIMAN MUKTI RAYA NO 358 KEL PEG KIDUL', '', 0, '183', 0, 0, 1, '', '', 2000000, '14', 2, '', '', '', '0000-00-00 00:00:00', 1),
(98, 'EVF019', 5, '', 'TK KIA', 'JL PURWOMUKTI BARAT 1 RT 1/1', '', 0, '183', 0, 0, 1, '', '', 5000000, '14', 0, '', '', '', '0000-00-00 00:00:00', 1),
(99, 'EVF0584', 5, '', 'TK MBAK UMI PENGOBATAN PIJAT URAT', 'JL PUCANG ANOM TIMUR RAYA NO 41', '', 0, '183', 0, 0, 1, '', '', 2000000, '14', 0, '', '', '', '0000-00-00 00:00:00', 1),
(100, 'EVF020', 5, '', 'TK PAK SUTIKNO', 'JL PURWO MUKTI BARAT 1 RT 1/1', '', 0, '183', 0, 0, 1, '', '', 5000000, '14', 2, '', '', '', '0000-00-00 00:00:00', 1),
(101, 'EVF0582', 5, '', 'TK SELL KITA (IBU EKO)', 'JL PUCANG ARGO RAYA NO 70', '', 0, '183', 0, 0, 1, '', '', 2000000, '14', 2, '', '', '', '0000-00-00 00:00:00', 1),
(102, 'EVF0178', 5, '', 'TK SITI FAIDAH', 'JL GLODOK SARI RAYA', '', 0, '183', 0, 0, 1, '', '', 2000000, '14', 0, '', '', '', '0000-00-00 00:00:00', 1),
(103, 'SMG1211', 5, '', 'TK METAL', 'JL CANDI LINTANG 142 B KALIWIRO', '', 0, '168', 0, 0, 1, '', '', 5000000, '14', 0, '', '', '', '0000-00-00 00:00:00', 1),
(104, 'EVF0062', 5, '', 'SD KALICARI 02', 'JL SENDANG SARI UTARA RAYA NO 14', '', 0, '183', 0, 0, 1, '', '', 5000000, '14', 3, '', '', '', '0000-00-00 00:00:00', 1),
(105, 'EVF0049', 5, '', 'SD TLOGOSARI KULON 01', 'JL SYUHADA RAYA', '', 0, '183', 0, 0, 1, '', '', 5000000, '14', 3, '', '', '', '0000-00-00 00:00:00', 1),
(106, 'EVF0316', 5, '', 'TK ANANDA', 'JL PALEBON RAYA NO 1', '', 0, '183', 0, 0, 1, '', '', 2000000, '14', 3, '', '', '', '0000-00-00 00:00:00', 1),
(107, 'EVF0586', 5, '', 'TK BU ANI', 'JL MERPATI TIMUR DPN MI FUTUHIYAH', '', 0, '183', 0, 0, 1, '', '', 2000000, '14', 3, '', '', '', '0000-00-00 00:00:00', 1),
(108, 'EVF0460', 5, '', 'TK BU AZIZAH', 'JL WOLTER MONGINSIDI GASEM WULUNG RT 3/4', '', 0, '183', 0, 0, 1, '', '', 2000000, '14', 0, '', '', '', '0000-00-00 00:00:00', 1),
(109, 'EVF0328', 5, '', 'TK IBU YANTI', 'JL KARANG GAWANG BARAT RT 15/14', '', 0, '183', 0, 0, 1, '', '', 2000000, '14', 3, '', '', '', '0000-00-00 00:00:00', 1),
(110, 'EVF0587', 5, '', 'TK IRWAN CELL', 'JL SYUHADA RAYA NO 99', '', 0, '183', 0, 0, 1, '', '', 2000000, '14', 3, '', '', '', '0000-00-00 00:00:00', 1),
(111, 'EVF0585', 5, '', 'TK LARIS JAYA', 'JL PANDA RAYA NO 26 DPN KELURAHAN PALEBON', '', 0, '183', 0, 0, 1, '', '', 2000000, '14', 3, '', '', '', '0000-00-00 00:00:00', 1),
(112, 'EVF0588', 5, '', 'TK PUTRI (IBU WAHYUDI)', 'JL LEMBAYUNG RT 3/4 SENDANGGUO', '', 0, '183', 0, 0, 1, '', '', 2000000, '14', 0, '', '', '', '0000-00-00 00:00:00', 1),
(113, 'EVF0441', 5, '', 'TK RIZKI', 'JL SENDANGGUO SELATAN RT 11/2 SBLH TOKO BU ASKAMAH', '', 0, '183', 0, 0, 1, '', '', 2000000, '14', 3, '', '', '', '0000-00-00 00:00:00', 1),
(114, 'EVF0494', 5, '', 'TK WIRAJAYA(PAK TOTOK)', 'JL SAWI RAYA NO 2 SMPG PSR KAPLING', '', 0, '183', 0, 0, 1, '', '', 2000000, '14', 3, '', '', '', '0000-00-00 00:00:00', 1),
(115, 'EVF0393', 5, '', 'FOTOCOPY GARANG', 'JL SADEWA 7 NO 3B RT 6/5', '', 0, '183', 0, 0, 1, '', '', 2000000, '14', 4, '', '', '', '0000-00-00 00:00:00', 1),
(116, 'EVF0589', 5, '', 'IBU WATINI(GURU SDN KROBOKAN)', 'JL WIROTO RAYA 34 RT 4/7 PURIANJASMORO', '', 0, '183', 0, 0, 1, '', '', 2000000, '14', 6, '', '', '', '0000-00-00 00:00:00', 1),
(117, 'EVF0067', 5, '', 'SD BOJONG SALAMAN 1 (BU LARMI)', 'PASAR KREMPYENG', '', 0, '183', 0, 0, 1, '', '', 5000000, '14', 4, '', '', '', '0000-00-00 00:00:00', 1),
(118, 'EVF0391', 5, '', 'TK AGUS WITONO', 'JL KEDUNG BATU UTARA I/IA RT 1/7', '', 0, '183', 0, 0, 1, '', '', 2000000, '14', 0, '', '', '', '0000-00-00 00:00:00', 1),
(119, 'EVF0450', 5, '', 'TK BU UMI', 'JL BANOWATI SELATAN 2 NO 4 RT 7/1', '', 0, '183', 0, 0, 1, '', '', 2000000, '14', 4, '', '', '', '0000-00-00 00:00:00', 1),
(120, 'EVF0540', 5, '', 'TK BU WIDATI', 'JL UDOWO TIMUR 6 NO 114 RT 1/10', '', 0, '183', 0, 0, 1, '', '', 2000000, '14', 4, '', '', '', '0000-00-00 00:00:00', 1),
(121, 'EVF0451', 5, '', 'TK HERU', 'JL BANOWATI RAYA NO 47', '', 0, '183', 0, 0, 1, '', '', 2000000, '14', 4, '', '', '', '0000-00-00 00:00:00', 1),
(122, 'EVF0318', 5, '', 'TK IBU SUSANTO(32)', 'JL AYODYA PALA 32 RT 4/6', '', 0, '183', 0, 0, 1, '', '', 2000000, '14', 4, '', '', '', '0000-00-00 00:00:00', 1),
(123, 'EVF0268', 5, '', 'TK TIWANG', 'JL PERGIWATI RAYA NO 27 RT 7/6 BULU LOR', '', 0, '183', 0, 0, 1, '', '', 2000000, '14', 4, '', '', '', '0000-00-00 00:00:00', 1),
(124, 'EVF0189', 5, '', 'SD BOJONG SALAMAN 02(MAS PRAS)', 'JL PUSPONJOLO SELATAN 02', '', 0, '183', 0, 0, 1, '', '', 2000000, '14', 4, '', '', '', '0000-00-00 00:00:00', 1),
(125, 'EVF0591', 5, '', 'SDN KARANGAYU 01 KNTN BU TENTREM', 'JL KENCONOWUNGU TENGAH GG VI', '', 0, '183', 0, 0, 1, '', '', 2000000, '14', 6, '', '', '', '0000-00-00 00:00:00', 1),
(126, 'EVF0590', 5, '', 'SDN KARANGAYU 2 KNTN PAK PARIMAN', 'JL KENCONOWUNGU 4 NO 16', '', 0, '183', 0, 0, 1, '', '', 2000000, '14', 6, '', '', '', '0000-00-00 00:00:00', 1),
(127, 'EVF0595', 5, '', 'SDN TAWANG MAS 02', 'KNTN IBU YAIMAH JL TAWANG REJO SARI', '', 0, '183', 0, 0, 1, '', '', 2000000, '14', 6, '', '', '', '0000-00-00 00:00:00', 1),
(128, 'EVF0045', 5, '', 'SD TAMBAK AJI 01', 'DAERAH MANGKANG', '', 0, '183', 0, 0, 1, '', '', 5000000, '14', 5, '', '', '', '0000-00-00 00:00:00', 1),
(129, 'EVF0455', 5, '', 'TK BU HARNO ASRI', 'JL PUNDEN SARI 2 RT 6/2', '', 0, '183', 0, 0, 1, '', '', 2000000, '14', 5, '', '', '', '0000-00-00 00:00:00', 1),
(130, 'EVF0317', 5, '', 'TK BU HARTINI', 'JL KENCONO WUNGU SELATAN', '', 0, '183', 0, 0, 1, '', '', 2000000, '14', 0, '', '', '', '0000-00-00 00:00:00', 1),
(131, 'EVF0186', 5, '', 'TK BU MULYONO', 'JL PUNDEN SARI RT 7/2', '', 0, '183', 0, 0, 1, '', '', 2000000, '14', 5, '', '', '', '0000-00-00 00:00:00', 1),
(132, 'EVF0454', 5, '', 'TK BU SITI MASNUR', 'JL PUNDEN SARI RAYA RT 1/2', '', 0, '183', 0, 0, 1, '', '', 2000000, '14', 5, '', '', '', '0000-00-00 00:00:00', 1),
(133, 'EVF0452', 5, '', 'TK BU SUTARNI', 'JL PUNDEN SARI GANG 3 RT 1/2', '', 0, '183', 0, 0, 1, '', '', 2000000, '14', 5, '', '', '', '0000-00-00 00:00:00', 1),
(134, 'EVF0594', 5, '', 'TK BU TUTIK', 'JL TAWANG RAJEK WESI RT 5/4 TAWANG MAS', '', 0, '183', 0, 0, 1, '', '', 2000000, '14', 0, '', '', '', '0000-00-00 00:00:00', 1),
(135, 'EVF0592', 5, '', 'TK IBU SUWARDI', 'JL TAWANG RAJEK WESI RT 6/4 TAWANG MAS', '', 0, '183', 0, 0, 1, '', '', 2000000, '14', 6, '', '', '', '0000-00-00 00:00:00', 1),
(136, 'EVF0593', 5, '', 'TK NABILA', 'JL TAWANG REJO SARI RT 3/1 NO 39 TAWANG MAS', '', 0, '183', 0, 0, 1, '', '', 2000000, '14', 6, '', '', '', '0000-00-00 00:00:00', 1),
(137, 'EVF0187', 5, '', 'TK NUNIK', 'JL PUNDEN SARI RT 7/2', '', 0, '183', 0, 0, 1, '', '', 2000000, '14', 5, '', '', '', '0000-00-00 00:00:00', 1),
(138, 'EVF0184', 5, '', 'TK SIDODADI', 'TAMBAK AJI NO 65', '', 0, '183', 0, 0, 1, '', '', 2000000, '14', 5, '', '', '', '0000-00-00 00:00:00', 1),
(139, 'EVF0597', 5, '', 'KIOS TIKA(IBU KASMAN)', 'JL KIMAR III NO 18', '', 0, '183', 0, 0, 1, '', '', 2000000, '14', 5, '', '', '', '0000-00-00 00:00:00', 1),
(140, 'EVF0068', 5, '', 'SD JOMBLANG 2', 'JL CINDE BARAT 2 NO 8', '', 0, '183', 0, 0, 1, '', '', 5000000, '14', 5, '', '', '', '0000-00-00 00:00:00', 1),
(141, 'EVF596', 5, '', 'SDN LAMPER TENGAH 02', 'BLKG SMA 11 KELURAHAN LAMPER TENGAH', '', 0, '183', 0, 0, 1, '', '', 2000000, '14', 5, '', '', '', '0000-00-00 00:00:00', 1),
(142, 'EVF0600', 5, '', 'TK IBU SUGIATUN', 'JL TANDANG RAYA NO 21 RT 5/7', '', 0, '183', 0, 0, 1, '', '', 2000000, '14', 5, '', '', '', '0000-00-00 00:00:00', 1),
(143, 'EVF0599', 5, '', 'TK MUNCUL (PAK HADI)', 'JL CINDE SELATAN NO 25 DPN MASJID AL KHASANAH', '', 0, '183', 0, 0, 1, '', '', 2000000, '14', 5, '', '', '', '0000-00-00 00:00:00', 1),
(144, 'EVF0598', 5, '', 'TK RYAN (BU JONO)', 'JL KIMAR III NO 44 DPN LAPANGAN', '', 0, '183', 0, 0, 1, '', '', 2000000, '14', 0, '', '', '', '0000-00-00 00:00:00', 1),
(145, 'EVF0522', 5, '', 'SD SRONDOL WETAN 02 (BU NUR) KANTIN A', 'JL KARANG REJO RAYA NO 10', '', 0, '183', 0, 0, 1, '', '', 2000000, '14', 0, '', '', '', '0000-00-00 00:00:00', 1),
(146, 'EVF0208', 5, '', 'SD SRONDOL WETAN 02(BU RUSTAM)', 'JL KARANG REJO RAYA NO 10 KANTIN B', '', 0, '183', 0, 0, 1, '', '', 2000000, '14', 0, '', '', '', '0000-00-00 00:00:00', 1),
(147, 'EVF0604', 5, '', 'TK AGUNG(BU AGUNG)', 'JL JATI RAYA NO C3', '', 0, '183', 0, 0, 1, '', '', 2000000, '14', 0, '', '', '', '0000-00-00 00:00:00', 1),
(148, 'EVF0603', 5, '', 'TK BP SUPARDI', 'JL TEMUGIRING NO 57 RT 7/5', '', 0, '183', 0, 0, 1, '', '', 2000000, '14', 0, '', '', '', '0000-00-00 00:00:00', 1),
(149, 'EVF0468', 5, '', 'TK BU BAMBANG', 'JL TEMUGIRING NO 13 RT 3/5 DPN TAMAN KANAK KANAK DIPONEGORO', '', 0, '183', 0, 0, 1, '', '', 2000000, '14', 0, '', '', '', '0000-00-00 00:00:00', 1),
(150, 'EVF0601', 5, '', 'TK MBAK NOVI', 'JL RASAMALA BARAT NO 125 RT 3/4', '', 0, '183', 0, 0, 1, '', '', 2000000, '14', 0, '', '', '', '0000-00-00 00:00:00', 1),
(151, 'EVF0605', 5, '', 'TK MEKAR SARI (BP WARDI)', 'JL SUKUN RAYA NO 50', '', 0, '183', 0, 0, 1, '', '', 2000000, '14', 0, '', '', '', '0000-00-00 00:00:00', 1),
(152, 'EVF00112', 5, '', 'TK PAK BUDI SANTOSO', 'JL RASAMALA RAYA NO 18 RT 4 RW 8', '', 0, '183', 0, 0, 1, '', '', 2000000, '14', 0, '', '', '', '0000-00-00 00:00:00', 1),
(153, 'EVF0283', 5, '', 'SD KANISIUS (BU MUJIONO)', '183', '', 0, '183', 0, 0, 1, '', '', 2000000, '14', 0, '', '', '', '0000-00-00 00:00:00', 1),
(154, 'EVF0606', 5, '', 'SD NGESREP 02', 'JL JATILUHUR RT 4/5', '', 0, '183', 0, 0, 1, '', '', 2000000, '14', 0, '', '', '', '0000-00-00 00:00:00', 1),
(155, 'EVF0421', 5, '', 'TK DANI CELL', 'JL KANGURU RAYA NO 57 RT 6/9', '', 0, '183', 0, 0, 1, '', '', 2000000, '14', 0, '', '', '', '0000-00-00 00:00:00', 1),
(156, 'EVF0602', 5, '', 'TK DWI', 'JL GENUK KRAJAN 6 NO 39', '', 0, '183', 0, 0, 1, '', '', 2000000, '14', 0, '', '', '', '0000-00-00 00:00:00', 1),
(157, 'EVF0029', 5, '', 'TK JUJUR (BU WIDODO)', 'JL ELANG SARI SELATAN RT 8/5 BLOK O NO 13 PERUM DIPONEGORO', '', 0, '183', 0, 0, 1, '', '', 5000000, '14', 0, '', '', '', '0000-00-00 00:00:00', 1),
(158, 'EVF0608', 5, '', 'TK LARIS WIJAYA(BPK PONCO)', 'JL GENDONG RAYA 190 SENDANG MULYO', '', 0, '183', 0, 0, 1, '', '', 2000000, '14', 0, '', '', '', '0000-00-00 00:00:00', 1),
(159, 'EVF0338', 5, '', 'TK PAK TAMBO', 'JL JANGLI TLAWAH 5 NO 63 RT 2/5', '', 0, '183', 0, 0, 1, '', '', 2000000, '14', 0, '', '', '', '0000-00-00 00:00:00', 1),
(160, 'EVF0217', 5, '', 'TK VILLA(MBAK SAYANAH)', 'JL MANGUN HARJO RT 2/2 KEC TEMBALANG', '', 0, '183', 0, 0, 1, '', '', 2000000, '14', 0, '', '', '', '0000-00-00 00:00:00', 1),
(161, 'EVF0502', 5, '', 'TK VIRA(BP SLAMET)', 'JL MANGUNHARJO RT 3/1', '', 0, '183', 0, 0, 1, '', '', 2000000, '14', 0, '', '', '', '0000-00-00 00:00:00', 1),
(162, 'EVF0382', 5, '', 'TOKO BUNDA', 'JL GENDONG RAYA', '', 0, '183', 0, 0, 1, '', '', 2000000, '14', 0, '', '', '', '0000-00-00 00:00:00', 1),
(163, 'EVF0614', 5, '', 'SD KEMIJEN 03', 'TEGAL REJO RT 7', '', 0, '183', 0, 0, 1, '', '', 2000000, '14', 0, '', '', '', '0000-00-00 00:00:00', 1),
(164, 'EVF0524', 5, '', 'SD MUKTIHARJO LOR 01(KANTIN BU SUMINI)', 'JL SENDANG INDAH MUKTI HARJO RAYA', '', 0, '183', 0, 0, 1, '', '', 2000000, '14', 0, '', '', '', '0000-00-00 00:00:00', 1),
(165, 'EVF0610', 5, '', 'SD SAMBIREJO 01', 'JL MEDOHO RAYA', '', 0, '183', 0, 0, 1, '', '', 2000000, '14', 0, '', '', '', '0000-00-00 00:00:00', 1),
(166, 'EVF0348', 5, '', 'TK BU HARTONO', 'JL PLEWAN 3 NO 25 RT 2/3', '', 0, '183', 0, 0, 1, '', '', 2000000, '14', 0, '', '', '', '0000-00-00 00:00:00', 1),
(167, 'EVF0351', 5, '', 'TK BU SRI', 'TAMBAK DALAM RAYA NO 76', '', 0, '183', 0, 0, 1, '', '', 2000000, '14', 0, '', '', '', '0000-00-00 00:00:00', 1),
(168, 'EVF0346', 5, '', 'TK BU WARNI', 'JL PLEWAN 1 RT 10/5', '', 0, '183', 0, 0, 1, '', '', 2000000, '14', 0, '', '', '', '0000-00-00 00:00:00', 1),
(169, 'EVF0609', 5, '', 'TK BU YANTI', 'JL PLEWAN 3 NO 62  GAJAH', '', 0, '183', 0, 0, 1, '', '', 2000000, '14', 0, '', '', '', '0000-00-00 00:00:00', 1),
(170, 'EVF0611', 5, '', 'TK IBU WIDODO', 'JL CONDRO REJO RT 3/11 NO 11', '', 0, '183', 0, 0, 1, '', '', 2000000, '14', 0, '', '', '', '0000-00-00 00:00:00', 1),
(171, 'EVF0613', 5, '', 'TK RAFFI', 'JL NGABLAK KIDUL RT 2/8 MUKTIHARJO KIDUL', '', 0, '183', 0, 0, 1, '', '', 2000000, '14', 0, '', '', '', '0000-00-00 00:00:00', 1),
(172, 'EVF0612', 5, '', 'TK SITI ASROFAH', 'JL KARANG ANYAR RT 2/12 MUKTIHARJO', '', 0, '183', 0, 0, 1, '', '', 2000000, '14', 0, '', '', '', '0000-00-00 00:00:00', 1),
(173, 'EVF0615', 5, '', 'SD BANGETAYU WETAN 2(BU SRI)', 'JL SEDAYU SAWO RAYA', '', 0, '183', 0, 0, 1, '', '', 2000000, '14', 0, '', '', '', '0000-00-00 00:00:00', 1),
(174, 'EVF0617', 5, '', 'TK ANA CELL', 'JL BANGETAYU WETAN RT 3/1', '', 0, '183', 0, 0, 1, '', '', 2000000, '14', 0, '', '', '', '0000-00-00 00:00:00', 1),
(175, 'EVF0107', 5, '', 'TK BU HAMIDAH', 'JL REJOSARI 3 RT 11/4 KEL GENUKSARI', '', 0, '183', 0, 0, 1, '', '', 5000000, '14', 0, '', '', '', '0000-00-00 00:00:00', 1),
(176, 'EVF0620', 5, '', 'TK BU LASTRI', 'JL BANJARDOWO RATAN CILIK RT 2/1', '', 0, '183', 0, 0, 1, '', '', 2000000, '14', 0, '', '', '', '0000-00-00 00:00:00', 1),
(177, 'EVF0616', 5, '', 'TK BU SAE', 'JL WOLTER MONGINSIDI RAYA SMPG SD TLOGOSARI WETAN 02', '', 0, '183', 0, 0, 1, '', '', 2000000, '14', 0, '', '', '', '0000-00-00 00:00:00', 1),
(178, 'EVF0428', 5, '', 'TK BU SUNARTI', 'JL SEDAYU TUGU RT 2/4', '', 0, '183', 0, 0, 1, '', '', 2000000, '14', 0, '', '', '', '0000-00-00 00:00:00', 1),
(179, 'EVF0619', 5, '', 'TK INTAN KURNIA JAYA(BU ARIEF)', 'JL WOLTER MONGINSIDI RAYA RT 4/4', '', 0, '183', 0, 0, 1, '', '', 2000000, '14', 0, '', '', '', '0000-00-00 00:00:00', 1),
(180, 'EVF0506', 5, '', 'TK KARUNIA(PAK EXAN)', 'JL WOLTER MONGINSIDI 108', '', 0, '183', 0, 0, 1, '', '', 2000000, '14', 0, '', '', '', '0000-00-00 00:00:00', 1),
(181, 'EVF0358', 5, '', 'TK LIAQUA(MASKANAH)', 'JL GASEM RAYA NO 27 RT 2/4 SBLM JMBTN ALAS TUO', '', 0, '183', 0, 0, 1, '', '', 2000000, '14', 0, '', '', '', '0000-00-00 00:00:00', 1),
(182, 'EVF0618', 5, '', 'TK SILVIA', 'JL KARANGROTO RT 2/8 GENUK', '', 0, '183', 0, 0, 1, '', '', 2000000, '14', 0, '', '', '', '0000-00-00 00:00:00', 1),
(183, 'EVF0234', 5, '', 'SD SEKARAN 02(BU SRI)', 'JL TAMAN SISWA', '', 0, '183', 0, 0, 1, '', '', 2000000, '14', 0, '', '', '', '0000-00-00 00:00:00', 1),
(184, 'EVF0129', 5, '', 'TK BU DEBYO', 'JL DEWI SARTIKA BARAT NO 100 RT 2/2', '', 0, '183', 0, 0, 1, '', '', 2000000, '14', 0, '', '', '', '0000-00-00 00:00:00', 1),
(185, 'EVF061', 5, '', 'TK BU LANI', 'JL NGAGLIK LAMA NO 67', '', 0, '183', 0, 0, 1, '', '', 5000000, '14', 0, '', '', '', '0000-00-00 00:00:00', 1),
(186, 'EVF0127', 5, '', 'TOKO KOPI MEGA', 'JL GEBANG SEWU NO 38 RT 4/2', '', 0, '183', 0, 0, 1, '', '', 2000000, '14', 0, '', '', '', '0000-00-00 00:00:00', 1),
(187, 'EVF0527', 5, '', 'SD GISIK DRONO 03 KANTIN PAK TOPO', 'JL TAMAN SRI REJEKI TIMUR RT XI/6', '', 0, '183', 0, 0, 1, '', '', 2000000, '14', 0, '', '', '', '0000-00-00 00:00:00', 1),
(188, 'EVF0621', 5, '', 'SDN KALIBANTENG KULON 02', 'JL LEBDOSARI VIII NO 1KALIBANTENG KULON', '', 0, '183', 0, 0, 1, '', '', 2000000, '14', 0, '', '', '', '0000-00-00 00:00:00', 1),
(189, 'EVF0263', 5, '', 'SDN MANYARAN 03', 'JL BOROBUDUR UTARA (KANTIN BU DARMANTO)', '', 0, '183', 0, 0, 1, '', '', 2000000, '14', 0, '', '', '', '0000-00-00 00:00:00', 1),
(190, 'EVF0483', 5, '', 'TK MBAK LILIS', 'JL PATEMON RT 1/4 SEKARAN', '', 0, '183', 0, 0, 1, '', '', 2000000, '14', 0, '', '', '', '0000-00-00 00:00:00', 1),
(191, 'EVF0236', 5, '', 'SD SADENG 03(KANTIN MBK WARSI)', 'KAMPUNG JOGO PRONO', '', 0, '183', 0, 0, 1, '', '', 2000000, '14', 0, '', '', '', '0000-00-00 00:00:00', 1),
(192, 'EVF0626', 5, '', 'PAK SUMARDI PAK BON SD BANDUNG REJO 02', 'JL BANDUNG REJO  RT7/6', '', 0, '183', 0, 0, 1, '', '', 2000000, '14', 1, '', '', '', '0000-00-00 00:00:00', 1),
(193, 'EVF0531', 5, '', 'SD KEMBANG ARUM 01(KANTIN IBU ARUM)', 'JL RAYA KEMBANG ARUM', '', 0, '183', 0, 0, 1, '', '', 2000000, '14', 1, '', '', '', '0000-00-00 00:00:00', 1),
(194, 'EVF0250', 5, '', 'TK ARINA', 'JL KH TOHIR RT 2/5', '', 0, '183', 0, 0, 1, '', '', 2000000, '14', 1, '', '', '', '0000-00-00 00:00:00', 1),
(195, 'EVF0624', 5, '', 'TK BU BAMBANG', 'JL JATI KUSUMA RAYA RT 5/4', '', 0, '183', 0, 0, 1, '', '', 2000000, '14', 1, '', '', '', '0000-00-00 00:00:00', 1),
(196, 'EVF0622', 5, '', 'TK BU JURIYAH', 'JL JAGALAN BRUMBUNG', '', 0, '183', 0, 0, 1, '', '', 2000000, '14', 0, '', '', '', '0000-00-00 00:00:00', 1),
(197, 'EVF0628', 5, '', 'TK DWINDA (SALON DWINDA)', 'JL KEMBANG ARUM RAYA RT 5/4', '', 0, '183', 0, 0, 1, '', '', 2000000, '14', 1, '', '', '', '0000-00-00 00:00:00', 1),
(198, 'EVF0627', 5, '', 'TK IBU MAMI', 'JL BANDUNG REJO RT 2/6', '', 0, '183', 0, 0, 1, '', '', 2000000, '14', 1, '', '', '', '0000-00-00 00:00:00', 1),
(199, 'EVF0043', 5, '', 'TOKO BU ICA', 'JL KETILENG ASPOL', '', 0, '183', 0, 0, 1, '', '', 5000000, '14', 1, '', '', '', '0000-00-00 00:00:00', 1),
(200, 'EVF0625', 5, '', 'TK KARTIKA', 'JL BATUR SARI RAYA RT 2/1', '', 0, '183', 0, 0, 1, '', '', 2000000, '14', 0, '', '', '', '0000-00-00 00:00:00', 1),
(201, 'EVF0013', 5, '', 'WARUNG POJOK', 'JL KELAPA SAWIT VIII B 78 PLAMONGAN INDAH', '', 0, '183', 0, 0, 1, '', '', 5000000, '14', 0, '', '', '', '0000-00-00 00:00:00', 1),
(202, 'EVF0623', 5, '', 'TK MBAK AMBAR', 'JL PERUM LENTERA PRIGI BLOK C NO 47 KAUMAN', '', 0, '183', 0, 0, 1, '', '', 2000000, '14', 1, '', '', '', '0000-00-00 00:00:00', 1),
(203, 'EVF0237', 5, '', 'TK MBAK NINIK', 'JL JASMINE PARK DPN MUKTI SPORT', '', 0, '183', 0, 0, 1, '', '', 2000000, '14', 1, '', '', '', '0000-00-00 00:00:00', 1),
(204, 'SMG1238', 5, '', 'TK ADITYA JAYA ELEKTRONIK', 'PARANG KUSUMO I/19', '', 0, '183', 0, 0, 1, '', '', 5000000, '14', 0, '', '', '', '0000-00-00 00:00:00', 1),
(205, 'EVF0161', 5, '', 'FAJAR JAYA', 'JL PUCANG KARYA 17 NO 8', '', 0, '183', 0, 0, 1, '', '', 2000000, '14', 2, '', '', '', '0000-00-00 00:00:00', 1),
(206, 'EVF0629', 5, '', 'SD PEDURUNGAN KIDUL 01', 'BRIGJEN SUDIARTO KM 10', '', 0, '183', 0, 0, 1, '', '', 2000000, '14', 2, '', '', '', '0000-00-00 00:00:00', 1),
(207, 'EVF0368', 5, '', 'TK BU ENDANG (DANIS)', 'JL PUCANG ARGO RAYA 14 RT 2/25', '', 0, '183', 0, 0, 1, '', '', 2000000, '14', 2, '', '', '', '0000-00-00 00:00:00', 1),
(208, 'EVF0637', 5, '', 'TK BU ALI', 'JL PUCANGSARI III NO 6 RT 3/17', '', 0, '183', 0, 0, 1, '', '', 2000000, '14', 0, '', '', '', '0000-00-00 00:00:00', 1),
(209, 'EVF0631', 5, '', 'TK BU RASMI', 'JL PEDURUNGAN KIDUL IV RT 3/1', '', 0, '183', 0, 0, 1, '', '', 2000000, '14', 2, '', '', '', '0000-00-00 00:00:00', 1),
(210, 'EVF0634', 5, '', 'TK BU SUNARI', 'JL FATMAWATI RAYA', '', 0, '183', 0, 0, 1, '', '', 2000000, '14', 2, '', '', '', '0000-00-00 00:00:00', 1),
(211, 'EVF0636', 5, '', 'TK BU TRISNA', 'JL PUCANINGGERO RAYA NO 24 RT 8/14', '', 0, '183', 0, 0, 1, '', '', 2000000, '14', 2, '', '', '', '0000-00-00 00:00:00', 1),
(212, 'EVF0630', 5, '', 'TK KELUARGA', 'JL PEDURUNGAN KIDUL NO 56 RT 4/1', '', 0, '183', 0, 0, 1, '', '', 2000000, '14', 2, '', '', '', '0000-00-00 00:00:00', 1),
(213, 'EVF0633', 5, '', 'TK LUKI', 'JL BUMI WANAMUKTI B2 NO 22', '', 0, '183', 0, 0, 1, '', '', 2000000, '14', 0, '', '', '', '0000-00-00 00:00:00', 1),
(214, 'EVF0632', 5, '', 'TK MEKAR MUKTI', 'JL BUMI WANAMUKTI BLOK H3 NO 1 SBLH MASJID NURUL HUDA', '', 0, '183', 0, 0, 1, '', '', 2000000, '14', 2, '', '', '', '0000-00-00 00:00:00', 1),
(215, 'EVF090', 5, '', 'TOKO ADEM AYEM', 'JL KETILENG RAYA NO 210', '', 0, '183', 0, 0, 1, '', '', 5000000, '14', 2, '', '', '', '0000-00-00 00:00:00', 1),
(216, 'EVF0241', 5, '', 'TK BU KARTINI', 'JL BATURSARI RAYA RT 2/1', '', 0, '183', 0, 0, 1, '', '', 2000000, '14', 1, '', '', '', '0000-00-00 00:00:00', 1),
(217, 'EVF0072', 5, '', 'MI TARBIYATUL KHOIROT', 'JL SUPRIYADI NO 108', '', 0, '183', 0, 0, 1, '', '', 5000000, '14', 3, '', '', '', '0000-00-00 00:00:00', 1),
(218, 'EVF0642', 5, '', 'SD TLOGOSARI KULON 03(BU SARNO)', 'JL PARANG KEMBANG RAYA NO 24', '', 0, '183', 0, 0, 1, '', '', 2000000, '14', 3, '', '', '', '0000-00-00 00:00:00', 1),
(219, 'EVF0638', 5, '', 'TK BU LEMAN', 'JL MUARDI TIMUR 9 N0 2 RT 2/5', '', 0, '183', 0, 0, 1, '', '', 2000000, '14', 3, '', '', '', '0000-00-00 00:00:00', 1),
(220, 'EVF0640', 5, '', 'TK BU LUKMAN', 'JL MUARDI TIMUR NO 4 RT 2/5', '', 0, '183', 0, 0, 1, '', '', 2000000, '14', 3, '', '', '', '0000-00-00 00:00:00', 1),
(221, 'EVF0219', 5, '', 'TK BU MARTOYO', 'JL KARANG GAWANG BARU RT 9/6 NO 212', '', 0, '183', 0, 0, 1, '', '', 2000000, '14', 3, '', '', '', '0000-00-00 00:00:00', 1),
(222, 'EVF0639', 5, '', 'TK BU SUROSO', 'JL MUARDI TIMUR 2 NO 17', '', 0, '183', 0, 0, 1, '', '', 2000000, '14', 3, '', '', '', '0000-00-00 00:00:00', 1),
(223, 'EVF0053', 5, '', 'TK BU TINI', 'JL SINGA UTARA NO 50 RT 06/04', '', 0, '183', 0, 0, 1, '', '', 5000000, '14', 3, '', '', '', '0000-00-00 00:00:00', 1),
(224, 'EVF0313', 5, '', 'TK BU TOHIRIN', 'JL SENDANG GUO SELATAN RT 12/2 NO 24', '', 0, '183', 0, 0, 1, '', '', 2000000, '14', 3, '', '', '', '0000-00-00 00:00:00', 1),
(225, 'EVF359', 5, '', 'TK BU WIJI', 'JL. KETILENG BLOK K NO 240 C RT 4/13', '', 0, '183', 0, 0, 1, '', '', 2000000, '14', 2, '', '', '', '0000-00-00 00:00:00', 1),
(226, 'EVF0493', 5, '', 'TK BU YAH', 'JL KABA TIMUR RT 6/13 TANDANG', '', 0, '183', 0, 0, 1, '', '', 2000000, '14', 3, '', '', '', '0000-00-00 00:00:00', 1),
(227, 'EVF0641', 5, '', 'TK ELIM', 'JL PANDA BARAT 1 N0 11', '', 0, '183', 0, 0, 1, '', '', 2000000, '14', 3, '', '', '', '0000-00-00 00:00:00', 1),
(228, 'EVF0647', 5, '', 'TK FAJAR(PAK AGUS HANDOYO)', 'JL SENDANG UTARA III RT 8/9', '', 0, '183', 0, 0, 1, '', '', 2000000, '14', 0, '', '', '', '0000-00-00 00:00:00', 1),
(229, 'EVF0646', 5, '', 'TK IBU SUPARMI(BENGKEL SURYA JAYA)', 'JL FATMAWATI KP AMPOSARI RT7/3', '', 0, '183', 0, 0, 1, '', '', 2000000, '14', 3, '', '', '', '0000-00-00 00:00:00', 1),
(230, 'EVF0645', 5, '', 'TK KUSUMA (IBU AGUNG)', 'JL FATMAWATI KP TEGAL KANGKUNG RT5/2', '', 0, '183', 0, 0, 1, '', '', 2000000, '14', 3, '', '', '', '0000-00-00 00:00:00', 1),
(231, 'EVF0197', 5, '', 'TK YANTI', 'JL KENANGA 3 RT 4/2 GEDAWANG', '', 0, '183', 0, 0, 1, '', '', 2000000, '14', 0, '', '', '', '0000-00-00 00:00:00', 1),
(232, 'EVF0643', 5, '', 'SD TLOGOSARI KULON 05 (BU ADAN', 'JL KEMBANG JERUK RAYA 6', '', 0, '183', 0, 0, 1, '', '', 2000000, '14', 3, '', '', '', '0000-00-00 00:00:00', 1),
(233, 'EVF0648', 5, '', 'SD AL IRSYAD', 'JL PETEK NO 82', '', 0, '183', 0, 0, 1, '', '', 2000000, '14', 4, '', '', '', '0000-00-00 00:00:00', 1),
(234, 'EVF0074', 5, '', 'SD BULU STALAN 01', 'BELAKANG PASAR BULU', '', 0, '183', 0, 0, 1, '', '', 5000000, '14', 4, '', '', '', '0000-00-00 00:00:00', 1),
(235, 'EVF0649', 5, '', 'SD KUNINGAN 04(BU ELI)', 'JL KERAPU RAYA NO 1', '', 0, '183', 0, 0, 1, '', '', 2000000, '14', 4, '', '', '', '0000-00-00 00:00:00', 1),
(236, 'EVF0650', 5, '', 'SD DADAPSARI', 'JL PETEK NO 117', '', 0, '183', 0, 0, 1, '', '', 2000000, '14', 4, '', '', '', '0000-00-00 00:00:00', 1),
(237, 'EVF0542', 5, '', 'SD PURWOSARI 02(KANTIN MBAK TARI)', 'JL PURWOSARI PERBALAN GANG i', '', 0, '183', 0, 0, 1, '', '', 2000000, '14', 4, '', '', '', '0000-00-00 00:00:00', 1),
(238, 'EVF0651', 5, '', 'TK ANI', 'JL PETEK NO 101', '', 0, '183', 0, 0, 1, '', '', 2000000, '14', 4, '', '', '', '0000-00-00 00:00:00', 1),
(239, 'EVF0654', 5, '', 'TK BERKAT', 'JL CEMPOLO REJO RAYA NO 15 PSR KARANGAYU', '', 0, '183', 0, 0, 1, '', '', 2000000, '14', 6, '', '', '', '0000-00-00 00:00:00', 1),
(240, 'EVF0655', 5, '', 'TK BU ENI (ICHA CELL0', 'JL CEMPOLO REJO I NO 17 RT 3/3', '', 0, '183', 0, 0, 1, '', '', 2000000, '14', 0, '', '', '', '0000-00-00 00:00:00', 1),
(241, 'EVF0521', 5, '', 'TK BU PARMI', 'JL BANOWATI TENGAH 1 NO 13 RT 5/5', '', 0, '183', 0, 0, 1, '', '', 2000000, '14', 4, '', '', '', '0000-00-00 00:00:00', 1),
(242, 'EVF0657', 5, '', 'TK HIDAYAH(MBAK IDA)', 'JL JONGGRING SALOKO III NO 12 RT 5/12', '', 0, '183', 0, 0, 1, '', '', 2000000, '14', 0, '', '', '', '0000-00-00 00:00:00', 1),
(243, 'EVF0511', 5, '', 'TK PAK LEGIMAN', 'JL BANOWATI TENGAH GANG 4 NO 380 RT 3/5', '', 0, '183', 0, 0, 1, '', '', 2000000, '14', 4, '', '', '', '0000-00-00 00:00:00', 1),
(244, 'EVF0653', 5, '', 'TK POJOK PAK JOKO', 'JL PAMULARSIH 1 NO 2 RT 6/8', '', 0, '183', 0, 0, 1, '', '', 2000000, '14', 4, '', '', '', '0000-00-00 00:00:00', 1),
(245, 'EVF0652', 5, '', 'TK SATRIA HASANUDIN (BU IMAM)', 'JL SATRIA RAYA', '', 0, '183', 0, 0, 1, '', '', 2000000, '14', 4, '', '', '', '0000-00-00 00:00:00', 1),
(246, 'EVF0656', 5, '', 'TK TITA(IBU BAHARUDIN)', 'JL JONGGRING SALOKO I RT 7/13', '', 0, '183', 0, 0, 1, '', '', 2000000, '14', 0, '', '', '', '0000-00-00 00:00:00', 1),
(247, 'EVF0658', 5, '', 'SDN PURWOSARI 01', 'JL PETEK PSR PERBALAN', '', 0, '183', 0, 0, 1, '', '', 2000000, '14', 0, '', '', '', '0000-00-00 00:00:00', 1),
(248, 'EVF0456', 5, '', 'TK BERKAH PUTRA', 'JL WALI SONGO RAYA RT 8/3', '', 0, '183', 0, 0, 1, '', '', 2000000, '14', 5, '', '', '', '0000-00-00 00:00:00', 1),
(249, 'EVF0185', 5, '', 'TK BU SURANI', 'JL PUNDEN SARI RT 1/2 NO 16', '', 0, '183', 0, 0, 1, '', '', 2000000, '14', 5, '', '', '', '0000-00-00 00:00:00', 1),
(250, 'EVF0510', 5, '', 'WARUNG BU MASIATUN', 'JL KARANG ANYAR RAYA RT 5/1', '', 0, '183', 0, 0, 1, '', '', 2000000, '14', 5, '', '', '', '0000-00-00 00:00:00', 1),
(251, 'EVF0541', 5, '', 'SD KARANG KIDUL', 'JL MT HARYONO', '', 0, '183', 0, 0, 1, '', '', 2000000, '14', 5, '', '', '', '0000-00-00 00:00:00', 1),
(252, 'EVF0659', 5, '', 'SD KEMBANG ARUM 02', 'JL HILIR SAPTA MARGA II KALIBANTENG', '', 0, '183', 0, 0, 1, '', '', 2000000, '14', 0, '', '', '', '0000-00-00 00:00:00', 1),
(253, 'EVF0280', 5, '', 'SD KRAPYAK(IBU GIMIN)', 'JL WARIGARIT RAYA', '', 0, '183', 0, 0, 1, '', '', 2000000, '14', 0, '', '', '', '0000-00-00 00:00:00', 1),
(254, 'EVF0278', 5, '', 'TK 29 (IBU HARTINI)', 'JL KARANG SARI 3 NO 29', '', 0, '183', 0, 0, 1, '', '', 2000000, '14', 5, '', '', '', '0000-00-00 00:00:00', 1),
(255, 'EVF0660', 5, '', 'TK WARUNG SARI (IBU YUSUP)', 'JL HILIR SAPTA MARGA II RT 4/4 KALIBANTENG', '', 0, '183', 0, 0, 1, '', '', 2000000, '14', 0, '', '', '', '0000-00-00 00:00:00', 1),
(256, 'EVF0381', 5, '', 'MINI MARKET MADINA', 'JL AMPOSARI BARAT GEMAH DPN DEPSOS/BAKSO KOTAK', '', 0, '183', 0, 0, 1, '', '', 2000000, '14', 6, '', '', '', '0000-00-00 00:00:00', 1),
(257, 'EVF0662', 5, '', 'SDN KUNINGAN (IBU PRAPTO)', 'JL DELTA MAS RT 6/4 TANAH MAS HASANUDIN', '', 0, '183', 0, 0, 1, '', '', 2000000, '14', 6, '', '', '', '0000-00-00 00:00:00', 1),
(258, 'EVF0663', 5, '', 'TK 4 PUTRA', 'KENCONO WUNGU SELATAN 3 NO 15 RT 7/1', '', 0, '183', 0, 0, 1, '', '', 2000000, '14', 6, '', '', '', '0000-00-00 00:00:00', 1),
(259, 'EVF0661', 5, '', 'TK MBAK YANTI', 'JL BEDAS UTARA 228 B RT 5/8 KUNINGAN TANAH MAS', '', 0, '183', 0, 0, 1, '', '', 2000000, '14', 6, '', '', '', '0000-00-00 00:00:00', 1),
(260, 'EVF0063', 5, '', 'SD LAMPER TENGAH 01', 'JL KEDONDONG DALAM 6', '', 0, '183', 0, 0, 1, '', '', 5000000, '14', 6, '', '', '', '0000-00-00 00:00:00', 1),
(261, 'EVF0665', 5, '', 'TK BU AYU', 'JL LAMPER TENGAH 12 RT 4/8', '', 0, '183', 0, 0, 1, '', '', 2000000, '14', 6, '', '', '', '0000-00-00 00:00:00', 1),
(262, 'EVF0462', 5, '', 'TK BU DRAJAT', 'JL LAMPER TENGAH GANG 12 NO 12 RT 1/8', '', 0, '183', 0, 0, 1, '', '', 2000000, '14', 6, '', '', '', '0000-00-00 00:00:00', 1),
(263, 'EVF0664', 5, '', 'TK BU KRIS', 'JL KEDONDONG DLM NO 21', '', 0, '183', 0, 0, 1, '', '', 2000000, '14', 0, '', '', '', '0000-00-00 00:00:00', 1),
(264, 'EVF0667', 5, '', 'TK BU SRI EKO', 'JL LAMPER TENGAH 12 RT 4/8', '', 0, '183', 0, 0, 1, '', '', 2000000, '14', 6, '', '', '', '0000-00-00 00:00:00', 1),
(265, 'EVF0500', 5, '', 'TK BU WITO', 'JL JERUK 5 NO 26 RT 6/4', '', 0, '183', 0, 0, 1, '', '', 2000000, '14', 6, '', '', '', '0000-00-00 00:00:00', 1),
(266, 'EVF0666', 5, '', 'TK VINA', 'JL TAMAN DURIAN IA', '', 0, '183', 0, 0, 1, '', '', 2000000, '14', 6, '', '', '', '0000-00-00 00:00:00', 1),
(267, 'EVF00106', 5, '', 'SD MERANTI 3', 'JL GAHARU RAYA', '', 0, '183', 0, 0, 1, '', '', 2000000, '14', 0, '', '', '', '0000-00-00 00:00:00', 1),
(268, 'EVF0399', 5, '', 'TK BALQIS', 'JL MERANTI TIMUR DLM 4 NO 117 RT 2/1', '', 0, '183', 0, 0, 1, '', '', 2000000, '14', 0, '', '', '', '0000-00-00 00:00:00', 1),
(269, 'EVF0607', 5, '', 'DANI CELL', 'JL JATILUHUR NO 193 RT 4/5', '', 0, '183', 0, 0, 1, '', '', 2000000, '14', 0, '', '', '', '0000-00-00 00:00:00', 1),
(270, 'EVF0672', 5, '', 'SMPN 33 (KANTIN CINTA)', 'JL MANGUN HARJO', '', 0, '183', 0, 0, 1, '', '', 2000000, '14', 0, '', '', '', '0000-00-00 00:00:00', 1),
(271, 'EVF0770', 5, '', 'TK BERKAH (PAK MAHRUS)', 'JL RAYA METESEH ROWOSARI NO 9', '', 0, '183', 0, 0, 1, '', '', 2000000, '14', 0, '', '', '', '0000-00-00 00:00:00', 1),
(272, 'EVF0403', 5, '', 'TK BOBBY', 'JL JANGLI KRAJAN RAYA RT 8/6 NO H7', '', 0, '183', 0, 0, 1, '', '', 2000000, '14', 0, '', '', '', '0000-00-00 00:00:00', 1),
(273, 'EVF0514', 5, '', 'TK BU DARSIH', 'JL MANGUN HARJO RT 1/1', '', 0, '183', 0, 0, 1, '', '', 2000000, '14', 0, '', '', '', '0000-00-00 00:00:00', 1),
(274, 'EVF0668', 5, '', 'TK BU SUYANTO', 'JL GENUK BARU RT 2/7 TEGALSARI', '', 0, '183', 0, 0, 1, '', '', 2000000, '14', 0, '', '', '', '0000-00-00 00:00:00', 1),
(275, 'E VF0668', 5, '', 'TK LARISSA', 'JL JANGLI TLAWAH 5 NO 6', '', 0, '183', 0, 0, 1, '', '', 2000000, '14', 0, '', '', '', '0000-00-00 00:00:00', 1),
(276, 'EVF0671', 5, '', 'TK MANGUNHARJO(IBU SITI)', 'JL MANGUNHARJO LAMA RT 1/2', '', 0, '183', 0, 0, 1, '', '', 2000000, '14', 0, '', '', '', '0000-00-00 00:00:00', 1),
(277, 'EVF0213', 5, '', 'BU PARMI', 'JL KELUD SELATAN 2 NO 20 RT 4/5', '', 0, '183', 0, 0, 1, '', '', 2000000, '14', 0, '', '', '', '0000-00-00 00:00:00', 1),
(278, 'EVF0670', 5, '', 'SMP 13 (KANTIN IBU NOVI)', 'JL LAMONGAN RAYA', '', 0, '183', 0, 0, 1, '', '', 2000000, '14', 0, '', '', '', '0000-00-00 00:00:00', 1),
(279, 'EVF0412', 5, '', 'TK BU EKO', 'JL MENOREH UTARA 13 RT 10/1 SAMPANGAN', '', 0, '183', 0, 0, 1, '', '', 2000000, '14', 0, '', '', '', '0000-00-00 00:00:00', 1),
(280, 'EVF0415', 5, '', 'TK BU LESTARI(HARNO)', 'JL MENOREH UTARA XI RT 8/1 SAMPANGAN', '', 0, '183', 0, 0, 1, '', '', 2000000, '14', 0, '', '', '', '0000-00-00 00:00:00', 1),
(281, 'EVF0329', 5, '', 'TK BU NUGROHO', 'JL NANAS NO 22 RT 4/7', '', 0, '183', 0, 0, 1, '', '', 2000000, '14', 6, '', '', '', '0000-00-00 00:00:00', 1),
(282, 'EVF0409', 5, '', 'TK BU ROSMINA', 'JL LEMPONGSARI RAYA (PINGGIR JLN RAYA)', '', 0, '183', 0, 0, 1, '', '', 2000000, '14', 0, '', '', '', '0000-00-00 00:00:00', 1),
(283, 'EVF0406', 5, '', 'TK BU SUM', 'JL SAMPANGAN 2 NO 4 RT 2/1', '', 0, '183', 0, 0, 1, '', '', 2000000, '14', 0, '', '', '', '0000-00-00 00:00:00', 1),
(284, 'EVF0471', 5, '', 'TK BU ZAID', 'JL MENOREH UTARA 9 RT 15/1', '', 0, '183', 0, 0, 1, '', '', 2000000, '14', 0, '', '', '', '0000-00-00 00:00:00', 1),
(285, 'EVF0669', 5, '', 'TK IPO', 'JL LAMONGAN II NO 85 RT 4/1 BENDAN NGISOR', '', 0, '183', 0, 0, 1, '', '', 2000000, '14', 0, '', '', '', '0000-00-00 00:00:00', 1),
(286, 'EVF0413', 5, '', 'TK MBAK UUN', 'JL MENOREH UTARA 12 RT 6/ SAMPANGAN', '', 0, '183', 0, 0, 1, '', '', 2000000, '14', 0, '', '', '', '0000-00-00 00:00:00', 1),
(287, 'EVF0474', 5, '', 'TK NABILA', 'JL MENOREH TENGAH VIII RT 2/4', '', 0, '183', 0, 0, 1, '', '', 2000000, '14', 0, '', '', '', '0000-00-00 00:00:00', 1),
(288, 'EVF0673', 5, '', 'TK PAK SARMAN', 'JL LAMONGAN RAYA 1 DEKAT JEMBATAN', '', 0, '183', 0, 0, 1, '', '', 2000000, '14', 0, '', '', '', '0000-00-00 00:00:00', 1),
(289, 'EVF062', 5, '', 'TK PAK MARJI', 'JL NGAGLIK LAMA NO 48 RT3/1', '', 0, '183', 0, 0, 1, '', '', 5000000, '14', 0, '', '', '', '0000-00-00 00:00:00', 1),
(290, 'EVF0674', 5, '', 'TK PAK WE', 'JL TAMAN KELUD NO 7', '', 0, '183', 0, 0, 1, '', '', 2000000, '14', 0, '', '', '', '0000-00-00 00:00:00', 1),
(291, 'EVF0476', 5, '', 'TK BU MARNI', 'JL MARGOSARI RT 6/7 SAWAH BESAR', '', 0, '183', 0, 0, 1, '', '', 2000000, '14', 0, '', '', '', '0000-00-00 00:00:00', 1),
(292, 'EVF0676', 5, '', 'TK BU RINA', 'JL DEMPEL BARAT I', '', 0, '183', 0, 0, 1, '', '', 2000000, '14', 0, '', '', '', '0000-00-00 00:00:00', 1),
(293, 'EVF0675', 5, '', 'TK ERMA', 'JL KARANG INGAS RT 2/4', '', 0, '183', 0, 0, 1, '', '', 2000000, '14', 0, '', '', '', '0000-00-00 00:00:00', 1),
(294, 'EVF0424', 5, '', 'TK FIKA (BU RENI)', 'JL KANGURU RAYA NO 24 RT 3/4', '', 0, '183', 0, 0, 1, '', '', 2000000, '14', 0, '', '', '', '0000-00-00 00:00:00', 1),
(295, 'EVF0477', 5, '', 'TK MBAK MAYA', 'JL MARGOSARI RT 2/7 DPN SD SAWAH BESAR 02', '', 0, '183', 0, 0, 1, '', '', 2000000, '14', 0, '', '', '', '0000-00-00 00:00:00', 1),
(296, 'EVF0347', 5, '', 'TK PAK AGUS', 'JL PLEWAN 2 RT 4/3', '', 0, '183', 0, 0, 1, '', '', 2000000, '14', 0, '', '', '', '0000-00-00 00:00:00', 1),
(297, 'SMG0037', 5, '', 'SD BANGETAYU KULON', 'JL BANGETAYU RAYA', '', 0, '183', 0, 0, 1, '', '', 5000000, '14', 0, '', '', '', '0000-00-00 00:00:00', 1),
(298, 'EVF0480', 5, '', 'TK BERKAH(BU SUMIYATUN)', 'BANGETAYU WETAN RT 3/1', '', 0, '183', 0, 0, 1, '', '', 2000000, '14', 0, '', '', '', '0000-00-00 00:00:00', 1),
(299, 'EVF0109', 5, '', 'TK BU ASMILAH', 'JL REJOSARI 1 RT 4/4 DPN MUSHOLA KEL GENUKSARI', '', 0, '183', 0, 0, 1, '', '', 5000000, '14', 0, '', '', '', '0000-00-00 00:00:00', 1),
(300, 'EVF0110', 5, '', 'TK BU MUJIATUN', 'JL PULOSARI 2 RT 3/4 KEL GENUKSARI', '', 0, '183', 0, 0, 1, '', '', 5000000, '14', 0, '', '', '', '0000-00-00 00:00:00', 1),
(301, 'EVF0683', 5, '', 'TK BU SUNIAH', 'JL BANGETAYU MULYO RT 5/1 BLKG KELURAHAN BGTAYU WETAN', '', 0, '183', 0, 0, 1, '', '', 2000000, '14', 0, '', '', '', '0000-00-00 00:00:00', 1),
(302, 'EVF00129', 5, '', 'TOKO HIDUP BARU', 'JL WOLTER MONGINSIDI, GENUK', '', 0, '183', 0, 0, 1, '', '', 2000000, '14', 0, '', '', '', '0000-00-00 00:00:00', 1),
(303, 'EVF0681', 5, '', 'TK RIZKI', 'JL CILOSARI DLM V RT 5/6 KALIGAWE', '', 0, '183', 0, 0, 1, '', '', 2000000, '14', 0, '', '', '', '0000-00-00 00:00:00', 1),
(304, 'EVF0482', 5, '', 'TK AISYAH', 'JL KALIMASADA GANG ABIMANYU RT 2/8 SEKARAN', '', 0, '183', 0, 0, 1, '', '', 2000000, '14', 0, '', '', '', '0000-00-00 00:00:00', 1),
(305, 'EVF00137', 5, '', 'TK HJ NUR', 'JL RAYA PATEMON BARU NO 95, GUNUNG PATI', '', 0, '183', 0, 0, 1, '', '', 2000000, '14', 0, '', '', '', '0000-00-00 00:00:00', 1),
(306, 'EVF0686', 5, '', 'TK MAKMUR', 'JL TAMAN SISWA NO 75', '', 0, '183', 0, 0, 1, '', '', 2000000, '14', 0, '', '', '', '0000-00-00 00:00:00', 1),
(307, 'EVF0684', 5, '', 'TK MAS HERI', 'JL TRANGKIL JL KOL HARDIYANTO  RT1/10', '', 0, '183', 0, 0, 1, '', '', 2000000, '14', 0, '', '', '', '0000-00-00 00:00:00', 1),
(308, 'EVF0685', 5, '', 'TK MBAK PUTMIYATI', 'JL NAKULO RT 1/5', '', 0, '183', 0, 0, 1, '', '', 2000000, '14', 0, '', '', '', '0000-00-00 00:00:00', 1),
(309, 'EVF00124', 5, '', 'TK SUMBER REJEKI, BU DARMI', 'JL DEWI SARTIKA BARAT 8 NO 5 RT 3/2', '', 0, '183', 0, 0, 1, '', '', 2000000, '14', 0, '', '', '', '0000-00-00 00:00:00', 1);
INSERT INTO `customer` (`id`, `kode_customer`, `id_tipe`, `no_npwp`, `nama`, `alamat`, `no_telp`, `id_prov`, `id_kota`, `id_kec`, `hutang`, `kantor`, `nama_pic`, `no_telp_pic`, `plafon_kredit`, `dop`, `kode_kunjungan`, `namacs_wp`, `npwp_wp`, `alamat_cs`, `tanggal_pendaftaran`, `status_aktif`) VALUES
(310, 'EVF0687', 5, '', 'TK TANGGUH', 'JL BANARAN BARAT 9A', '', 0, '183', 0, 0, 1, '', '', 2000000, '14', 0, '', '', '', '0000-00-00 00:00:00', 1),
(311, 'EVF0680', 5, '', 'TK BU SULI', 'JL BATUR SARI III RT 1/9 TAMBAK DALAM SAWAH BESAR', '', 0, '183', 0, 0, 1, '', '', 2000000, '14', 0, '', '', '', '0000-00-00 00:00:00', 1),
(312, 'EVF0679', 5, '', 'TK IJO(IBU DAR)', 'JL TAMBAK DALAM RT 3/3 SAWAH BESAR', '', 0, '183', 0, 0, 1, '', '', 2000000, '14', 0, '', '', '', '0000-00-00 00:00:00', 1),
(313, 'EVF0682', 5, '', 'TK MBAK LIS SUMIYATI', 'JL CILOSARI DLM GANG I RT 4/7 KALIGAWE', '', 0, '183', 0, 0, 1, '', '', 2000000, '14', 0, '', '', '', '0000-00-00 00:00:00', 1),
(314, 'EVF0692', 5, '', 'SMP NEGERI 01 KARANGAWEN', 'KANTIN PAK SUDARMIN JL RAYA KARANGAWEN', '', 0, '183', 0, 0, 1, '', '', 2000000, '14', 1, '', '', '', '0000-00-00 00:00:00', 1),
(315, 'EVF0688', 5, '', 'TK BU MUS', 'JL KYAI MORANG RAYA X PENGGARON KIDUL RT 3/5', '', 0, '183', 0, 0, 1, '', '', 2000000, '14', 1, '', '', '', '0000-00-00 00:00:00', 1),
(316, 'EVF0367', 5, '', 'TK BU PARYONO', 'JL PUCANG SARI TIMUR 8 NO 23 RT 4/16', '', 0, '183', 0, 0, 1, '', '', 2000000, '14', 1, '', '', '', '0000-00-00 00:00:00', 1),
(317, 'EVF0243', 5, '', 'TK MANDIRI CELL', 'JL BATURSARI RAYA NO 154 RT 8/22', '', 0, '183', 0, 0, 1, '', '', 2000000, '14', 1, '', '', '', '0000-00-00 00:00:00', 1),
(318, 'EVF0690', 5, '', 'TK MURAH(IBU MUWANAH)', 'JL RAYA DESA BRUMBUNG DEPAN LAP SEPAK BOLA MRANGGEN', '', 0, '183', 0, 0, 1, '', '', 2000000, '14', 1, '', '', '', '0000-00-00 00:00:00', 1),
(319, 'EVF0691', 5, '', 'TK PAK ALI', 'JL JAGALAN NO 37 BRUMBUNG', '', 0, '183', 0, 0, 1, '', '', 2000000, '14', 1, '', '', '', '0000-00-00 00:00:00', 1),
(320, 'EVF0689', 5, '', 'TK VANIA(IBU INA)', 'JL KYAI MORANG RAYA X PENGGARON KIDUL RT 1/5', '', 0, '183', 0, 0, 1, '', '', 2000000, '14', 0, '', '', '', '0000-00-00 00:00:00', 1),
(321, 'EVF018', 5, '', 'TK BU MARDI', 'ZEBRA RAYA RT 5/4', '', 0, '183', 0, 0, 1, '', '', 5000000, '14', 0, '', '', '', '0000-00-00 00:00:00', 1),
(322, 'EVF0248', 5, '', 'TK BU SUMINI', 'JL PEDURUNGAN KIDUL 4 NO 40 RT 3/1', '', 0, '183', 0, 0, 1, '', '', 2000000, '14', 2, '', '', '', '0000-00-00 00:00:00', 1),
(323, 'EVF0443', 5, '', 'APOTEK YOGATAMA', 'JL SYUHADA RAYA RT 2/10', '', 0, '183', 0, 0, 1, '', '', 2000000, '14', 3, '', '', '', '0000-00-00 00:00:00', 1),
(324, 'EVF0693', 5, '', 'TK SUMBER BERKAH', 'JL UDAN RIRIS 3 NO 39', '', 0, '183', 0, 0, 1, '', '', 2000000, '14', 3, '', '', '', '0000-00-00 00:00:00', 1),
(325, 'EVF0695', 5, '', 'SD PEDURUNGAN KIDUL 05 BU YEKTI', 'JL SAPTA PRASETYA TENGAH I', '', 0, '183', 0, 0, 1, '', '', 2000000, '14', 3, '', '', '', '0000-00-00 00:00:00', 1),
(326, 'EVF0698', 5, '', 'TK BP IMRON(IBU RUGINEM)', 'JL SENDANGGUO RT 9/9', '', 0, '183', 0, 0, 1, '', '', 2000000, '14', 0, '', '', '', '0000-00-00 00:00:00', 1),
(327, 'EVF0696', 5, '', 'TK IBU SUDAR', 'JL SENDANG GUO SELATAN RT 4/9', '', 0, '183', 0, 0, 1, '', '', 2000000, '14', 0, '', '', '', '0000-00-00 00:00:00', 1),
(328, 'EVF0697', 5, '', 'TK IBU PARMI', 'JL SENDANGGUO  RT 10/9', '', 0, '183', 0, 0, 1, '', '', 2000000, '14', 3, '', '', '', '0000-00-00 00:00:00', 1),
(329, 'EVF0694', 5, '', 'TK MBAH MIN', 'JL ZEBRA TENGAH II NO 10 RT2/5 PEDURUNGAN KIDUL', '', 0, '183', 0, 0, 1, '', '', 2000000, '14', 3, '', '', '', '0000-00-00 00:00:00', 1),
(330, 'EVF0051', 5, '', 'TOKO PAK SUYATNO', 'JL NGEMPLAK RT 2 / 12 KEL TANDANG NO 22', '', 0, '183', 0, 0, 1, '', '', 5000000, '14', 3, '', '', '', '0000-00-00 00:00:00', 1),
(331, 'EVF0677', 5, '', 'TK IBU JUJUK', 'JL CONDRO REJO I RT 3/10', '', 0, '183', 0, 0, 1, '', '', 2000000, '14', 4, '', '', '', '0000-00-00 00:00:00', 1),
(332, 'EVF0678', 5, '', 'TK IBU WARGINI', 'JL CONDRO REJO I RT 1/11', '', 0, '183', 0, 0, 1, '', '', 2000000, '14', 4, '', '', '', '0000-00-00 00:00:00', 1),
(333, 'EVF0700', 5, '', 'SD PINDRIKAN LOR 02', 'JL KOKROSONO RAYA', '', 0, '183', 0, 0, 1, '', '', 2000000, '14', 4, '', '', '', '0000-00-00 00:00:00', 1),
(334, 'EVF0699', 5, '', 'TK AMELIA', 'JL EROWATI RAYA 56', '', 0, '183', 0, 0, 1, '', '', 2000000, '14', 4, '', '', '', '0000-00-00 00:00:00', 1),
(335, 'EVF0495', 5, '', 'TK MBAK ATIK', 'JL SATRIA RAYA NO 232 RT 3/5 DPN MASJID JAMI HASANUDIN IMAM BONJOL', '', 0, '183', 0, 0, 1, '', '', 2000000, '14', 4, '', '', '', '0000-00-00 00:00:00', 1),
(336, 'EVF0395', 5, '', 'TK ANUGERAH (BU DIAH)', 'JL SURTIKANTI RAYA NO 23', '', 0, '183', 0, 0, 1, '', '', 2000000, '14', 4, '', '', '', '0000-00-00 00:00:00', 1),
(337, 'EVF0325', 5, '', 'TK BU SRI', 'JL BANOWATI SELATAN 2 NO 271 RT 4/11', '', 0, '183', 0, 0, 1, '', '', 2000000, '14', 4, '', '', '', '0000-00-00 00:00:00', 1),
(338, 'EVF0453', 5, '', 'TK AKBAR(MBAK KENI)', 'JL PUNDEN SARI RAYA RT 1/2', '', 0, '183', 0, 0, 1, '', '', 2000000, '14', 5, '', '', '', '0000-00-00 00:00:00', 1),
(339, 'EVF0701', 5, '', 'TK RESTU IBU', 'JL WALISONGO RAYA SBLH TK BERKAH', '', 0, '183', 0, 0, 1, '', '', 2000000, '14', 5, '', '', '', '0000-00-00 00:00:00', 1),
(340, 'EVF00123', 5, '', 'BU DINI ,TK POJOK', 'JL CANDI KENCANA RAYA NO 91', '', 0, '183', 0, 0, 1, '', '', 2000000, '14', 5, '', '', '', '0000-00-00 00:00:00', 1),
(341, 'EVF0705', 5, '', 'TK ANUGRAH (MBAK NANA)', 'JL GATOT SUBROTO RT 4/4', '', 0, '183', 0, 0, 1, '', '', 2000000, '14', 5, '', '', '', '0000-00-00 00:00:00', 1),
(342, 'EVF0703', 5, '', 'TK BAROKAH(IBU HADI)', 'JL SRIKATON BARAT IV RT 2/6', '', 0, '183', 0, 0, 1, '', '', 2000000, '14', 5, '', '', '', '0000-00-00 00:00:00', 1),
(343, 'EVF0702', 5, '', 'TK BERKAH(IBU JOKO)', 'JL SRIKATON TIMUR I RT 5/5', '', 0, '183', 0, 0, 1, '', '', 2000000, '14', 5, '', '', '', '0000-00-00 00:00:00', 1),
(344, 'EVF0706', 5, '', 'TK IBU WANDI', 'JL CANDI MAS RAYA NO 26', '', 0, '183', 0, 0, 1, '', '', 2000000, '14', 0, '', '', '', '0000-00-00 00:00:00', 1),
(345, 'EVF0704', 5, '', 'TK LESTARI SEMBAKO', 'JL SRIKATON UTARA RT 2/5', '', 0, '183', 0, 0, 1, '', '', 2000000, '14', 5, '', '', '', '0000-00-00 00:00:00', 1),
(346, 'SMG1173', 5, '', 'SD WONODRI 01', 'JL WONODRI KEBON DALAM NO 41', '', 0, '183', 0, 0, 1, '', '', 5000000, '14', 6, '', '', '', '0000-00-00 00:00:00', 1),
(347, 'EVF0708', 5, '', 'TK AGUNG JAYA', 'JL LAMPER SARI NO 80', '', 0, '183', 0, 0, 1, '', '', 2000000, '14', 0, '', '', '', '0000-00-00 00:00:00', 1),
(348, 'EVF0707', 5, '', 'TK DUA PUTRI', 'JL LAMPER SARI NO 76 DPN GEREJA LAMPER', '', 0, '183', 0, 0, 1, '', '', 2000000, '14', 6, '', '', '', '0000-00-00 00:00:00', 1),
(349, 'EVF0709', 5, '', 'TK BU SITI', 'JL TAWANG MAS BARU RT 6/5', '', 0, '183', 0, 0, 1, '', '', 2000000, '14', 6, '', '', '', '0000-00-00 00:00:00', 1),
(350, 'EVF0710', 5, '', 'TK MBAK TINA', 'JL TAMAN JOGGRING SALOKO RT 6/13', '', 0, '183', 0, 0, 1, '', '', 2000000, '14', 0, '', '', '', '0000-00-00 00:00:00', 1),
(351, 'EVF0711', 5, '', 'TK BU HASTA', 'JL SAPTA MARGA 3 RT 7/9', '', 0, '183', 0, 0, 1, '', '', 2000000, '14', 0, '', '', '', '0000-00-00 00:00:00', 1),
(352, 'EVF045', 5, '', 'TK BU ISNA', 'JL JANGLI KRAJAN BARAT 1 NO 430 RT 4/3 JATINGALEH', '', 0, '183', 0, 0, 1, '', '', 5000000, '14', 0, '', '', '', '0000-00-00 00:00:00', 1),
(353, 'EVF0712', 5, '', 'TK RINTEN', 'JL SAPTA MARGA 3 RT 7/9', '', 0, '183', 0, 0, 1, '', '', 2000000, '14', 0, '', '', '', '0000-00-00 00:00:00', 1),
(354, 'EVF0404', 5, '', 'TK SIMPLE MARKET(MBAK TRI)', 'JL METESEH RAYA RT 4/1', '', 0, '183', 0, 0, 1, '', '', 2000000, '14', 0, '', '', '', '0000-00-00 00:00:00', 1),
(355, 'EVF0713', 5, '', 'TK SUMBER REJEKI', 'JL JATINGALEH', '', 0, '183', 0, 0, 1, '', '', 2000000, '14', 0, '', '', '', '0000-00-00 00:00:00', 1),
(356, 'EVF0716', 5, '', 'TK BERKAH', 'JL MENOREH RAYA NO 82 DKT KANTOR POS', '', 0, '183', 0, 0, 1, '', '', 2000000, '14', 0, '', '', '', '0000-00-00 00:00:00', 1),
(357, 'EVF0518', 5, '', 'TK BU MELANI(IBU KANTIN ALMADINA)', 'JL MENOREH UTARA 9 NO 57', '', 0, '183', 0, 0, 1, '', '', 2000000, '14', 0, '', '', '', '0000-00-00 00:00:00', 1),
(358, 'EVF0714', 5, '', 'TK BU SRI', 'JL MENOREH TENGAH 10 NO 5 DKT SD SAMPANGAN 02', '', 0, '183', 0, 0, 1, '', '', 2000000, '14', 0, '', '', '', '0000-00-00 00:00:00', 1),
(359, 'EVF0718', 5, '', 'TK BU SUWANDI', 'JL MENOREH I NO 3', '', 0, '183', 0, 0, 1, '', '', 2000000, '14', 0, '', '', '', '0000-00-00 00:00:00', 1),
(360, 'EVF0715', 5, '', 'TK DIAN', 'JL MENOREH TENGAH 9 NO 30', '', 0, '183', 0, 0, 1, '', '', 2000000, '14', 0, '', '', '', '0000-00-00 00:00:00', 1),
(361, 'EVF0717', 5, '', 'TK ISTAMAR', 'JL MENOREH I NO 64 RT 5/5', '', 0, '183', 0, 0, 1, '', '', 2000000, '14', 0, '', '', '', '0000-00-00 00:00:00', 1),
(362, 'EVF0411', 5, '', 'TK MAS TAWAM', 'JL MENOREH TIMUR 5/19 RT 1/1 SAMPANGAN', '', 0, '183', 0, 0, 1, '', '', 2000000, '14', 0, '', '', '', '0000-00-00 00:00:00', 1),
(363, 'EVF0720', 5, '', 'TK FF (BP SISWANTO)', 'JL BATURSARI II RT 4/5 GAYAMSARI KALIGAWE', '', 0, '183', 0, 0, 1, '', '', 2000000, '14', 0, '', '', '', '0000-00-00 00:00:00', 1),
(364, 'EVF0722', 5, '', 'SMP NEGERI 20(BU DIAN)', 'JL KALIGAWE PERUM GENUK INDAH', '', 0, '183', 0, 0, 1, '', '', 2000000, '14', 0, '', '', '', '0000-00-00 00:00:00', 1),
(365, 'EVF0345', 5, '', 'TK BP JASMIN', 'JL GAYAMSARI 4 RT 8/11 KEL GEMAH', '', 0, '183', 0, 0, 1, '', '', 2000000, '14', 0, '', '', '', '0000-00-00 00:00:00', 1),
(366, 'EVF0725', 5, '', 'TK BU MAKMUDAH', 'JL SEDAYU JATI RT 4/1', '', 0, '183', 0, 0, 1, '', '', 2000000, '14', 0, '', '', '', '0000-00-00 00:00:00', 1),
(367, 'EVF0724', 5, '', 'TK BU MUSYAROFAH', 'JL SEDAYU JATI RT 4/1', '', 0, '183', 0, 0, 1, '', '', 2000000, '14', 0, '', '', '', '0000-00-00 00:00:00', 1),
(368, 'EVF0726', 5, '', 'TK BU PARMI', 'JL SEDAYU PALEM RT 12/1 BANGETAYU KULON', '', 0, '183', 0, 0, 1, '', '', 2000000, '14', 0, '', '', '', '0000-00-00 00:00:00', 1),
(369, 'EVF0723', 5, '', 'TK IBU YANTI', 'JL TLOGOSARI WETAN RT 5/2', '', 0, '183', 0, 0, 1, '', '', 2000000, '14', 0, '', '', '', '0000-00-00 00:00:00', 1),
(370, 'EVF0728', 5, '', 'TK Q MUNGIL (BU WIKA)', 'JL KENANGA I RT 8/5 SEMBUNG HARJO', '', 0, '183', 0, 0, 1, '', '', 2000000, '14', 0, '', '', '', '0000-00-00 00:00:00', 1),
(371, 'EVF0727', 5, '', 'TK REZA', 'JL GENUKSARI RT 2/2 GG GUNUNG KUNIR', '', 0, '183', 0, 0, 1, '', '', 2000000, '14', 0, '', '', '', '0000-00-00 00:00:00', 1),
(372, 'EVF0721', 5, '', 'TK SULIS', 'JL WOLTER MONGINSIDI RAYA -GASEM KIRI JLN SBLM JEMBATAN ALAS TUO', '', 0, '183', 0, 0, 1, '', '', 2000000, '14', 0, '', '', '', '0000-00-00 00:00:00', 1),
(373, 'EVF0729', 5, '', 'TK BERKAH BERKAT', 'JL TRANGKIL RAYA', '', 0, '183', 0, 0, 1, '', '', 2000000, '14', 0, '', '', '', '0000-00-00 00:00:00', 1),
(374, 'EVF0732', 5, '', 'SD SADENG 01 (KANTIN PRIYATI)', 'JL SADENG', '', 0, '183', 0, 0, 1, '', '', 2000000, '14', 0, '', '', '', '0000-00-00 00:00:00', 1),
(375, 'EVF0730', 5, '', 'SD SADENG 02(KANTIN SUHUD)', 'JL KOL RW SUGIARTO SAMPING KELURAHAN SADENG', '', 0, '183', 0, 0, 1, '', '', 2000000, '14', 0, '', '', '', '0000-00-00 00:00:00', 1),
(376, 'EVF0731', 5, '', 'TK NADA CELL', 'JL SADENG RT 5/2DPN KANTOR KEL SADENG', '', 0, '183', 0, 0, 1, '', '', 2000000, '14', 0, '', '', '', '0000-00-00 00:00:00', 1),
(377, 'EVF0733', 5, '', 'TK REGURIANTO', 'JL CANDI PENATARAN RT 2/3 NO 48 KALI PANCUR SMPG DR DEWI LESTARI', '', 0, '183', 0, 0, 1, '', '', 2000000, '14', 0, '', '', '', '0000-00-00 00:00:00', 1),
(378, 'EVF0240', 5, '', 'TK UNGGUL ABADI', 'JL DALEMAN RAYA NO 9 RT 5/3', '', 0, '182', 0, 0, 1, '', '', 2000000, '14', 1, '', '', '', '0000-00-00 00:00:00', 1),
(379, 'EVF0735', 5, '', 'TK BU DIANA', 'JL KARANGAWEN RT 3/1 PEREMPATAN PSR KRGAWEN KE KANAN', '', 0, '183', 0, 0, 1, '', '', 2000000, '14', 1, '', '', '', '0000-00-00 00:00:00', 1),
(380, 'EVF0736', 5, '', 'TK BU ISNA', 'JL RAYA KURIPAN RT 1/2 KARANGAWEN', '', 0, '183', 0, 0, 1, '', '', 2000000, '14', 0, '', '', '', '0000-00-00 00:00:00', 1),
(381, 'EVF0737', 5, '', 'TK BU SULIEM', 'JL RAYA KARANGGAWANG RT 2/1 KARANGAWEN', '', 0, '183', 0, 0, 1, '', '', 2000000, '14', 1, '', '', '', '0000-00-00 00:00:00', 1),
(382, 'EVF0734', 5, '', 'TK PAK SAID', 'JL JATI KUSUMA RAYA RT 4/4', '', 0, '183', 0, 0, 1, '', '', 2000000, '14', 1, '', '', '', '0000-00-00 00:00:00', 1),
(383, 'EVF0738', 5, '', 'SMP N MRANGGEN 01(KOP SMP)', 'JL RAYA MRANGGEN', '', 0, '183', 0, 0, 1, '', '', 2000000, '14', 0, '', '', '', '0000-00-00 00:00:00', 1),
(384, 'EVF0739', 5, '', 'TK ISLEVI', 'JL KYAI MORANG PENGGARON KIDUL', '', 0, '183', 0, 0, 1, '', '', 2000000, '14', 1, '', '', '', '0000-00-00 00:00:00', 1),
(385, 'EVF0309', 5, '', 'TK 98 (MBAH WARDI)', 'JL PUCANG ANOM 9 NO 3', '', 0, '183', 0, 0, 1, '', '', 2000000, '14', 2, '', '', '', '0000-00-00 00:00:00', 1),
(386, 'EVF0372', 5, '', 'TK AULIA (IBU BUDI)', 'JL PUCANINGGERO RAYA NO 14 RT 5/14', '', 0, '183', 0, 0, 1, '', '', 2000000, '14', 2, '', '', '', '0000-00-00 00:00:00', 1),
(387, 'EVF0174', 5, '', 'TK BU IDA', 'JL PEDURUNGAN KIDUL 6 RT 2/1', '', 0, '183', 0, 0, 1, '', '', 2000000, '14', 2, '', '', '', '0000-00-00 00:00:00', 1),
(388, 'EVF0362', 5, '', 'FOTO COPY ATK BINTANG', 'JL SOEKARNO HATTA DEPAN POLSEK PEDURUNGAN', '', 0, '183', 0, 0, 1, '', '', 2000000, '14', 3, '', '', '', '0000-00-00 00:00:00', 1),
(389, 'EVF0740', 5, '', 'TK PAK HASYIM', 'JL KARANGGAWANG BARU RT 9/6', '', 0, '183', 0, 0, 1, '', '', 2000000, '14', 3, '', '', '', '0000-00-00 00:00:00', 1),
(390, 'EVF0741', 5, '', 'TK BU HENI', 'JL KABA RT 4/13 NO 10', '', 0, '183', 0, 0, 1, '', '', 2000000, '14', 0, '', '', '', '0000-00-00 00:00:00', 1),
(391, 'EVF0742', 5, '', 'TK REJEKI BU BAMBANG', 'JL MENJANGAN DLM 5 NO 3', '', 0, '183', 0, 0, 1, '', '', 2000000, '14', 3, '', '', '', '0000-00-00 00:00:00', 1),
(392, 'EVF0520', 5, '', 'BU TOTOK', 'JL PERGIWATI 4 NO 27 RT 2/6', '', 0, '183', 0, 0, 1, '', '', 2000000, '14', 4, '', '', '', '0000-00-00 00:00:00', 1),
(393, 'EVF0743', 5, '', 'TK BU ANA', 'JL DORANG NO 49 DKT PETEK', '', 0, '183', 0, 0, 1, '', '', 2000000, '14', 4, '', '', '', '0000-00-00 00:00:00', 1),
(394, 'EVF0748', 5, '', 'TK BU ANIS', 'JL KAKAP NO 46 RT 1/4', '', 0, '183', 0, 0, 1, '', '', 2000000, '14', 0, '', '', '', '0000-00-00 00:00:00', 1),
(395, 'EVF0749', 5, '', 'TK BU PAINAH', 'JL CUMI CUMI RAYA NO 11 RT 5/7 BANDARHARJO', '', 0, '183', 0, 0, 1, '', '', 2000000, '14', 0, '', '', '', '0000-00-00 00:00:00', 1),
(396, 'EVF0746', 5, '', 'TK BU PURI', 'JL BANOWATI TENGAH RT 8/5', '', 0, '183', 0, 0, 1, '', '', 2000000, '14', 4, '', '', '', '0000-00-00 00:00:00', 1),
(397, 'EVF0744', 5, '', 'TK BU SRI', 'JL EROWATI VI NO 16 RT 8/3 BLKG PSR SURTIKANTI', '', 0, '183', 0, 0, 1, '', '', 2000000, '14', 4, '', '', '', '0000-00-00 00:00:00', 1),
(398, 'EVF0747', 5, '', 'TK INTAN BU INTAN', 'JL LAYUR SERATUS SEBELAS RT 1/1', '', 0, '183', 0, 0, 1, '', '', 2000000, '14', 4, '', '', '', '0000-00-00 00:00:00', 1),
(399, 'EVF0750', 5, '', 'SD TUGUREJO 03', 'JL TUGU REJO RT 1/4', '', 0, '183', 0, 0, 1, '', '', 2000000, '14', 5, '', '', '', '0000-00-00 00:00:00', 1),
(400, 'EVF0751', 5, '', 'TK BU WARNO', 'JL TUGU REJO RAYA RT 8/1 DPN MASJID AL AMIN', '', 0, '183', 0, 0, 1, '', '', 2000000, '14', 5, '', '', '', '0000-00-00 00:00:00', 1),
(401, 'SMGO23', 5, '', 'TK ANUGRAH', 'DPN TK MAKMUR 966 SBLH LAMPU MERAH PETERONGAN', '', 0, '183', 0, 0, 1, '', '', 2000000, '14', 0, '', '', '', '0000-00-00 00:00:00', 1),
(402, 'EVF0752', 5, '', 'TK DIAS', 'JL TAWANG AGLEK KIDUL RT 4/5 TAWANG MAS SAMPING CUCI MONTOR', '', 0, '183', 0, 0, 1, '', '', 2000000, '14', 6, '', '', '', '0000-00-00 00:00:00', 1),
(403, 'EVF0544', 5, '', 'TK MBAH RANTI', 'JL KIMAR 2 NO 294 RT 5/2', '', 0, '183', 0, 0, 1, '', '', 2000000, '14', 6, '', '', '', '0000-00-00 00:00:00', 1),
(404, 'EVF0207', 5, '', 'TK CINDI CELL', 'JL MERANTI TIMUR 6 NO 89 RT 2/1', '', 0, '183', 0, 0, 1, '', '', 2000000, '14', 0, '', '', '', '0000-00-00 00:00:00', 1),
(405, 'EVF0538', 5, '', 'TK DENGGA(BU JONI)', 'JL ELANG I RT 13/2 NO 11 DPN SD SAMBIROTO 02', '', 0, '183', 0, 0, 1, '', '', 2000000, '14', 0, '', '', '', '0000-00-00 00:00:00', 1),
(406, 'EVF0470', 5, '', 'TK MBAK NINIK', 'JL LAOS RT 4/5', '', 0, '183', 0, 0, 1, '', '', 2000000, '14', 0, '', '', '', '0000-00-00 00:00:00', 1),
(407, 'EVF00103', 5, '', 'TOKO LA TAHZAN', 'JL RASAMALA BARAT NO 129 RT 3 RW 4, SRONDOL WETAN', '', 0, '183', 0, 0, 1, '', '', 2000000, '14', 0, '', '', '', '0000-00-00 00:00:00', 1),
(408, 'EVF0057', 5, '', 'TOKO MBAK DIAN', 'JL SAMBIROTO 10 RT 5 / 6', '', 0, '183', 0, 0, 1, '', '', 5000000, '14', 0, '', '', '', '0000-00-00 00:00:00', 1),
(409, 'EVF0758', 5, '', 'TK BU ARIEF', 'JL KARANG REJO III NO 2C RT 2/3', '', 0, '183', 0, 0, 1, '', '', 2000000, '14', 0, '', '', '', '0000-00-00 00:00:00', 1),
(410, 'EVF0756', 5, '', 'TK BU DIANA', 'JL WARINGIN NO I RT 1/4SBLH KOLAM RENANG KODAM', '', 0, '183', 0, 0, 1, '', '', 2000000, '14', 0, '', '', '', '0000-00-00 00:00:00', 1),
(411, 'EVF0755', 5, '', 'TK BU WARTI', 'JL LAOS RT 6/5 BANGUNHARJO', '', 0, '183', 0, 0, 1, '', '', 2000000, '14', 0, '', '', '', '0000-00-00 00:00:00', 1),
(412, 'EVF0757', 5, '', 'TK KUSWATI', 'JL SENDANG ELO RT 2/2 SBLH SD BANYUMANIK 04', '', 0, '183', 0, 0, 1, '', '', 2000000, '14', 0, '', '', '', '0000-00-00 00:00:00', 1),
(413, 'EVF0147', 5, '', 'TK GINAH', 'JL MANGUNSARI RT 1/1', '', 0, '183', 0, 0, 1, '', '', 2000000, '14', 0, '', '', '', '0000-00-00 00:00:00', 1),
(414, 'EVF0759', 5, '', 'TK 66', 'JL JEROBONG RAYA NO 66 RT 3/8', '', 0, '183', 0, 0, 1, '', '', 2000000, '14', 0, '', '', '', '0000-00-00 00:00:00', 1),
(415, 'EVF0761', 5, '', 'TK IBU SOLEH', 'JL KEDONG WINONG RT 1/3', '', 0, '183', 0, 0, 1, '', '', 2000000, '14', 0, '', '', '', '0000-00-00 00:00:00', 1),
(416, 'EVF0760', 5, '', 'TK KHOIRUL', 'JL KEDONG WINONG RT 1/3', '', 0, '183', 0, 0, 1, '', '', 2000000, '14', 0, '', '', '', '0000-00-00 00:00:00', 1),
(417, 'EVF0296', 5, '', 'TK KIOS BAROKAH', 'JL BUKIT SAMBIROTO ASRI RAYA 278', '', 0, '183', 0, 0, 1, '', '', 2000000, '14', 0, '', '', '', '0000-00-00 00:00:00', 1),
(418, 'EVF0766', 5, '', 'FOTO COPY USMA SABLA', 'JL MENOREH TENGAH NO IA', '', 0, '183', 0, 0, 1, '', '', 2000000, '14', 4, '', '', '', '0000-00-00 00:00:00', 1),
(419, 'EVF0762', 5, '', 'SD BENDAN NGISOR 1-2', 'JL LAMONGAN RAYA', '', 0, '183', 0, 0, 1, '', '', 2000000, '14', 0, '', '', '', '0000-00-00 00:00:00', 1),
(420, 'EVF0765', 5, '', 'SD PETOMPON 03 IBU MAKSUM', 'JL TAMPO MAS SELATAN 1', '', 0, '183', 0, 0, 1, '', '', 2000000, '14', 0, '', '', '', '0000-00-00 00:00:00', 1),
(421, 'EVF0517', 5, '', 'TK BAROKAH', 'JL LAMONGAN RAYA DPN SMP 13 PAPANDAYAN', '', 0, '183', 0, 0, 1, '', '', 2000000, '14', 0, '', '', '', '0000-00-00 00:00:00', 1),
(422, 'EVF0764', 5, '', 'TK BU SRI', 'JL DR SUTOMO RAYA', '', 0, '183', 0, 0, 1, '', '', 2000000, '14', 0, '', '', '', '0000-00-00 00:00:00', 1),
(423, 'EVF0767', 5, '', 'TK IBU GIANTO', 'JL CONDROKUSUMO RAYA SIMONGAN SAMPING PAPROS', '', 0, '183', 0, 0, 1, '', '', 2000000, '14', 0, '', '', '', '0000-00-00 00:00:00', 1),
(424, 'EVF0768', 5, '', 'TK IBU WATI', 'JL DR ISMANGIL RT 2/4 BONGSARI', '', 0, '183', 0, 0, 1, '', '', 2000000, '14', 0, '', '', '', '0000-00-00 00:00:00', 1),
(425, 'EVF0769', 5, '', 'TK LULUT', 'JL DR ISMANGIL RT 9/4 BONGSARI', '', 0, '183', 0, 0, 1, '', '', 2000000, '14', 0, '', '', '', '0000-00-00 00:00:00', 1),
(426, 'EVF060', 5, '', 'TK NUGROHO (SRI MULYANI)', 'JL KINTELAN BARU RT 6/2 BLKG GAPURA', '', 0, '183', 0, 0, 1, '', '', 5000000, '14', 0, '', '', '', '0000-00-00 00:00:00', 1),
(427, 'EVF0763', 5, '', 'WARUNG BU LIS', 'JL DR SUTOMO RAYA DKT HALTE KALISARI', '', 0, '183', 0, 0, 1, '', '', 2000000, '14', 0, '', '', '', '0000-00-00 00:00:00', 1),
(428, 'EVF0771', 5, '', 'TK MEKAR SARI', 'JL TAMBAK DALAM RAYA', '', 0, '183', 0, 0, 1, '', '', 2000000, '14', 0, '', '', '', '0000-00-00 00:00:00', 1),
(429, 'EVF0772', 5, '', 'TK IBU DARWANTI', 'JL CILOSARI DLM II RT 6/8', '', 0, '183', 0, 0, 1, '', '', 2000000, '14', 0, '', '', '', '0000-00-00 00:00:00', 1),
(430, 'EVF0773', 5, '', 'TK 71', 'BUGANGAN', '', 0, '183', 0, 0, 1, '', '', 2000000, '14', 6, '', '', '', '0000-00-00 00:00:00', 1),
(431, 'EVF0774', 5, '', 'TK BU YUNI', 'JL MUNTAI RAYA STLH POM BENSIN GUNUNG PATI', '', 0, '183', 0, 0, 1, '', '', 2000000, '14', 0, '', '', '', '0000-00-00 00:00:00', 1),
(432, 'EVF0016', 5, '', 'TOKO BU NOVI', 'JL KALIGAWE KP TEGALREJO 06', '', 0, '183', 0, 0, 1, '', '', 5000000, '14', 0, '', '', '', '0000-00-00 00:00:00', 1),
(433, 'EVF0777', 5, '', 'SD PATEMON 2 KNTN BU RUBIYANTI', 'JL JATI SARI RT 2/2', '', 0, '183', 0, 0, 1, '', '', 2000000, '14', 0, '', '', '', '0000-00-00 00:00:00', 1),
(434, 'EVF0779', 5, '', 'TK IBU SARMONAH(WANDI)', 'JL BIMA RT 3/5 BANARAN', '', 0, '183', 0, 0, 1, '', '', 2000000, '14', 0, '', '', '', '0000-00-00 00:00:00', 1),
(435, 'EVF0778', 5, '', 'TK IBU SRI', 'JL PATEMON GG JATEN RT 3/2', '', 0, '183', 0, 0, 1, '', '', 2000000, '14', 0, '', '', '', '0000-00-00 00:00:00', 1),
(436, 'EVF0782', 5, '', 'TK AMEL', 'JL KEMBANGARUM RT 2/5', '', 0, '183', 0, 0, 1, '', '', 2000000, '14', 1, '', '', '', '0000-00-00 00:00:00', 1),
(437, 'EVF0781', 5, '', 'TK BU GIARTI', 'JL BATURSARI RAYA DKT SEKOLAH MI', '', 0, '183', 0, 0, 1, '', '', 2000000, '14', 1, '', '', '', '0000-00-00 00:00:00', 1),
(438, 'EVF0249', 5, '', 'TK ERNA', 'JL KH TOHIR GANG 1 NO 1 RT 5/1 DPN SMA TOHIR', '', 0, '183', 0, 0, 1, '', '', 2000000, '14', 1, '', '', '', '0000-00-00 00:00:00', 1),
(439, 'EVF0783', 5, '', 'TK IBU MUJI', 'JL KEMBANGARUM (KEMBANGAN)RT 4/5', '', 0, '183', 0, 0, 1, '', '', 2000000, '14', 1, '', '', '', '0000-00-00 00:00:00', 1),
(440, 'EVF0780', 5, '', 'TK MARDUL', 'JL RAYA MRANGGEN NO 3 DPN GANG KAUMAN', '', 0, '183', 0, 0, 1, '', '', 2000000, '14', 1, '', '', '', '0000-00-00 00:00:00', 1),
(441, 'EVF0785', 5, '', 'TK MBAK NARSIH', 'JL KEMBANGARUM RT 14/5 KEMBANGAN', '', 0, '183', 0, 0, 1, '', '', 2000000, '14', 1, '', '', '', '0000-00-00 00:00:00', 1),
(442, 'EVF0784', 5, '', 'TK PAK SIS', 'JL KEMBANGARUM RT 13/5', '', 0, '183', 0, 0, 1, '', '', 2000000, '14', 1, '', '', '', '0000-00-00 00:00:00', 1),
(443, 'EVF005', 5, '', 'SD PEDURUNGAN KIDUL 02(M.ARIK)', 'JL FATMAWATI NO 102', '', 0, '183', 0, 0, 1, '', '', 5000000, '14', 2, '', '', '', '0000-00-00 00:00:00', 1),
(444, 'EVF0789', 5, '', 'TK 99', 'SAMPING MINI MARKET TLOGO JL TLOGO RT 3/8', '', 0, '183', 0, 0, 1, '', '', 2000000, '14', 2, '', '', '', '0000-00-00 00:00:00', 1),
(445, 'EVF0790', 5, '', 'TK MBAK ANIK', 'JL KH NASIR RT 3/9 PUCANG GADING', '', 0, '183', 0, 0, 1, '', '', 2000000, '14', 2, '', '', '', '0000-00-00 00:00:00', 1),
(446, 'EVF0787', 5, '', 'TK BERKAH PAK HAPSAN', 'JL PESONA RAYA NO 25 PUCANG GADING', '', 0, '183', 0, 0, 1, '', '', 2000000, '14', 0, '', '', '', '0000-00-00 00:00:00', 1),
(447, 'EVF023', 5, '', 'TK CINTIA', 'JL PANDA TIMUR 4 N0 53', '', 0, '183', 0, 0, 1, '', '', 5000000, '14', 3, '', '', '', '0000-00-00 00:00:00', 1),
(448, 'EVF0173', 5, '', 'TK IFA', 'JL TLOGO BERLIAN RT 4/7 SBLH JEMBATAN', '', 0, '183', 0, 0, 1, '', '', 2000000, '14', 3, '', '', '', '0000-00-00 00:00:00', 1),
(449, 'EVF0788', 5, '', 'TK KIKI', 'JL BATURSARI RAYA DPN APOTIK ENGGAL', '', 0, '183', 0, 0, 1, '', '', 2000000, '14', 2, '', '', '', '0000-00-00 00:00:00', 1),
(450, 'EVF0791', 5, '', 'TK RIZKI', 'JL AMPOSARI RT 5/3 NO 18', '', 0, '183', 0, 0, 1, '', '', 2000000, '14', 3, '', '', '', '0000-00-00 00:00:00', 1),
(451, 'EVF0792', 5, '', 'TK BU NUNUNG', 'JL PERGIWATI 4 NO 34', '', 0, '183', 0, 0, 1, '', '', 2000000, '14', 0, '', '', '', '0000-00-00 00:00:00', 1),
(452, 'EVF0323', 5, '', 'TK SEMBAKO(BU SUPARSIH)', 'JL MUSTOKOWENI 10 NO 407 RT 1/3', '', 0, '183', 0, 0, 1, '', '', 2000000, '14', 4, '', '', '', '0000-00-00 00:00:00', 1),
(453, 'EVF793', 5, '', 'TK BU NGADI', 'JL BANOWATI TENGAH I NO 25', '', 0, '183', 0, 0, 1, '', '', 2000000, '14', 4, '', '', '', '0000-00-00 00:00:00', 1),
(454, 'EVF0795', 5, '', 'TK BU SOFI MUSHOLA AR-ROHMAN', 'JL PUSPONJOLO RAYA SELATAN RT 3/6', '', 0, '183', 0, 0, 1, '', '', 2000000, '14', 4, '', '', '', '0000-00-00 00:00:00', 1),
(455, 'EVF0794', 5, '', 'TK RITA', 'JL LEMAH GEMPAL II NO 759 BULU STALAN', '', 0, '183', 0, 0, 1, '', '', 2000000, '14', 0, '', '', '', '0000-00-00 00:00:00', 1),
(456, 'EVF0800', 5, '', 'KIOS SRITI', 'JL GATOT SUBROTO PLN I', '', 0, '183', 0, 0, 1, '', '', 2000000, '14', 5, '', '', '', '0000-00-00 00:00:00', 1),
(457, 'EVF0796', 5, '', 'TK 4 SODARA', 'JL TUGUREJO RAYA RT 2/5', '', 0, '183', 0, 0, 1, '', '', 2000000, '14', 5, '', '', '', '0000-00-00 00:00:00', 1),
(458, 'EVF797', 5, '', 'TK AA IBU ARIFIN', 'JL PURWOYOSO I N0 6 RT 1/2', '', 0, '183', 0, 0, 1, '', '', 2000000, '14', 5, '', '', '', '0000-00-00 00:00:00', 1),
(459, 'EVF0798', 5, '', 'TK IBU SRIYATI', 'JL PURWOYOSO IV RT 4/12 NO 5', '', 0, '183', 0, 0, 1, '', '', 2000000, '14', 5, '', '', '', '0000-00-00 00:00:00', 1),
(460, 'EVF0799', 5, '', 'TK FC SRI REJEKI IBU SUPARTI', 'JL GATOT SUBROTO RAYA NGALIAN', '', 0, '183', 0, 0, 1, '', '', 2000000, '14', 5, '', '', '', '0000-00-00 00:00:00', 1),
(461, 'SMG1157', 5, '', 'TB MENCENG 2', 'JL RAYA PURWOREJO NO 1 KERTEK', '', 0, '168', 0, 0, 1, '', '', 5000000, '14', 0, '', '', '', '0000-00-00 00:00:00', 1),
(462, 'EVF0801', 5, '', 'TK BU ANIS', 'JL TAWANG RAJEK WESI III RT 6/4', '', 0, '183', 0, 0, 1, '', '', 2000000, '14', 6, '', '', '', '0000-00-00 00:00:00', 1),
(463, 'SMG1172', 5, '', 'TK BU SARMINI', 'JL WONODRI KEBON DALEM RT 2/7', '', 0, '183', 0, 0, 1, '', '', 5000000, '14', 0, '', '', '', '0000-00-00 00:00:00', 1),
(464, 'EVF0804', 5, '', 'SMP N 12 KOPERASI SMP N 12', 'JL ACE NO 42', '', 0, '183', 0, 0, 1, '', '', 2000000, '14', 0, '', '', '', '0000-00-00 00:00:00', 1),
(465, 'EVF0523', 5, '', 'TK BU CICIK', 'JL KARANG REJO 6 NO 9 RT 12/7', '', 0, '183', 0, 0, 1, '', '', 2000000, '14', 0, '', '', '', '0000-00-00 00:00:00', 1),
(466, 'EVF0802', 5, '', 'TK BU SRI', 'JL SENDANG ELO RT 2/2 DPN MASJID AL-HUDA', '', 0, '183', 0, 0, 1, '', '', 2000000, '14', 0, '', '', '', '0000-00-00 00:00:00', 1),
(467, 'EVF0803', 5, '', 'TK SURYA TIRTA BU ETIK', 'JL SENDANG ELO RT 3/2', '', 0, '183', 0, 0, 1, '', '', 2000000, '14', 0, '', '', '', '0000-00-00 00:00:00', 1),
(468, 'EVF0805', 5, '', 'TK AYU', 'JL KSATRIAN NO 1 DPN TUGU', '', 0, '183', 0, 0, 1, '', '', 2000000, '14', 0, '', '', '', '0000-00-00 00:00:00', 1),
(469, 'EVF0282', 5, '', 'TK TRIBAKTI (SBLH TK)SMPG KC ATOM GAJAH', 'JL JATI LUHUR', '', 0, '183', 0, 0, 1, '', '', 2000000, '14', 0, '', '', '', '0000-00-00 00:00:00', 1),
(470, 'EVF0806', 5, '', 'TK BERKAHWARNET', 'JL DINAR ASRI RAYA K 5-2', '', 0, '183', 0, 0, 1, '', '', 2000000, '14', 0, '', '', '', '0000-00-00 00:00:00', 1),
(471, 'EVF0807', 5, '', 'TK SEMBAKO BU PUR', 'JL MANGUN HARJO RT 7/1', '', 0, '183', 0, 0, 1, '', '', 2000000, '14', 0, '', '', '', '0000-00-00 00:00:00', 1),
(472, 'EVF0352', 5, '', 'TK IBU AMINAH', 'JL KALIGAWE KARANG KIMPUL RT 8/1', '', 0, '183', 0, 0, 1, '', '', 2000000, '14', 0, '', '', '', '0000-00-00 00:00:00', 1),
(473, 'EVF0809', 5, '', 'TK MBAK YULI LAUNDRY', 'JL SAWAH BESAR II RT 7/2', '', 0, '183', 0, 0, 1, '', '', 2000000, '14', 0, '', '', '', '0000-00-00 00:00:00', 1),
(474, 'EVF0167', 5, '', 'TK MEKAR', 'JL RAYA MUKTIHARJO ARAH SENDANG INDAH SBLH INDOMARET', '', 0, '183', 0, 0, 1, '', '', 2000000, '14', 0, '', '', '', '0000-00-00 00:00:00', 1),
(475, 'EVF0429', 5, '', 'TK BU ROHMAN (PAK ROHMAN)', 'JL BANJARDOWO RATAN CILIK', '', 0, '183', 0, 0, 1, '', '', 2000000, '14', 0, '', '', '', '0000-00-00 00:00:00', 1),
(476, 'EVF0141', 5, '', 'TK MBAK ARI', 'DESO NGELOSARI RT 1/4 KEL SADENG', '', 0, '183', 0, 0, 1, '', '', 2000000, '14', 0, '', '', '', '0000-00-00 00:00:00', 1),
(477, 'EVF0484', 5, '', 'TK MBAK NINA', 'JL PATEMON RT 3/4 SEKARAN', '', 0, '183', 0, 0, 1, '', '', 2000000, '14', 0, '', '', '', '0000-00-00 00:00:00', 1),
(478, 'EVF0810', 5, '', 'TK MBAK MILA CATERING NINA', 'JL BRUMBUNG RT 2/1 DPN LAP BRUMBUNG KE TIMUR ARAH KEMBANG ARUM', '', 0, '183', 0, 0, 1, '', '', 2000000, '14', 1, '', '', '', '0000-00-00 00:00:00', 1),
(479, 'EVF0811', 5, '', 'TK SUMBER REJEKI PAK SALMAN', 'JL KEMBANG ARUM RT 5/2', '', 0, '183', 0, 0, 1, '', '', 2000000, '14', 1, '', '', '', '0000-00-00 00:00:00', 1),
(480, 'EVF0812', 5, '', 'TK PUTRA RAGIL', 'JL SUPRIYADI RAYA DPN LAP KALICARI', '', 0, '183', 0, 0, 1, '', '', 2000000, '14', 3, '', '', '', '0000-00-00 00:00:00', 1),
(481, 'EVF0190', 5, '', 'SD BARUSARI 02(IBU MADI)', 'JL COKROAMINOTO 14 BLKG PS BULU', '', 0, '183', 0, 0, 1, '', '', 2000000, '14', 4, '', '', '', '0000-00-00 00:00:00', 1),
(482, 'EVF0815', 5, '', 'TK BANG MAMAD', 'BELAKANG PASAR BULU', '', 0, '183', 0, 0, 1, '', '', 2000000, '14', 4, '', '', '', '0000-00-00 00:00:00', 1),
(483, 'EVF0496', 5, '', 'TK BU ENI', 'JL SATRIA UTARA IV NO 26A RT 1/4', '', 0, '183', 0, 0, 1, '', '', 2000000, '14', 4, '', '', '', '0000-00-00 00:00:00', 1),
(484, 'EVF0320', 5, '', 'TK BU YONO', 'JL SRIKANDI 265 RT 3/2', '', 0, '183', 0, 0, 1, '', '', 2000000, '14', 4, '', '', '', '0000-00-00 00:00:00', 1),
(485, 'EVF0418', 5, '', 'TK AT TAUHIT (BU SUGENG)', 'GAYAMSARI SELATAN NO 41 RT 4/3', '', 0, '183', 0, 0, 1, '', '', 2000000, '14', 6, '', '', '', '0000-00-00 00:00:00', 1),
(486, 'EVF0816', 5, '', 'TK BU SARMIN', 'JL LAMPER TENGAH 10 NO 47', '', 0, '183', 0, 0, 1, '', '', 2000000, '14', 0, '', '', '', '0000-00-00 00:00:00', 1),
(487, 'EVF0398', 5, '', 'TK WATINI', 'JL WONODRI KRAJAN NO 455 F RT 7/6', '', 0, '183', 0, 0, 1, '', '', 2000000, '14', 0, '', '', '', '0000-00-00 00:00:00', 1),
(488, 'EVF0467', 5, '', 'TK PAK JUMIRAN (SHIRO CELL)', 'JL TEMULAWAK RT 1/5', '', 0, '183', 0, 0, 1, '', '', 2000000, '14', 0, '', '', '', '0000-00-00 00:00:00', 1),
(489, 'EVF00115', 5, '', 'TK PAK BAMBANG', 'JL SAMINTEN RAYA NO 33', '', 0, '183', 0, 0, 1, '', '', 2000000, '14', 0, '', '', '', '0000-00-00 00:00:00', 1),
(490, 'EVF0817', 5, '', 'TK HIDAYAH PAK NUR', 'JL KETILENG INDAH BLOK K NO 60', '', 0, '183', 0, 0, 1, '', '', 2000000, '14', 2, '', '', '', '0000-00-00 00:00:00', 1),
(491, 'EVF0359', 5, '', 'TK ABDI DALEM', 'JL GASEM RAYA NO 34 RT 2/4 SBLM JMBTN ALAS TUO', '', 0, '183', 0, 0, 1, '', '', 2000000, '14', 0, '', '', '', '0000-00-00 00:00:00', 1),
(492, 'EVF0822', 5, '', 'TK IBU SUMIYATI', 'JL BANJARDOWO RT 2/6', '', 0, '183', 0, 0, 1, '', '', 2000000, '14', 0, '', '', '', '0000-00-00 00:00:00', 1),
(493, 'EVF0819', 5, '', 'TK MBAK NUNUK', 'JL PULOSARI RAYA RT 2/1', '', 0, '183', 0, 0, 1, '', '', 2000000, '14', 0, '', '', '', '0000-00-00 00:00:00', 1),
(494, 'EVF0820', 5, '', 'TK MBAK SUHARTIK', 'JL SEMBUNG HARJO RT 1/1 DPN SD KARANGROTO 4 KUDU', '', 0, '183', 0, 0, 1, '', '', 2000000, '14', 0, '', '', '', '0000-00-00 00:00:00', 1),
(495, 'EVF0821', 5, '', 'TK SAS BP SUTRIMO', 'JL RAYA BANJARDOWO RT 3/6', '', 0, '183', 0, 0, 1, '', '', 2000000, '14', 0, '', '', '', '0000-00-00 00:00:00', 1),
(496, 'EVF0350', 5, '', 'TK ANIK', 'JL BAWANGAN NO 3 RT 1/2', '', 0, '183', 0, 0, 1, '', '', 2000000, '14', 0, '', '', '', '0000-00-00 00:00:00', 1),
(497, 'EVF0505', 5, '', 'TK BAROKAH(BP AHMAD)', 'JL CILOSARI DALAM VIII RT 2/6 KALIGAWE', '', 0, '183', 0, 0, 1, '', '', 2000000, '14', 0, '', '', '', '0000-00-00 00:00:00', 1),
(498, 'EVF0826', 5, '', 'TK PAK RASMIN', 'JL KARANGANYAR RT 1/13 MUKTIHARJO KIDUL', '', 0, '183', 0, 0, 1, '', '', 2000000, '14', 0, '', '', '', '0000-00-00 00:00:00', 1),
(499, 'EVF0827', 5, '', 'SD KALIPANCUR 02 BU KARNO', 'JL CANDI PAWON SELATAN DKT JEMBATAN', '', 0, '183', 0, 0, 1, '', '', 2000000, '14', 0, '', '', '', '0000-00-00 00:00:00', 1),
(500, 'EVF0828', 5, '', 'TK ASHIFA', 'JL CANDI PAWON SELATAN 9 NO 7 RT 5/1', '', 0, '183', 0, 0, 1, '', '', 2000000, '14', 0, '', '', '', '0000-00-00 00:00:00', 1),
(501, 'EVF0830', 5, '', 'TK BU DJAMIYAH', 'JL MENOREH TIMUR IV NO 26', '', 0, '183', 0, 0, 1, '', '', 2000000, '14', 0, '', '', '', '0000-00-00 00:00:00', 1),
(502, 'EVF0829', 5, '', 'TK LIA', 'JL TAMAN KENDENG BARAT NO 20 DKT GAPURO', '', 0, '183', 0, 0, 1, '', '', 2000000, '14', 0, '', '', '', '0000-00-00 00:00:00', 1),
(503, 'EVF0262', 5, '', 'TK MBAK ADILA', 'JL TMN BOROBUDUR UTARA GANG 9 N0 3 BLKG/SMPG RAMAI', '', 0, '183', 0, 0, 1, '', '', 2000000, '14', 0, '', '', '', '0000-00-00 00:00:00', 1),
(504, 'EVF0833', 5, '', 'TK BAROKAH', 'JL BATURSARI RAYA', '', 0, '183', 0, 0, 1, '', '', 2000000, '14', 1, '', '', '', '0000-00-00 00:00:00', 1),
(505, 'EVF0831', 5, '', 'TK BU NUNUK', 'JL JATIKUSUMA RAYA SAMPING PLN', '', 0, '183', 0, 0, 1, '', '', 2000000, '14', 1, '', '', '', '0000-00-00 00:00:00', 1),
(506, 'EVF0832', 5, '', 'TK NDT', 'JL KAUMAN RAYA DKT AIR ISI ULANG BAGAS WARAS', '', 0, '183', 0, 0, 1, '', '', 2000000, '14', 1, '', '', '', '0000-00-00 00:00:00', 1),
(507, 'EVF0834', 5, '', 'TK CHIKA', 'JL WRINGIN JAJAR DELIK RT 6/1', '', 0, '183', 0, 0, 1, '', '', 2000000, '14', 1, '', '', '', '0000-00-00 00:00:00', 1),
(508, 'EVF0224', 5, '', 'TK KENANGA JAYA', 'JL BRAMBANG  SAMPING PASAR KARANGAWEN', '', 0, '183', 0, 0, 1, '', '', 2000000, '14', 1, '', '', '', '0000-00-00 00:00:00', 1),
(509, 'EVF0835', 5, '', 'TK AGUNG CELL', 'JL KEDUNGMUNDU RAYA GANG DPN POM BENSIN KEDUNG MUNDU', '', 0, '183', 0, 0, 1, '', '', 2000000, '14', 2, '', '', '', '0000-00-00 00:00:00', 1),
(510, 'EVF0836', 5, '', 'SD TLOGOSARI 06 PAK SUNARTO', 'JL SATRIO MANAH NO 1', '', 0, '183', 0, 0, 1, '', '', 2000000, '14', 3, '', '', '', '0000-00-00 00:00:00', 1),
(511, 'EVF0837', 5, '', 'TK BU AMI', 'JL KARANGGAWANG BARAT RT 9/14', '', 0, '183', 0, 0, 1, '', '', 2000000, '14', 3, '', '', '', '0000-00-00 00:00:00', 1),
(512, 'EVF0842', 5, '', 'SMP BARUNAWATI KNTN BU PARI', 'JL KAPTEN LAUT WIRATNO RAYA PELABUHAN TANJUNG MAS', '', 0, '183', 0, 0, 1, '', '', 2000000, '14', 4, '', '', '', '0000-00-00 00:00:00', 1),
(513, 'EVF0841', 5, '', 'TK BU WARSI', 'JL KAPTEN LAUT WIRATNO RAYA PELABUHAN TANJUNG MAS', '', 0, '183', 0, 0, 1, '', '', 2000000, '14', 0, '', '', '', '0000-00-00 00:00:00', 1),
(514, 'EVF0840', 5, '', 'TK IBU MARKAMAH', 'JL TIKUNG BARU III RT 3/7 SBLH MASJID MUTAGIN JUAL NASI SOTO', '', 0, '183', 0, 0, 1, '', '', 2000000, '14', 6, '', '', '', '0000-00-00 00:00:00', 1),
(515, 'EVF0838', 5, '', 'TK MAGLIBI', 'JL PONCOWOLO TIMUR RAYA  BULU NO 588 RT 7/6', '', 0, '183', 0, 0, 1, '', '', 2000000, '14', 0, '', '', '', '0000-00-00 00:00:00', 1),
(516, 'EVF0199', 5, '', 'TK PAK CAHYO', 'JL MAGERSARI 3/47 KEL PINDRIKAN KIDUL', '', 0, '183', 0, 0, 1, '', '', 2000000, '14', 0, '', '', '', '0000-00-00 00:00:00', 1),
(517, 'EVF0839', 5, '', 'TK PAK MUSTOFA', 'JL PONCOWOLO BARAT RAYA NO 617RT 8/6', '', 0, '183', 0, 0, 1, '', '', 2000000, '14', 0, '', '', '', '0000-00-00 00:00:00', 1),
(518, 'EVF0845', 5, '', 'TK ANJANI', 'JL TUGU REJO RAYA RT 2/1 DPN AM CELL', '', 0, '183', 0, 0, 1, '', '', 2000000, '14', 5, '', '', '', '0000-00-00 00:00:00', 1),
(519, 'EVF0846', 5, '', 'TK AROFAH', 'JL TUGU REJO RAYA RT 1/5', '', 0, '183', 0, 0, 1, '', '', 2000000, '14', 5, '', '', '', '0000-00-00 00:00:00', 1),
(520, 'EVF0844', 5, '', 'TK NAFIS', 'JL TUGU REJO RAYA RT 2/1', '', 0, '183', 0, 0, 1, '', '', 2000000, '14', 5, '', '', '', '0000-00-00 00:00:00', 1),
(521, 'EVF0843', 5, '', 'TK SASA', 'JL TUGU REJO RAYA NO 3 RT 3/1', '', 0, '183', 0, 0, 1, '', '', 2000000, '14', 5, '', '', '', '0000-00-00 00:00:00', 1),
(522, 'EVF0847', 5, '', 'TK MBAK UCIK', 'JL LAMPER TENGAH GANG 10 NO 8 RT1/8', '', 0, '183', 0, 0, 1, '', '', 2000000, '14', 6, '', '', '', '0000-00-00 00:00:00', 1),
(523, 'EVF0848', 5, '', 'TK BU NING', 'JL ARIBUANA 27 RT 5/XI DPN PUSKESMAS KROBOKAN', '', 0, '183', 0, 0, 1, '', '', 2000000, '14', 6, '', '', '', '0000-00-00 00:00:00', 1),
(524, 'EVF0850', 5, '', 'TK BU YITNO', 'JL PURWOYOSO 2 NO 38 RT 3/12 DPN BU SRIYATUN', '', 0, '183', 0, 0, 1, '', '', 2000000, '14', 0, '', '', '', '0000-00-00 00:00:00', 1),
(525, 'EVF0852', 5, '', 'TK BU JOKO JUAL ES JUS BUAH', 'JL KRUING RAYA DPN SD SRONDOL 05', '', 0, '183', 0, 0, 1, '', '', 2000000, '14', 0, '', '', '', '0000-00-00 00:00:00', 1),
(526, 'EVF0851', 5, '', 'TK SURYA', 'JL KRUING RAYA DPN SD SRONDOL 05', '', 0, '183', 0, 0, 1, '', '', 2000000, '14', 0, '', '', '', '0000-00-00 00:00:00', 1),
(527, 'EVF0853', 5, '', 'TK BU DALYONO', 'JL TAMTAMA TIMUR SAPTAMARGA 3 NO 264', '', 0, '183', 0, 0, 1, '', '', 2000000, '14', 0, '', '', '', '0000-00-00 00:00:00', 1),
(528, 'EVF0854', 5, '', 'TK PURNAMA', 'JL JANGLI PERBALAN TIMUR NO 2 RT 3/6', '', 0, '183', 0, 0, 1, '', '', 2000000, '14', 0, '', '', '', '0000-00-00 00:00:00', 1),
(529, 'EVF0855', 5, '', 'TK AJI PUTRA BENGKEL MOTOR', 'JL BANJARSARI RAYA 17 SBLH TOKO MAINAN', '', 0, '183', 0, 0, 1, '', '', 2000000, '14', 0, '', '', '', '0000-00-00 00:00:00', 1),
(530, 'EVF033', 5, '', 'TK SUKROSARI MAS TUMIRAN', 'JL RAYA PROF SUHARSO NO 1 ,METESEH', '', 0, '183', 0, 0, 1, '', '', 5000000, '14', 0, '', '', '', '0000-00-00 00:00:00', 1),
(531, 'EVF0860', 5, '', 'TK BAROKAH ,MBAK ERNIS', 'JL RAYA GENUK PAMONGAN RT 2/1 DPN MDL CELL', '', 0, '183', 0, 0, 1, '', '', 2000000, '14', 0, '', '', '', '0000-00-00 00:00:00', 1),
(532, 'EVF0857', 5, '', 'TK BU MARIA', 'JL BANJARDOWO RAYA RT 7/6', '', 0, '183', 0, 0, 1, '', '', 2000000, '14', 0, '', '', '', '0000-00-00 00:00:00', 1),
(533, 'EVF0858', 5, '', 'TK BU MASLAKAH', 'JL SEDAYU INDAH RAYA SMPNG BRI', '', 0, '183', 0, 0, 1, '', '', 2000000, '14', 0, '', '', '', '0000-00-00 00:00:00', 1),
(534, 'EVF0859', 5, '', 'TK BU TUN', 'JL BANGETAYU WETAN RT 2/1 SAMPING RA MIFTAHUL ULUM', '', 0, '183', 0, 0, 1, '', '', 2000000, '14', 0, '', '', '', '0000-00-00 00:00:00', 1),
(535, 'EVF0856', 5, '', 'TK SAS', 'JL BANJARDOWO RT 3/6', '', 0, '183', 0, 0, 1, '', '', 2000000, '14', 0, '', '', '', '0000-00-00 00:00:00', 1),
(536, 'EVF0863', 5, '', 'TK 47 MAS DONI', 'JL MENOREH IV NO 7 RT 1/4', '', 0, '183', 0, 0, 1, '', '', 2000000, '14', 0, '', '', '', '0000-00-00 00:00:00', 1),
(537, 'EVF0862', 5, '', 'TK BU KAUTZAR BU PRAM', 'JL KENDENG BARAT V NO 17 RT 5/6', '', 0, '183', 0, 0, 1, '', '', 2000000, '14', 0, '', '', '', '0000-00-00 00:00:00', 1),
(538, 'EVF0861', 5, '', 'TK BU NUR', 'JL KENDENG BARAT III NO 5 RT 3/5 DPN PUSKESMAS PEGANDAN', '', 0, '183', 0, 0, 1, '', '', 2000000, '14', 0, '', '', '', '0000-00-00 00:00:00', 1),
(539, 'EVF0864', 5, '', 'TK BU ASIH', 'JL RINGIN 3 RT 7/1 KALIPANCUR', '', 0, '183', 0, 0, 1, '', '', 2000000, '14', 0, '', '', '', '0000-00-00 00:00:00', 1),
(540, 'EVF0865', 5, '', 'TK BU SIRIN', 'JL RINGIN 3 RT 1/1 NO 5 KALIPANCUR', '', 0, '183', 0, 0, 1, '', '', 2000000, '14', 0, '', '', '', '0000-00-00 00:00:00', 1),
(541, 'EVF0870', 5, '', 'TK ABABIL', 'JL RAYA JAMUS RT 1/1', '', 0, '183', 0, 0, 1, '', '', 2000000, '14', 1, '', '', '', '0000-00-00 00:00:00', 1),
(542, 'EVF0867', 5, '', 'TK BARU', 'DPN PUPUK ESQ JL KEMBANG ARUM RAYA', '', 0, '183', 0, 0, 1, '', '', 2000000, '14', 1, '', '', '', '0000-00-00 00:00:00', 1),
(543, 'EVF0869', 5, '', 'TK BU ROMANAH', 'JL WRINGIN JAJAR DELIK RT 5/1', '', 0, '183', 0, 0, 1, '', '', 2000000, '14', 1, '', '', '', '0000-00-00 00:00:00', 1),
(544, 'EVF0866', 5, '', 'TK TIGA PURI', 'JL JATI KUSUMA RAYA NO 559', '', 0, '183', 0, 0, 1, '', '', 2000000, '14', 1, '', '', '', '0000-00-00 00:00:00', 1),
(545, 'EVF0050', 5, '', 'TK ASHAFA', 'JL KYAI ABDULMANAN NO 1 RT 06/RW 04', '', 0, '183', 0, 0, 1, '', '', 5000000, '14', 3, '', '', '', '0000-00-00 00:00:00', 1),
(546, 'EVF0875', 5, '', 'TK BU SUTINAH', 'JL KARANGGAWANG BARAT RT 10/XI', '', 0, '183', 0, 0, 1, '', '', 2000000, '14', 0, '', '', '', '0000-00-00 00:00:00', 1),
(547, 'EVF0315', 5, '', 'TK BU YATIMAH', 'JL NGEMPLAK RT 3/9 NO 33', '', 0, '183', 0, 0, 1, '', '', 2000000, '14', 3, '', '', '', '0000-00-00 00:00:00', 1),
(548, 'EVF0873', 5, '', 'TK ILISMA', 'JL GIRI MUKTI BARAT I NO 126', '', 0, '183', 0, 0, 1, '', '', 2000000, '14', 3, '', '', '', '0000-00-00 00:00:00', 1),
(549, 'EVF874', 5, '', 'TK LANCAR JOYO', 'JL GRAHA MUKTI RAYA NO 1149', '', 0, '183', 0, 0, 1, '', '', 200000, '14', 3, '', '', '', '0000-00-00 00:00:00', 1),
(550, 'EVF0872', 5, '', 'TK UMMI', 'JL LINTANG TRENGGONO 4 NO 36 RT 8/18', '', 0, '183', 0, 0, 1, '', '', 2000000, '14', 0, '', '', '', '0000-00-00 00:00:00', 1),
(551, 'EVF0876', 5, '', 'TK CERIA', 'JL SENTIAKI RAYA NO 48', '', 0, '183', 0, 0, 1, '', '', 2000000, '14', 0, '', '', '', '0000-00-00 00:00:00', 1),
(552, 'EVF0877', 5, '', 'TK SHANUM', 'JL SATRIA UTARA RAYA DKT GAPURA MERAH', '', 0, '183', 0, 0, 1, '', '', 2000000, '14', 0, '', '', '', '0000-00-00 00:00:00', 1),
(553, 'SMG1170', 5, '', 'TK BANTIR ELEKTRONIK ( ROZIKIN )', 'JL PALAGAN NO 29, 100m SEBELUM PASAR SUMOWONO', '', 0, '183', 0, 0, 1, '', '', 10000000, '14', 0, '', '', '', '0000-00-00 00:00:00', 1),
(554, 'EVF0879', 5, '', 'TK BU HARI', 'JL POTRO SARI TENGAH NO 13 RT 2/1 BLKG ADA SRONDOL', '', 0, '183', 0, 0, 1, '', '', 2000000, '14', 0, '', '', '', '0000-00-00 00:00:00', 1),
(555, 'EVF0880', 5, '', 'TK POJOK BU SRI', 'JL KANTIL SARI', '', 0, '183', 0, 0, 1, '', '', 2000000, '14', 0, '', '', '', '0000-00-00 00:00:00', 1),
(556, 'EVF0878', 5, '', 'TK TIWI', 'JL POTRO SARI TENGAH NO 12 BLKG ADA SRONDOL', '', 0, '183', 0, 0, 1, '', '', 2000000, '14', 0, '', '', '', '0000-00-00 00:00:00', 1),
(557, 'EVF0881', 5, '', 'TK RIZKI BAROKAH', 'JL DINARMAS RAYA DEKAT KANTOR PEMASARAN VICTORIA', '', 0, '183', 0, 0, 1, '', '', 2000000, '14', 0, '', '', '', '0000-00-00 00:00:00', 1),
(558, 'EVF070', 5, '', 'BPK ROWI KANTIN', 'SMP FUTUHIYAH PALEBON', '', 0, '183', 0, 0, 1, '', '', 5000000, '14', 3, '', '', '', '0000-00-00 00:00:00', 1),
(559, 'EVF0887', 5, '', 'TK BAROKAH IBU KHOTIJAH', 'JL KUDU RAYA SEMBUNG HARJO RT 1/7 DPN TB DELTA', '', 0, '183', 0, 0, 1, '', '', 2000000, '14', 0, '', '', '', '0000-00-00 00:00:00', 1),
(560, 'EVF0884', 5, '', 'TK BU SURANTI', 'JL BANJARDOWO RAYA RT 3/6', '', 0, '183', 0, 0, 1, '', '', 2000000, '14', 0, '', '', '', '0000-00-00 00:00:00', 1),
(561, 'EVF0883', 5, '', 'TK MUKHLAS', 'JL BANJARDOWO RAYA RT 4/6', '', 0, '183', 0, 0, 1, '', '', 2000000, '14', 0, '', '', '', '0000-00-00 00:00:00', 1),
(562, 'EVF0885', 5, '', 'TK PAK KHOIRON', 'JL WIDORO RAYA RT 1/2', '', 0, '183', 0, 0, 1, '', '', 2000000, '14', 0, '', '', '', '0000-00-00 00:00:00', 1),
(563, 'EVF0886', 5, '', 'TK PAK NURSALIM', 'JL BANJARDOWO RAYA RT 4/6', '', 0, '183', 0, 0, 1, '', '', 2000000, '14', 0, '', '', '', '0000-00-00 00:00:00', 1),
(564, 'EVF0882', 5, '', 'TK RIZKI', 'JL PULOSARI RAYA RT 4/4', '', 0, '183', 0, 0, 1, '', '', 2000000, '14', 0, '', '', '', '0000-00-00 00:00:00', 1),
(565, 'EVF0889', 5, '', 'TK 12 BU PRIHATI', 'JL TAMBAK HARJO RT 1/1 SBLM SD TAMBAK REJO 02', '', 0, '183', 0, 0, 1, '', '', 2000000, '14', 0, '', '', '', '0000-00-00 00:00:00', 1),
(566, 'EVF0890', 5, '', 'TK BPK GIRI', 'JL KALIGAWE KEL KEMIJEN KP MARGOREJO TIMUR RT 9/5', '', 0, '183', 0, 0, 1, '', '', 2000000, '14', 0, '', '', '', '0000-00-00 00:00:00', 1),
(567, 'EVF0888', 5, '', 'TK MBAK SATUNLASTRI', 'JL KALIGAWE RAYA SAMPING SOTO PAK MUL', '', 0, '183', 0, 0, 1, '', '', 2000000, '14', 0, '', '', '', '0000-00-00 00:00:00', 1),
(568, 'EVF0891', 5, '', 'TK ADINDA IBU DINDA', 'JL UNTUNG SUROPATI KALIPANCUR DPN SMA 7', '', 0, '183', 0, 0, 1, '', '', 2000000, '14', 0, '', '', '', '0000-00-00 00:00:00', 1),
(569, 'EVF0893', 5, '', 'TK BERKAH (MBAK SITI KOMARIAH)', 'JL PATEMON RT 2/1 DPN SD PATEMON 1', '', 0, '183', 0, 0, 1, '', '', 2000000, '14', 0, '', '', '', '0000-00-00 00:00:00', 1),
(570, 'EVF0892', 5, '', 'TK DIMAS CELL (MBAK TITIN)', 'JL SADENG RAYA RT 4/2', '', 0, '183', 0, 0, 1, '', '', 2000000, '14', 0, '', '', '', '0000-00-00 00:00:00', 1),
(571, 'EVF0894', 5, '', 'TK DWI AGUNG (BU MASTUROH)', 'JL TAMAN SISWA NO 8 RT 1/2 DEPO ISI ULANG', '', 0, '183', 0, 0, 1, '', '', 2000000, '14', 0, '', '', '', '0000-00-00 00:00:00', 1),
(572, 'EVF0900', 5, '', 'TK BU KARTINI', 'JL KEMBANG ARUM RAYA DPN BENGKEL INDRAJAYA MONTOR', '', 0, '183', 0, 0, 1, '', '', 2000000, '14', 0, '', '', '', '0000-00-00 00:00:00', 1),
(573, 'EVF0897', 5, '', 'TK BU MUTMAINAH', 'JL KYAI ABDURAHMAN RT 5/1 DPN MADRASAH ALIYAH', '', 0, '183', 0, 0, 1, '', '', 2000000, '14', 0, '', '', '', '0000-00-00 00:00:00', 1),
(574, 'EVF0895', 5, '', 'TK ISTIQOMAH (MBAK ELI)', 'JL KAUMAN RT 2/1', '', 0, '183', 0, 0, 1, '', '', 2000000, '14', 0, '', '', '', '0000-00-00 00:00:00', 1),
(575, 'EVF0896', 5, '', 'TK WAWAN CELL', 'JL KEMBANG ARUM  RAYA DPN SEKOLAH SAFIIYAH', '', 0, '183', 0, 0, 1, '', '', 2000000, '14', 0, '', '', '', '0000-00-00 00:00:00', 1),
(576, 'EVF0487', 5, '', 'TK IJO', 'JL KH NASIR RT 3/37', '', 0, '183', 0, 0, 1, '', '', 2000000, '14', 1, '', '', '', '0000-00-00 00:00:00', 1),
(577, 'EVF0775', 4, '', 'TK MANBA', 'JL TAMAN SISWA RAYA', '', 0, '183', 0, 0, 1, '', '', 2000000, '14', 0, '', '', '', '0000-00-00 00:00:00', 1),
(578, 'EVF0776', 4, '', 'TK MANGGA 2 (MBAK NANING)', 'JL TAMAN SISWA NO 34 RT 3 RW 4', '', 0, '183', 0, 0, 1, '', '', 2000000, '14', 0, '', '', '', '0000-00-00 00:00:00', 1),
(579, 'EVF0786', 4, '', 'TK TIRTA MULYA', 'JL KETILENG RAYA NO 15A', '', 0, '183', 0, 0, 1, '', '', 2000000, '14', 2, '', '', '', '0000-00-00 00:00:00', 1),
(580, 'TMG003', 4, '', 'MURAH JAYA', 'JL SMP 2 BALUN RT 1 CARUBAN KANDANGAN', '', 0, '184', 0, 0, 1, '', '', 2000000, '14', 0, '', '', '', '0000-00-00 00:00:00', 1),
(581, 'EVF0818', 4, '', 'PAK HARI', 'JL RAMIN 1190 PLAMONGAN INDAH', '', 0, '183', 0, 0, 1, '', '', 2000000, '14', 2, '', '', '', '0000-00-00 00:00:00', 1),
(582, 'KBM003', 4, '', 'TK IDOLA', 'RUKO PSR UNGARAN KUTO WINANGUN', '', 0, '166', 0, 0, 1, '', '', 3000000, '14', 0, '', '', '', '0000-00-00 00:00:00', 1),
(583, 'EVF0871', 4, '', 'TK NUR', 'JL KYAI MORANG NO 129 RT 1/6', '', 0, '183', 0, 0, 1, '', '', 2000000, '14', 0, '', '', '', '0000-00-00 00:00:00', 1),
(584, 'EVF0868', 4, '', 'TK PAK JITO BU BADIEM', 'JL WRINGIN JAJAR DELIK RT 6/1', '', 0, '183', 0, 0, 1, '', '', 2000000, '14', 0, '', '', '', '0000-00-00 00:00:00', 1),
(585, 'OF00008', 2, '', 'OM JUN', 'KAMPUNG UTRI', '', 0, '183', 0, 0, 1, '', '', 5000000, '14', 1, '', '', '', '0000-00-00 00:00:00', 1),
(586, 'SMG0039', 2, '', 'DESI', 'CITARUM RAYA 79', '', 0, '183', 0, 0, 1, '', '', 2000000, '14', 0, '', '', '', '0000-00-00 00:00:00', 1),
(587, 'PRJ001', 2, '', 'TK 87', 'JL AHMAD YANI 195,PURWOREJO', '', 0, '167', 0, 0, 1, '', '', 5000000, '14', 0, '', '', '', '0000-00-00 00:00:00', 1),
(588, '', 0, '', '', '', '', 0, '', 0, NULL, 0, '', '', 0, '', 0, NULL, NULL, NULL, '2016-12-09 22:09:57', 0);

-- --------------------------------------------------------

--
-- Table structure for table `detailuser`
--

CREATE TABLE `detailuser` (
  `id_detail` int(100) NOT NULL,
  `ID` varchar(100) DEFAULT NULL,
  `namaLengkap` varchar(100) DEFAULT NULL,
  `tgl_lahir` varchar(100) DEFAULT NULL,
  `avatar` varchar(200) DEFAULT NULL,
  `email` varchar(100) DEFAULT NULL,
  `telp` varchar(15) DEFAULT NULL,
  `keterangan` text NOT NULL,
  `tanggal_daftar` date DEFAULT NULL
) ENGINE=MyISAM DEFAULT CHARSET=latin1;

--
-- Dumping data for table `detailuser`
--

INSERT INTO `detailuser` (`id_detail`, `ID`, `namaLengkap`, `tgl_lahir`, `avatar`, `email`, `telp`, `keterangan`, `tanggal_daftar`) VALUES
(18, 'U1', 'Widi Yutriatmansyah', NULL, 'avatar04.png', NULL, NULL, '', '2016-02-26'),
(108, 'U19', 'Joni', NULL, 'avatar04.png', NULL, NULL, '0', NULL),
(110, 'U110', 'Edi', NULL, NULL, NULL, NULL, '0', NULL),
(113, 'U111', 'tio', NULL, 'avatar04.png', NULL, NULL, '0', NULL);

-- --------------------------------------------------------

--
-- Table structure for table `master_jabatan`
--

CREATE TABLE `master_jabatan` (
  `id` int(10) NOT NULL,
  `nama_jabatan` varchar(100) NOT NULL
) ENGINE=InnoDB DEFAULT CHARSET=latin1;

--
-- Dumping data for table `master_jabatan`
--

INSERT INTO `master_jabatan` (`id`, `nama_jabatan`) VALUES
(1, 'Admin'),
(2, 'Superviser'),
(3, 'Owner'),
(4, 'Manager'),
(5, 'Kasir'),
(6, 'Teknisi'),
(7, 'Admin Gudang'),
(8, 'Sales'),
(9, 'Driver'),
(10, 'Helper'),
(99, 'Superadmin');

-- --------------------------------------------------------

--
-- Table structure for table `master_kode_kunjungan`
--

CREATE TABLE `master_kode_kunjungan` (
  `id` int(11) NOT NULL,
  `nama` varchar(255) DEFAULT NULL
) ENGINE=InnoDB DEFAULT CHARSET=latin1;

--
-- Dumping data for table `master_kode_kunjungan`
--

INSERT INTO `master_kode_kunjungan` (`id`, `nama`) VALUES
(1, 'SENIN'),
(2, 'SELASA'),
(3, 'RABU'),
(4, 'KAMIS'),
(5, 'JUMAT'),
(6, 'SABTU'),
(7, 'MINGGU');

-- --------------------------------------------------------

--
-- Table structure for table `master_kota`
--

CREATE TABLE `master_kota` (
  `id` int(11) NOT NULL,
  `id_provinsi` int(11) NOT NULL,
  `nama_kota` varchar(200) NOT NULL
) ENGINE=InnoDB DEFAULT CHARSET=latin1;

--
-- Dumping data for table `master_kota`
--

INSERT INTO `master_kota` (`id`, `id_provinsi`, `nama_kota`) VALUES
(1101, 11, 'Kab. Simeulue'),
(1102, 11, 'Kab. Aceh Singkil'),
(1103, 11, 'Kab. Aceh Selatan'),
(1104, 11, 'Kab. Aceh Tenggara'),
(1105, 11, 'Kab. Aceh Timur'),
(1106, 11, 'Kab. Aceh Tengah'),
(1107, 11, 'Kab. Aceh Barat'),
(1108, 11, 'Kab. Aceh Besar'),
(1109, 11, 'Kab. Pidie'),
(1110, 11, 'Kab. Bireuen'),
(1111, 11, 'Kab. Aceh Utara'),
(1112, 11, 'Kab. Aceh Barat Daya'),
(1113, 11, 'Kab. Gayo Lues'),
(1114, 11, 'Kab. Aceh Tamiang'),
(1115, 11, 'Kab. Nagan Raya'),
(1116, 11, 'Kab. Aceh Jaya'),
(1117, 11, 'Kab. Bener Meriah'),
(1118, 11, 'Kab. Pidie Jaya'),
(1171, 11, 'Kota Banda Aceh'),
(1172, 11, 'Kota Sabang'),
(1173, 11, 'Kota Langsa'),
(1174, 11, 'Kota Lhokseumawe'),
(1175, 11, 'Kota Subulussalam'),
(1201, 12, 'Kab. Nias'),
(1202, 12, 'Kab. Mandailing Natal'),
(1203, 12, 'Kab. Tapanuli Selatan'),
(1204, 12, 'Kab. Tapanuli Tengah'),
(1205, 12, 'Kab. Tapanuli Utara'),
(1206, 12, 'Kab. Toba Samosir'),
(1207, 12, 'Kab. Labuhan Batu'),
(1208, 12, 'Kab. Asahan'),
(1209, 12, 'Kab. Simalungun'),
(1210, 12, 'Kab. Dairi'),
(1211, 12, 'Kab. Karo'),
(1212, 12, 'Kab. Deli Serdang'),
(1213, 12, 'Kab. Langkat'),
(1214, 12, 'Kab. Nias Selatan'),
(1215, 12, 'Kab. Humbang Hasundutan'),
(1216, 12, 'Kab. Pakpak Bharat'),
(1217, 12, 'Kab. Samosir'),
(1218, 12, 'Kab. Serdang Bedagai'),
(1219, 12, 'Kab. Batu Bara'),
(1220, 12, 'Kab. Padang Lawas Utara'),
(1221, 12, 'Kab. Padang Lawas'),
(1222, 12, 'Kab. Labuhan Batu Selatan'),
(1223, 12, 'Kab. Labuhan Batu Utara'),
(1224, 12, 'Kab. Nias Utara'),
(1225, 12, 'Kab. Nias Barat'),
(1271, 12, 'Kota Sibolga'),
(1272, 12, 'Kota Tanjung Balai'),
(1273, 12, 'Kota Pematang Siantar'),
(1274, 12, 'Kota Tebing Tinggi'),
(1275, 12, 'Kota Medan'),
(1276, 12, 'Kota Binjai'),
(1277, 12, 'Kota Padangsidimpuan'),
(1278, 12, 'Kota Gunungsitoli'),
(1301, 13, 'Kab. Kepulauan Mentawai'),
(1302, 13, 'Kab. Pesisir Selatan'),
(1303, 13, 'Kab. Solok'),
(1304, 13, 'Kab. Sijunjung'),
(1305, 13, 'Kab. Tanah Datar'),
(1306, 13, 'Kab. Padang Pariaman'),
(1307, 13, 'Kab. Agam'),
(1308, 13, 'Kab. Lima Puluh Kota'),
(1309, 13, 'Kab. Pasaman'),
(1310, 13, 'Kab. Solok Selatan'),
(1311, 13, 'Kab. Dharmasraya'),
(1312, 13, 'Kab. Pasaman Barat'),
(1371, 13, 'Kota Padang'),
(1372, 13, 'Kota Solok'),
(1373, 13, 'Kota Sawah Lunto'),
(1374, 13, 'Kota Padang Panjang'),
(1375, 13, 'Kota Bukittinggi'),
(1376, 13, 'Kota Payakumbuh'),
(1377, 13, 'Kota Pariaman'),
(1401, 14, 'Kab. Kuantan Singingi'),
(1402, 14, 'Kab. Indragiri Hulu'),
(1403, 14, 'Kab. Indragiri Hilir'),
(1404, 14, 'Kab. Pelalawan'),
(1405, 14, 'Kab. S I A K'),
(1406, 14, 'Kab. Kampar'),
(1407, 14, 'Kab. Rokan Hulu'),
(1408, 14, 'Kab. Bengkalis'),
(1409, 14, 'Kab. Rokan Hilir'),
(1410, 14, 'Kab. Kepulauan Meranti'),
(1471, 14, 'Kota Pekanbaru'),
(1473, 14, 'Kota D U M A I'),
(1501, 15, 'Kab. Kerinci'),
(1502, 15, 'Kab. Merangin'),
(1503, 15, 'Kab. Sarolangun'),
(1504, 15, 'Kab. Batang Hari'),
(1505, 15, 'Kab. Muaro Jambi'),
(1506, 15, 'Kab. Tanjung Jabung Timur'),
(1507, 15, 'Kab. Tanjung Jabung Barat'),
(1508, 15, 'Kab. Tebo'),
(1509, 15, 'Kab. Bungo'),
(1571, 15, 'Kota Jambi'),
(1572, 15, 'Kota Sungai Penuh'),
(1601, 16, 'Kab. Ogan Komering Ulu'),
(1602, 16, 'Kab. Ogan Komering Ilir'),
(1603, 16, 'Kab. Muara Enim'),
(1604, 16, 'Kab. Lahat'),
(1605, 16, 'Kab. Musi Rawas'),
(1606, 16, 'Kab. Musi Banyuasin'),
(1607, 16, 'Kab. Banyu Asin'),
(1608, 16, 'Kab. Ogan Komering Ulu Selatan'),
(1609, 16, 'Kab. Ogan Komering Ulu Timur'),
(1610, 16, 'Kab. Ogan Ilir'),
(1611, 16, 'Kab. Empat Lawang'),
(1671, 16, 'Kota Palembang'),
(1672, 16, 'Kota Prabumulih'),
(1673, 16, 'Kota Pagar Alam'),
(1674, 16, 'Kota Lubuklinggau'),
(1701, 17, 'Kab. Bengkulu Selatan'),
(1702, 17, 'Kab. Rejang Lebong'),
(1703, 17, 'Kab. Bengkulu Utara'),
(1704, 17, 'Kab. Kaur'),
(1705, 17, 'Kab. Seluma'),
(1706, 17, 'Kab. Mukomuko'),
(1707, 17, 'Kab. Lebong'),
(1708, 17, 'Kab. Kepahiang'),
(1709, 17, 'Kab. Bengkulu Tengah'),
(1771, 17, 'Kota Bengkulu'),
(1801, 18, 'Kab. Lampung Barat'),
(1802, 18, 'Kab. Tanggamus'),
(1803, 18, 'Kab. Lampung Selatan'),
(1804, 18, 'Kab. Lampung Timur'),
(1805, 18, 'Kab. Lampung Tengah'),
(1806, 18, 'Kab. Lampung Utara'),
(1807, 18, 'Kab. Way Kanan'),
(1808, 18, 'Kab. Tulangbawang'),
(1809, 18, 'Kab. Pesawaran'),
(1810, 18, 'Kab. Pringsewu'),
(1811, 18, 'Kab. Mesuji'),
(1812, 18, 'Kab. Tulang Bawang Barat'),
(1813, 18, 'Kab. Pesisir Barat'),
(1871, 18, 'Kota Bandar Lampung'),
(1872, 18, 'Kota Metro'),
(1901, 19, 'Kab. Bangka'),
(1902, 19, 'Kab. Belitung'),
(1903, 19, 'Kab. Bangka Barat'),
(1904, 19, 'Kab. Bangka Tengah'),
(1905, 19, 'Kab. Bangka Selatan'),
(1906, 19, 'Kab. Belitung Timur'),
(1971, 19, 'Kota Pangkal Pinang'),
(2101, 21, 'Kab. Karimun'),
(2102, 21, 'Kab. Bintan'),
(2103, 21, 'Kab. Natuna'),
(2104, 21, 'Kab. Lingga'),
(2105, 21, 'Kab. Kepulauan Anambas'),
(2171, 21, 'Kota B A T A M'),
(2172, 21, 'Kota Tanjung Pinang'),
(3101, 31, 'Kab. Kepulauan Seribu'),
(3171, 31, 'Kota Jakarta Selatan'),
(3172, 31, 'Kota Jakarta Timur'),
(3173, 31, 'Kota Jakarta Pusat'),
(3174, 31, 'Kota Jakarta Barat'),
(3175, 31, 'Kota Jakarta Utara'),
(3201, 32, 'Kab. Bogor'),
(3202, 32, 'Kab. Sukabumi'),
(3203, 32, 'Kab. Cianjur'),
(3204, 32, 'Kab. Bandung'),
(3205, 32, 'Kab. Garut'),
(3206, 32, 'Kab. Tasikmalaya'),
(3207, 32, 'Kab. Ciamis'),
(3208, 32, 'Kab. Kuningan'),
(3209, 32, 'Kab. Cirebon'),
(3210, 32, 'Kab. Majalengka'),
(3211, 32, 'Kab. Sumedang'),
(3212, 32, 'Kab. Indramayu'),
(3213, 32, 'Kab. Subang'),
(3214, 32, 'Kab. Purwakarta'),
(3215, 32, 'Kab. Karawang'),
(3216, 32, 'Kab. Bekasi'),
(3217, 32, 'Kab. Bandung Barat'),
(3218, 32, 'Kab. Pangandaran'),
(3271, 32, 'Kota Bogor'),
(3272, 32, 'Kota Sukabumi'),
(3273, 32, 'Kota Bandung'),
(3274, 32, 'Kota Cirebon'),
(3275, 32, 'Kota Bekasi'),
(3276, 32, 'Kota Depok'),
(3277, 32, 'Kota Cimahi'),
(3278, 32, 'Kota Tasikmalaya'),
(3279, 32, 'Kota Banjar'),
(3301, 33, 'Kab. Cilacap'),
(3302, 33, 'Kab. Banyumas'),
(3303, 33, 'Kab. Purbalingga'),
(3304, 33, 'Kab. Banjarnegara'),
(3305, 33, 'Kab. Kebumen'),
(3306, 33, 'Kab. Purworejo'),
(3307, 33, 'Kab. Wonosobo'),
(3308, 33, 'Kab. Magelang'),
(3309, 33, 'Kab. Boyolali'),
(3310, 33, 'Kab. Klaten'),
(3311, 33, 'Kab. Sukoharjo'),
(3312, 33, 'Kab. Wonogiri'),
(3313, 33, 'Kab. Karanganyar'),
(3314, 33, 'Kab. Sragen'),
(3315, 33, 'Kab. Grobogan'),
(3316, 33, 'Kab. Blora'),
(3317, 33, 'Kab. Rembang'),
(3318, 33, 'Kab. Pati'),
(3319, 33, 'Kab. Kudus'),
(3320, 33, 'Kab. Jepara'),
(3321, 33, 'Kab. Demak'),
(3322, 33, 'Kab. Semarang'),
(3323, 33, 'Kab. Temanggung'),
(3324, 33, 'Kab. Kendal'),
(3325, 33, 'Kab. Batang'),
(3326, 33, 'Kab. Pekalongan'),
(3327, 33, 'Kab. Pemalang'),
(3328, 33, 'Kab. Tegal'),
(3329, 33, 'Kab. Brebes'),
(3371, 33, 'Kota Magelang'),
(3372, 33, 'Kota Surakarta'),
(3373, 33, 'Kota Salatiga'),
(3374, 33, 'Kota Semarang'),
(3375, 33, 'Kota Pekalongan'),
(3376, 33, 'Kota Tegal'),
(3401, 34, 'Kab. Kulon Progo'),
(3402, 34, 'Kab. Bantul'),
(3403, 34, 'Kab. Gunung Kidul'),
(3404, 34, 'Kab. Sleman'),
(3471, 34, 'Kota Yogyakarta'),
(3501, 35, 'Kab. Pacitan'),
(3502, 35, 'Kab. Ponorogo'),
(3503, 35, 'Kab. Trenggalek'),
(3504, 35, 'Kab. Tulungagung'),
(3505, 35, 'Kab. Blitar'),
(3506, 35, 'Kab. Kediri'),
(3507, 35, 'Kab. Malang'),
(3508, 35, 'Kab. Lumajang'),
(3509, 35, 'Kab. Jember'),
(3510, 35, 'Kab. Banyuwangi'),
(3511, 35, 'Kab. Bondowoso'),
(3512, 35, 'Kab. Situbondo'),
(3513, 35, 'Kab. Probolinggo'),
(3514, 35, 'Kab. Pasuruan'),
(3515, 35, 'Kab. Sidoarjo'),
(3516, 35, 'Kab. Mojokerto'),
(3517, 35, 'Kab. Jombang'),
(3518, 35, 'Kab. Nganjuk'),
(3519, 35, 'Kab. Madiun'),
(3520, 35, 'Kab. Magetan'),
(3521, 35, 'Kab. Ngawi'),
(3522, 35, 'Kab. Bojonegoro'),
(3523, 35, 'Kab. Tuban'),
(3524, 35, 'Kab. Lamongan'),
(3525, 35, 'Kab. Gresik'),
(3526, 35, 'Kab. Bangkalan'),
(3527, 35, 'Kab. Sampang'),
(3528, 35, 'Kab. Pamekasan'),
(3529, 35, 'Kab. Sumenep'),
(3571, 35, 'Kota Kediri'),
(3572, 35, 'Kota Blitar'),
(3573, 35, 'Kota Malang'),
(3574, 35, 'Kota Probolinggo'),
(3575, 35, 'Kota Pasuruan'),
(3576, 35, 'Kota Mojokerto'),
(3577, 35, 'Kota Madiun'),
(3578, 35, 'Kota Surabaya'),
(3579, 35, 'Kota Batu'),
(3601, 36, 'Kab. Pandeglang'),
(3602, 36, 'Kab. Lebak'),
(3603, 36, 'Kab. Tangerang'),
(3604, 36, 'Kab. Serang'),
(3671, 36, 'Kota Tangerang'),
(3672, 36, 'Kota Cilegon'),
(3673, 36, 'Kota Serang'),
(3674, 36, 'Kota Tangerang Selatan'),
(5101, 51, 'Kab. Jembrana'),
(5102, 51, 'Kab. Tabanan'),
(5103, 51, 'Kab. Badung'),
(5104, 51, 'Kab. Gianyar'),
(5105, 51, 'Kab. Klungkung'),
(5106, 51, 'Kab. Bangli'),
(5107, 51, 'Kab. Karang Asem'),
(5108, 51, 'Kab. Buleleng'),
(5171, 51, 'Kota Denpasar'),
(5201, 52, 'Kab. Lombok Barat'),
(5202, 52, 'Kab. Lombok Tengah'),
(5203, 52, 'Kab. Lombok Timur'),
(5204, 52, 'Kab. Sumbawa'),
(5205, 52, 'Kab. Dompu'),
(5206, 52, 'Kab. Bima'),
(5207, 52, 'Kab. Sumbawa Barat'),
(5208, 52, 'Kab. Lombok Utara'),
(5271, 52, 'Kota Mataram'),
(5272, 52, 'Kota Bima'),
(5301, 53, 'Kab. Sumba Barat'),
(5302, 53, 'Kab. Sumba Timur'),
(5303, 53, 'Kab. Kupang'),
(5304, 53, 'Kab. Timor Tengah Selatan'),
(5305, 53, 'Kab. Timor Tengah Utara'),
(5306, 53, 'Kab. Belu'),
(5307, 53, 'Kab. Alor'),
(5308, 53, 'Kab. Lembata'),
(5309, 53, 'Kab. Flores Timur'),
(5310, 53, 'Kab. Sikka'),
(5311, 53, 'Kab. Ende'),
(5312, 53, 'Kab. Ngada'),
(5313, 53, 'Kab. Manggarai'),
(5314, 53, 'Kab. Rote Ndao'),
(5315, 53, 'Kab. Manggarai Barat'),
(5316, 53, 'Kab. Sumba Tengah'),
(5317, 53, 'Kab. Sumba Barat Daya'),
(5318, 53, 'Kab. Nagekeo'),
(5319, 53, 'Kab. Manggarai Timur'),
(5320, 53, 'Kab. Sabu Raijua'),
(5371, 53, 'Kota Kupang'),
(6101, 61, 'Kab. Sambas'),
(6102, 61, 'Kab. Bengkayang'),
(6103, 61, 'Kab. Landak'),
(6104, 61, 'Kab. Pontianak'),
(6105, 61, 'Kab. Sanggau'),
(6106, 61, 'Kab. Ketapang'),
(6107, 61, 'Kab. Sintang'),
(6108, 61, 'Kab. Kapuas Hulu'),
(6109, 61, 'Kab. Sekadau'),
(6110, 61, 'Kab. Melawi'),
(6111, 61, 'Kab. Kayong Utara'),
(6112, 61, 'Kab. Kubu Raya'),
(6171, 61, 'Kota Pontianak'),
(6172, 61, 'Kota Singkawang'),
(6201, 62, 'Kab. Kotawaringin Barat'),
(6202, 62, 'Kab. Kotawaringin Timur'),
(6203, 62, 'Kab. Kapuas'),
(6204, 62, 'Kab. Barito Selatan'),
(6205, 62, 'Kab. Barito Utara'),
(6206, 62, 'Kab. Sukamara'),
(6207, 62, 'Kab. Lamandau'),
(6208, 62, 'Kab. Seruyan'),
(6209, 62, 'Kab. Katingan'),
(6210, 62, 'Kab. Pulang Pisau'),
(6211, 62, 'Kab. Gunung Mas'),
(6212, 62, 'Kab. Barito Timur'),
(6213, 62, 'Kab. Murung Raya'),
(6271, 62, 'Kota Palangka Raya'),
(6301, 63, 'Kab. Tanah Laut'),
(6302, 63, 'Kab. Kota Baru'),
(6303, 63, 'Kab. Banjar'),
(6304, 63, 'Kab. Barito Kuala'),
(6305, 63, 'Kab. Tapin'),
(6306, 63, 'Kab. Hulu Sungai Selatan'),
(6307, 63, 'Kab. Hulu Sungai Tengah'),
(6308, 63, 'Kab. Hulu Sungai Utara'),
(6309, 63, 'Kab. Tabalong'),
(6310, 63, 'Kab. Tanah Bumbu'),
(6311, 63, 'Kab. Balangan'),
(6371, 63, 'Kota Banjarmasin'),
(6372, 63, 'Kota Banjar Baru'),
(6401, 64, 'Kab. Paser'),
(6402, 64, 'Kab. Kutai Barat'),
(6403, 64, 'Kab. Kutai Kartanegara'),
(6404, 64, 'Kab. Kutai Timur'),
(6405, 64, 'Kab. Berau'),
(6409, 64, 'Kab. Penajam Paser Utara'),
(6471, 64, 'Kota Balikpapan'),
(6472, 64, 'Kota Samarinda'),
(6474, 64, 'Kota Bontang'),
(6501, 65, 'Kab. Malinau'),
(6502, 65, 'Kab. Bulungan'),
(6503, 65, 'Kab. Tana Tidung'),
(6504, 65, 'Kab. Nunukan'),
(6571, 65, 'Kota Tarakan'),
(7101, 71, 'Kab. Bolaang Mongondow'),
(7102, 71, 'Kab. Minahasa'),
(7103, 71, 'Kab. Kepulauan Sangihe'),
(7104, 71, 'Kab. Kepulauan Talaud'),
(7105, 71, 'Kab. Minahasa Selatan'),
(7106, 71, 'Kab. Minahasa Utara'),
(7107, 71, 'Kab. Bolaang Mongondow Utara'),
(7108, 71, 'Kab. Siau Tagulandang Biaro'),
(7109, 71, 'Kab. Minahasa Tenggara'),
(7110, 71, 'Kab. Bolaang Mongondow Selatan'),
(7111, 71, 'Kab. Bolaang Mongondow Timur'),
(7171, 71, 'Kota Manado'),
(7172, 71, 'Kota Bitung'),
(7173, 71, 'Kota Tomohon'),
(7174, 71, 'Kota Kotamobagu'),
(7201, 72, 'Kab. Banggai Kepulauan'),
(7202, 72, 'Kab. Banggai'),
(7203, 72, 'Kab. Morowali'),
(7204, 72, 'Kab. Poso'),
(7205, 72, 'Kab. Donggala'),
(7206, 72, 'Kab. Toli-toli'),
(7207, 72, 'Kab. Buol'),
(7208, 72, 'Kab. Parigi Moutong'),
(7209, 72, 'Kab. Tojo Una-una'),
(7210, 72, 'Kab. Sigi'),
(7271, 72, 'Kota Palu'),
(7301, 73, 'Kab. Kepulauan Selayar'),
(7302, 73, 'Kab. Bulukumba'),
(7303, 73, 'Kab. Bantaeng'),
(7304, 73, 'Kab. Jeneponto'),
(7305, 73, 'Kab. Takalar'),
(7306, 73, 'Kab. Gowa'),
(7307, 73, 'Kab. Sinjai'),
(7308, 73, 'Kab. Maros'),
(7309, 73, 'Kab. Pangkajene Dan Kepulauan'),
(7310, 73, 'Kab. Barru'),
(7311, 73, 'Kab. Bone'),
(7312, 73, 'Kab. Soppeng'),
(7313, 73, 'Kab. Wajo'),
(7314, 73, 'Kab. Sidenreng Rappang'),
(7315, 73, 'Kab. Pinrang'),
(7316, 73, 'Kab. Enrekang'),
(7317, 73, 'Kab. Luwu'),
(7318, 73, 'Kab. Tana Toraja'),
(7322, 73, 'Kab. Luwu Utara'),
(7325, 73, 'Kab. Luwu Timur'),
(7326, 73, 'Kab. Toraja Utara'),
(7371, 73, 'Kota Makassar'),
(7372, 73, 'Kota Parepare'),
(7373, 73, 'Kota Palopo'),
(7401, 74, 'Kab. Buton'),
(7402, 74, 'Kab. Muna'),
(7403, 74, 'Kab. Konawe'),
(7404, 74, 'Kab. Kolaka'),
(7405, 74, 'Kab. Konawe Selatan'),
(7406, 74, 'Kab. Bombana'),
(7407, 74, 'Kab. Wakatobi'),
(7408, 74, 'Kab. Kolaka Utara'),
(7409, 74, 'Kab. Buton Utara'),
(7410, 74, 'Kab. Konawe Utara'),
(7471, 74, 'Kota Kendari'),
(7472, 74, 'Kota Baubau'),
(7501, 75, 'Kab. Boalemo'),
(7502, 75, 'Kab. Gorontalo'),
(7503, 75, 'Kab. Pohuwato'),
(7504, 75, 'Kab. Bone Bolango'),
(7505, 75, 'Kab. Gorontalo Utara'),
(7571, 75, 'Kota Gorontalo'),
(7601, 76, 'Kab. Majene'),
(7602, 76, 'Kab. Polewali Mandar'),
(7603, 76, 'Kab. Mamasa'),
(7604, 76, 'Kab. Mamuju'),
(7605, 76, 'Kab. Mamuju Utara'),
(8101, 81, 'Kab. Maluku Tenggara Barat'),
(8102, 81, 'Kab. Maluku Tenggara'),
(8103, 81, 'Kab. Maluku Tengah'),
(8104, 81, 'Kab. Buru'),
(8105, 81, 'Kab. Kepulauan Aru'),
(8106, 81, 'Kab. Seram Bagian Barat'),
(8107, 81, 'Kab. Seram Bagian Timur'),
(8108, 81, 'Kab. Maluku Barat Daya'),
(8109, 81, 'Kab. Buru Selatan'),
(8171, 81, 'Kota Ambon'),
(8172, 81, 'Kota Tual'),
(8201, 82, 'Kab. Halmahera Barat'),
(8202, 82, 'Kab. Halmahera Tengah'),
(8203, 82, 'Kab. Kepulauan Sula'),
(8204, 82, 'Kab. Halmahera Selatan'),
(8205, 82, 'Kab. Halmahera Utara'),
(8206, 82, 'Kab. Halmahera Timur'),
(8207, 82, 'Kab. Pulau Morotai'),
(8271, 82, 'Kota Ternate'),
(8272, 82, 'Kota Tidore Kepulauan'),
(9101, 91, 'Kab. Fakfak'),
(9102, 91, 'Kab. Kaimana'),
(9103, 91, 'Kab. Teluk Wondama'),
(9104, 91, 'Kab. Teluk Bintuni'),
(9105, 91, 'Kab. Manokwari'),
(9106, 91, 'Kab. Sorong Selatan'),
(9107, 91, 'Kab. Sorong'),
(9108, 91, 'Kab. Raja Ampat'),
(9109, 91, 'Kab. Tambrauw'),
(9110, 91, 'Kab. Maybrat'),
(9171, 91, 'Kota Sorong'),
(9401, 94, 'Kab. Merauke'),
(9402, 94, 'Kab. Jayawijaya'),
(9403, 94, 'Kab. Jayapura'),
(9404, 94, 'Kab. Nabire'),
(9408, 94, 'Kab. Kepulauan Yapen'),
(9409, 94, 'Kab. Biak Numfor'),
(9410, 94, 'Kab. Paniai'),
(9411, 94, 'Kab. Puncak Jaya'),
(9412, 94, 'Kab. Mimika'),
(9413, 94, 'Kab. Boven Digoel'),
(9414, 94, 'Kab. Mappi'),
(9415, 94, 'Kab. Asmat'),
(9416, 94, 'Kab. Yahukimo'),
(9417, 94, 'Kab. Pegunungan Bintang'),
(9418, 94, 'Kab. Tolikara'),
(9419, 94, 'Kab. Sarmi'),
(9420, 94, 'Kab. Keerom'),
(9426, 94, 'Kab. Waropen'),
(9427, 94, 'Kab. Supiori'),
(9428, 94, 'Kab. Mamberamo Raya'),
(9429, 94, 'Kab. Nduga'),
(9430, 94, 'Kab. Lanny Jaya'),
(9431, 94, 'Kab. Mamberamo Tengah'),
(9432, 94, 'Kab. Yalimo'),
(9433, 94, 'Kab. Puncak'),
(9434, 94, 'Kab. Dogiyai'),
(9435, 94, 'Kab. Intan Jaya'),
(9436, 94, 'Kab. Deiyai'),
(9471, 94, 'Kota Jayapura');

-- --------------------------------------------------------

--
-- Table structure for table `master_role_user`
--

CREATE TABLE `master_role_user` (
  `id` int(10) NOT NULL,
  `role` varchar(100) DEFAULT NULL
) ENGINE=InnoDB DEFAULT CHARSET=latin1;

--
-- Dumping data for table `master_role_user`
--

INSERT INTO `master_role_user` (`id`, `role`) VALUES
(1, 'Superadmin'),
(2, 'Admin'),
(3, 'User');

-- --------------------------------------------------------

--
-- Table structure for table `master_tipe_customer`
--

CREATE TABLE `master_tipe_customer` (
  `id` int(11) NOT NULL,
  `nama` varchar(255) DEFAULT NULL,
  `code_harga` varchar(25) NOT NULL COMMENT 'untuk ngambil field harga satuan'
) ENGINE=InnoDB DEFAULT CHARSET=latin1;

--
-- Dumping data for table `master_tipe_customer`
--

INSERT INTO `master_tipe_customer` (`id`, `nama`, `code_harga`) VALUES
(1, 'Grosir', 'harga_grosir'),
(2, 'Semi Grosir', '	harga_semi_grosir'),
(3, 'Star Outlet', 'harga_star_outlet'),
(4, 'Retail', 'harga_retail'),
(5, 'Horeka', 'harga_horeka'),
(6, 'Lain - Lain', 'harga_lain');

-- --------------------------------------------------------

--
-- Table structure for table `master_toko`
--

CREATE TABLE `master_toko` (
  `id` int(10) NOT NULL,
  `nama` varchar(100) DEFAULT NULL,
  `alamat` text,
  `telp` varchar(100) DEFAULT NULL,
  `fax` varchar(100) NOT NULL,
  `pimpinan` varchar(100) DEFAULT NULL,
  `setting_warna` varchar(100) DEFAULT NULL,
  `min_kirim_acc` int(11) NOT NULL DEFAULT '0',
  `min_kirim_hp` int(11) NOT NULL DEFAULT '0',
  `min_kirim_perdana` int(11) NOT NULL DEFAULT '0'
) ENGINE=InnoDB DEFAULT CHARSET=latin1;

--
-- Dumping data for table `master_toko`
--

INSERT INTO `master_toko` (`id`, `nama`, `alamat`, `telp`, `fax`, `pimpinan`, `setting_warna`, `min_kirim_acc`, `min_kirim_hp`, `min_kirim_perdana`) VALUES
(1, 'Kantor 1 ( Kantor Pusat )', 'Jl. Diponegoro 8 No 8 Semarang Jawa Tengah', '-', '-', '-', '-', 0, 0, 0),
(15, 'Kantor 2', '', '-', '-', '-', '-', 0, 0, 0),
(16, 'Kantor 3', '', '-', '-', '-', '-', 0, 0, 0);

-- --------------------------------------------------------

--
-- Table structure for table `table_95`
--

CREATE TABLE `table_95` (
  `id` int(10) NOT NULL,
  `nama` varchar(39) DEFAULT NULL,
  `id_cus` int(10) NOT NULL
) ENGINE=InnoDB DEFAULT CHARSET=utf8;

--
-- Dumping data for table `table_95`
--

INSERT INTO `table_95` (`id`, `nama`, `id_cus`) VALUES
(1, 'TK ARYA', 53),
(2, 'TK AULIA', 54),
(3, 'TK HIDUP BARU', 57),
(4, 'TK HIDUP BARU', 57),
(5, 'TK RIZKI', 564),
(6, 'TK RIZKI', 564),
(7, 'TK RIZKI JAYA', 0),
(8, 'TK SAMI BAROKAH', 0),
(9, 'SD SRONDOL WETAN 02 (BU NUR) KANTIN A', 145),
(10, 'TK BERKAH', 356),
(11, 'TK BU CICIK', 465),
(12, 'TK BU HARI', 554),
(13, 'TK DINA', 0),
(14, 'TK MBAK NOVI', 150),
(15, 'TK MBAK NOVI', 150),
(16, 'TK MBAK NOVI', 150),
(17, 'TK TIWI', 556),
(18, 'TK TRIBAKTI (SBLH TK)SMPG KC ATOM GAJAH', 469),
(19, 'TK VICKY', 30),
(20, 'TK VICKY', 30),
(21, 'TK UNGGUL ABADI', 378),
(22, 'TK UNGGUL ABADI', 378),
(23, 'TK ANIK', 496),
(24, 'TK BU KIM', 45),
(25, 'TK BU WARNI', 168),
(26, 'TK BU YANTI', 169),
(27, 'TK PAK AGUS', 296),
(28, 'TK AYU', 468),
(29, 'TK BAROKAH', 504),
(30, 'TK BU SARI', 0),
(31, 'TK BU YUNI', 431),
(32, 'TK JAFAR', 0),
(33, 'TK MAKMUR', 306),
(34, 'TK RIZMANETA', 0),
(35, 'TK SEMAR', 0),
(36, 'TK SOFI ASKA', 72),
(37, 'SD KANISIUS (BU MUJIONO)', 153),
(38, 'SD KANISIUS (BU MUJIONO)', 153),
(39, 'SD KANISIUS (BU MUJIONO)', 153),
(40, 'TK ANIK', 496),
(41, 'TK BU DALYONO', 527),
(42, 'TK PAK TAMBO', 159),
(43, 'DANI CELL', 269),
(44, 'DANI CELL', 269),
(45, 'TK 66', 414),
(46, 'SD TAMBAK AJI 01', 128),
(47, 'TK 4 SODARA', 457),
(48, 'TK AKBAR(MBAK KENI)', 338),
(49, 'TK AROFAH', 519),
(50, 'TK BERKAH PUTRA', 248),
(51, 'TK BU HARNO ASRI', 129),
(52, 'TK BU MULYONO', 131),
(53, 'TK BU ROBIHAH', 0),
(54, 'TK BU SITI MASNUR', 132),
(55, 'TK BU WARNO', 400),
(56, 'TK NAFIS', 520),
(57, 'TK NANA SOFI', 0),
(58, 'TK RESTU IBU', 339),
(59, 'TK SASA', 521),
(60, 'TK SIDODADI', 138),
(61, 'TK BU HALIMAH', 0),
(62, 'TK BU KASMIRAH', 0),
(63, 'TK BU NUNUK', 505),
(64, 'TK BU SRI', 466),
(65, 'TK MANDIRI CELL', 317),
(66, 'TK MARDUL', 440),
(67, 'TK MBAK AMBAR', 202),
(68, 'TK PAK ALI', 319),
(69, 'TK RAHMAN', 83),
(70, 'TK TIGA PURI', 544),
(71, 'TK TIGA PURI', 544),
(72, 'TK YULI', 85),
(73, 'BU PARMI', 277),
(74, 'BU PARMI', 277),
(75, 'TK ASHIFA', 500),
(76, 'TK BERKAH', 356),
(77, 'TK BU ASIH', 539),
(78, 'TK BU SIRIN', 540),
(79, 'TK BU SRI', 466),
(80, 'TK PAK SARMAN', 288),
(81, 'APOTEK PROFESI', 0),
(82, 'APOTEK SIDOASIH', 0),
(83, 'APOTEK YOGATAMA', 323),
(84, 'APOTIK NURI JAYA', 52),
(85, 'BU TOTOK', 392),
(86, 'FOTOCOPY GARANG', 115),
(87, 'FOTOCOPY GARANG', 115),
(88, 'MI TARBIYATUL KHOIROT', 217),
(89, 'SD DADAPSARI', 236),
(90, 'SD KALICARI 02', 104),
(91, 'SD KALICARI 02', 104),
(92, 'SD KARANGANYAR GUNUNG 2', 21),
(93, 'SD KUNINGAN 04(BU ELI)', 235),
(94, 'SD LAMPER TENGAH 01', 260),
(95, 'SD MERANTI 3', 267),
(96, 'SD PEDURUNGAN KIDUL 02(M.ARIK)', 443),
(97, 'SD SAMBIREJO 01', 165),
(98, 'SD SRONDOL WETAN 02(BU RUSTAM)', 146),
(99, 'SD SRONDOL WETAN 02(BU RUSTAM)', 146),
(100, 'SD SRONDOL WETAN 4', 11),
(101, 'SD SRONDOL WETAN 4', 11),
(102, 'SD TEGAL SARI 03 (BU SITI)', 23),
(103, 'SD TEGAL SARI 03 (BU SITI)', 23),
(104, 'SD TEGALSARI 04 (BU GIANTO)', 24),
(105, 'SD TEGALSARI 04 (BU GIANTO)', 24),
(106, 'SD TLOGOSARI 06 PAK SUNARTO', 510),
(107, 'SD WONODRI 01', 346),
(108, 'SD WONODRI 01', 346),
(109, 'TK ANI', 238),
(110, 'TK ANUGERAH (BU DIAH)', 336),
(111, 'TK ANUGERAH (BU DIAH)', 336),
(112, 'TK ANUGRAH ASPOL', 33),
(113, 'TK ANUGRAH ASPOL', 33),
(114, 'TK BALQIS', 268),
(115, 'TK BAROKAH', 504),
(116, 'TK BERKAH', 356),
(117, 'TK BOBBY', 272),
(118, 'TK BU ASMILLAH', 0),
(119, 'TK BU AYU', 261),
(120, 'TK BU AYU', 261),
(121, 'TK BU AZIZAH', 108),
(122, 'TK BU DEBYO', 184),
(123, 'TK BU DEBYO', 184),
(124, 'TK BU DRAJAT', 262),
(125, 'TK BU GINO', 90),
(126, 'TK BU HAMIDAH', 175),
(127, 'TK BU IDA', 387),
(128, 'TK BU ISNA', 380),
(129, 'TK BU KARTINI', 572),
(130, 'TK BU KARTINI', 572),
(131, 'TK BU KRIS', 263),
(132, 'TK BU LEMAN', 219),
(133, 'TK BU MASLAKAH', 533),
(134, 'TK BU MURSIH', 91),
(135, 'TK BU NGATMI', 34),
(136, 'TK BU PALIM', 0),
(137, 'TK BU PARMI', 368),
(138, 'TK BU PARYONO', 316),
(139, 'TK BU PUJI', 12),
(140, 'TK BU RASMI', 209),
(141, 'TK BU RINA', 292),
(142, 'TK BU SAE', 177),
(143, 'TK BU SAR', 0),
(144, 'TK BU SARPIAH', 0),
(145, 'TK BU SRI', 466),
(146, 'TK BU SRI', 466),
(147, 'TK BU SRI EKO', 264),
(148, 'TK BU SRI EKO', 264),
(149, 'TK BU SUM', 283),
(150, 'TK BU SUNARI', 210),
(151, 'TK BU SUNARI', 210),
(152, 'TK BU SUNARTI', 178),
(153, 'TK BU SURANTI', 560),
(154, 'TK BU SUROSO', 222),
(155, 'TK BU SUTRISNO', 92),
(156, 'TK BU SUWARTINI', 0),
(157, 'TK BU SUYANTO', 274),
(158, 'TK BU SUYANTO', 274),
(159, 'TK BU TINI', 223),
(160, 'TK BU TINI', 223),
(161, 'TK BU TUMINO', 70),
(162, 'TK BU TUMINO', 70),
(163, 'TK BU TUN', 534),
(164, 'TK BU WIDATI', 120),
(165, 'TK BU WITO', 265),
(166, 'TK CAHAYA', 95),
(167, 'TK CERIA', 551),
(168, 'TK CINDI CELL', 404),
(169, 'TK ELIM', 227),
(170, 'TK EVI', 0),
(171, 'TK FIKA (BU RENI)', 294),
(172, 'TK GABRIELA', 0),
(173, 'TK HERU', 121),
(174, 'TK IFA', 448),
(175, 'TK ILISMA', 548),
(176, 'TK IRWAN CELL', 110),
(177, 'TK KABUL REJEKI', 0),
(178, 'TK KENZO', 0),
(179, 'TK LANCAR JOYO', 549),
(180, 'TK LENI', 0),
(181, 'TK MBAH RANTI', 403),
(182, 'TK MBAK NINIK', 406),
(183, 'TK MBAK UCIK', 522),
(184, 'TK MEKAR MUKTI', 214),
(185, 'TK MUKHLAS', 561),
(186, 'TK NUGROHO (SRI MULYANI)', 426),
(187, 'TK PAK LEGIMAN', 243),
(188, 'TK PAK SUTIKNO', 100),
(189, 'TK POJOK', 9),
(190, 'TK POJOK', 9),
(191, 'TK REJEKI BU BAMBANG', 391),
(192, 'TK SATRIA HASANUDIN (BU IMAM)', 245),
(193, 'TK SEMBAKO DPN MAKAM', 84),
(194, 'TK SEMBAKO(BU SUPARSIH)', 452),
(195, 'TK SEMBAKO(BU SUPARSIH)', 452),
(196, 'TK SRIYONO', 14),
(197, 'TK SUHARTI', 0),
(198, 'TK SULIS', 372),
(199, 'TK SUMBER REJEKI', 355),
(200, 'TK TIGA PUTRI', 0),
(201, 'TK TIWANG', 123),
(202, 'TK TRI KM', 0),
(203, 'TK VINA', 266),
(204, 'TK ZANETTA', 0),
(205, 'TOKO ADEM AYEM', 215),
(206, 'TOKO ADEM AYEM', 215),
(207, 'TOKO LA TAHZAN', 407),
(208, 'TOKO NUR SHIFA', 50),
(209, 'WARUNG BU LIS', 427),
(210, 'WARUNG BU MASIATUN', 250);

-- --------------------------------------------------------

--
-- Table structure for table `table_96`
--

CREATE TABLE `table_96` (
  `id` int(10) NOT NULL,
  `nama` varchar(39) DEFAULT NULL,
  `id_cus` int(10) NOT NULL
) ENGINE=InnoDB DEFAULT CHARSET=utf8;

--
-- Dumping data for table `table_96`
--

INSERT INTO `table_96` (`id`, `nama`, `id_cus`) VALUES
(1, 'IBU WATINI(GURU SDN KROBOKAN)', 116),
(2, 'SD BANYUMANIK 01', 16),
(3, 'SD BANYUMANIK 01', 16),
(4, 'SD BARUNAWATI BU HARTO', 0),
(5, 'SD BOJONG SALAMAN 02(MAS PRAS)', 124),
(6, 'SD BOJONG SALAMAN 1 (BU LARMI)', 117),
(7, 'SD GISIK DRONO 03 KANTIN PAK TOPO', 187),
(8, 'SD JOMBLANG 2', 140),
(9, 'SD JOMBLANG 2', 140),
(10, 'SD METESEH (BU IRENG)', 22),
(11, 'SD MRANGGEN 01', 75),
(12, 'SD MUKTIHARJO LOR 01(KANTIN BU SUMINI)', 164),
(13, 'SD NEGERI TEMBALANG(KANTIN PAK JIMAN)', 18),
(14, 'SDN KALIBANTENG KULON 02', 188),
(15, 'SDN KARANGAYU 01 KNTN BU TENTREM', 125),
(16, 'SDN MANYARAN 03', 189),
(17, 'SD PEDURUNGAN KIDUL 05 BU YEKTI', 325),
(18, 'SD PUDAK PAYUNG 01 (KANTIN MBAK YENI)', 0),
(19, 'SD SADENG 02(KANTIN SUHUD)', 375),
(20, 'SD SADENG 02(KANTIN SUHUD)', 375),
(21, 'SD SRONDOL KULON 03 (KANTIN MBAK MARIA)', 0),
(22, 'SMP BARUNAWATI KNTN BU PARI', 512),
(23, 'SMP BARUNAWATI KNTN BU PARI', 512),
(24, 'SMPN 33 (KANTIN CINTA)', 270),
(25, 'SMP NEGERI 01 KARANGAWEN', 314),
(26, 'TK 29 (IBU HARTINI)', 254),
(27, 'TK 47 MAS DONI', 536),
(28, 'TK 4 PUTRA', 258),
(29, 'TK 98 (MBAH WARDI)', 385),
(30, 'TK 99', 444),
(31, 'TK AA IBU ARIFIN', 458),
(32, 'TK ABC PAK HADI', 0),
(33, 'TK AINI', 0),
(34, 'TK AL IKROM', 0),
(35, 'TK AMELIA', 334),
(36, 'TK ANA CELL', 174),
(37, 'TK ANANDA(MARSUDI)', 89),
(38, 'TK ANUGRAH (MBAK NANA)', 341),
(39, 'TK AT TAUHIT (BU SUGENG)', 485),
(40, 'TK AULIA (IBU BUDI)', 386),
(41, 'TK BANG MAMAD', 482),
(42, 'TK BAROKAH(BP AHMAD)', 497),
(43, 'TK BAROKAH IBU MUGI', 0),
(44, 'TK BAROKAH PAK TURIMAN', 0),
(45, 'TK BARU', 542),
(46, 'TK BERKAH (MBAK SITI KOMARIAH)', 569),
(47, 'TK BPK GIRI', 566),
(48, 'TK BPK JUMALI', 37),
(49, 'TK BU AMI', 511),
(50, 'TK BU ASEP', 55),
(51, 'TK BU AZIZAH', 108),
(52, 'TK BU DENI', 25),
(53, 'TK BU DIANA', 410),
(54, 'TK BU DJAMIYAH', 501),
(55, 'TK BU EKO', 279),
(56, 'TK BU EKO', 279),
(57, 'TK BU JOKO JUAL ES JUS BUAH', 525),
(58, 'TK BU JOKO JUAL ES JUS BUAH', 525),
(59, 'TK BU KARTI', 0),
(60, 'TK BU KARTINI', 572),
(61, 'TK BU KARTINI', 572),
(62, 'TK BU KAUTZAR BU PRAM', 537),
(63, 'TK BU MARNI', 291),
(64, 'TK BU NING', 523),
(65, 'TK BU ROMANAH', 543),
(66, 'TK BU ROSMINA', 282),
(67, 'TK BU SRI', 466),
(68, 'TK BU SRI', 466),
(69, 'TK BU SUSI', 19),
(70, 'TK BU TAWAR', 0),
(71, 'TK BU TOHIRIN', 224),
(72, 'TK BU TUN', 534),
(73, 'TK BU WIJI', 225),
(74, 'TK BU YAH', 226),
(75, 'TK BU YATIMAH', 547),
(76, 'TK BU YITNO', 524),
(77, 'TK CHIKA', 507),
(78, 'TK CHIKA', 507),
(79, 'TK DIMAS CELL (MBAK TITIN)', 570),
(80, 'TK DINDA', 96),
(81, 'TK DINDA CELL PAK SUHARTONO', 0),
(82, 'TK DITA', 0),
(83, 'TK FF (BP SISWANTO)', 363),
(84, 'TK GILANG', 0),
(85, 'TK HIDAYAH PAK NUR', 490),
(86, 'TK IBU GIANTO', 423),
(87, 'TK IBU MAMI', 198),
(88, 'TK IBU MUJI', 439),
(89, 'TK IBU MUJI', 439),
(90, 'TK IBU SOLEH', 415),
(91, 'TK IBU SRIYATUN', 0),
(92, 'TK IBU SUPARMI(BENGKEL SURYA JAYA)', 229),
(93, 'TK IBU SUPARMI(BENGKEL SURYA JAYA)', 229),
(94, 'TK IBU SUSANTO(32)', 122),
(95, 'TK IBU SUWARDI', 135),
(96, 'TK IBU TUTIK', 46),
(97, 'TK IBU YANTI', 369),
(98, 'TK IBU YANTI', 369),
(99, 'TK INTAN BU INTAN', 398),
(100, 'TK IPO', 285),
(101, 'TK JOHAR BARU', 0),
(102, 'TK KARUNIA(PAK EXAN)', 180),
(103, 'TK KENANGA JAYA', 508),
(104, 'TK KENANGA JAYA', 508),
(105, 'TK KURNIA SARI', 0),
(106, 'TK KUSUMA (IBU AGUNG)', 230),
(107, 'TK LALAG (PAK SUPARNO)', 0),
(108, 'TK LESTARI SEMBAKO', 345),
(109, 'TK LIA', 502),
(110, 'TK LIA', 502),
(111, 'TK LIA PARNO', 0),
(112, 'TK LIN LIN', 0),
(113, 'TK LOVELY MBAK WIWIK', 0),
(114, 'TK MANGUNHARJO(IBU SITI)', 276),
(115, 'TK MAS AGUNG', 0),
(116, 'TK MAS TAWAM', 362),
(117, 'TK MAWAR BP WARSONO', 0),
(118, 'TK MBAK DIAN', 20),
(119, 'TK MBAK DWI', 0),
(120, 'TK MBAK LIS SUMIYATI', 313),
(121, 'TK MBAK NINIK', 406),
(122, 'TK MBAK ROH TK AMAR', 0),
(123, 'TK MBAK UUN', 286),
(124, 'TK MBAK WINDI', 0),
(125, 'TK MBAK YULI', 63),
(126, 'TK MIMOM', 27),
(127, 'TK MINI JAYA', 0),
(128, 'TK MURAH(IBU MUWANAH)', 318),
(129, 'TK PAK HASYIM', 389),
(130, 'TK RIANA', 0),
(131, 'TK RIZQI ELEKTRONIK ULFA JAYA', 0),
(132, 'TK SEMBAKO BU PUR', 471),
(133, 'TK SEMBAKO IBU YUSUF', 0),
(134, 'TK SEMBAKO NABIL', 0),
(135, 'TK SHAFIRAH', 0),
(136, 'TK SITI ASROFAH', 172),
(137, 'TK SURYA', 526),
(138, 'TK TIBAN', 0),
(139, 'TK VILLA(MBAK SAYANAH)', 160),
(140, 'TK YENNY', 0),
(141, 'TOKO AGUNG JAYA', 0),
(142, 'TOKO BUNDA', 162),
(143, 'TOKO BU NOVI', 432),
(144, 'TOKO HIDUP BARU', 302),
(145, 'TK BU SRI', 466),
(146, 'TK BU SRI', 466),
(147, 'TK BU SRI EKO', 264),
(148, 'TK BU SRI EKO', 264),
(149, 'TK BU SUM', 283),
(150, 'TK BU SUNARI', 210),
(151, 'TK BU SUNARI', 210),
(152, 'TK BU SUNARTI', 178),
(153, 'TK BU SURANTI', 560),
(154, 'TK BU SUROSO', 222),
(155, 'TK BU SUTRISNO', 92),
(156, 'TK BU SUWARTINI', 0),
(157, 'TK BU SUYANTO', 274),
(158, 'TK BU SUYANTO', 274),
(159, 'TK BU TINI', 223),
(160, 'TK BU TINI', 223),
(161, 'TK BU TUMINO', 70),
(162, 'TK BU TUMINO', 70),
(163, 'TK BU TUN', 534),
(164, 'TK BU WIDATI', 120),
(165, 'TK BU WITO', 265),
(166, 'TK CAHAYA', 95),
(167, 'TK CERIA', 551),
(168, 'TK CINDI CELL', 404),
(169, 'TK ELIM', 227),
(170, 'TK EVI', 0),
(171, 'TK FIKA (BU RENI)', 294),
(172, 'TK GABRIELA', 0),
(173, 'TK HERU', 121),
(174, 'TK IFA', 448),
(175, 'TK ILISMA', 548),
(176, 'TK IRWAN CELL', 110),
(177, 'TK KABUL REJEKI', 0),
(178, 'TK KENZO', 0),
(179, 'TK LANCAR JOYO', 549),
(180, 'TK LENI', 0),
(181, 'TK MBAH RANTI', 403),
(182, 'TK MBAK NINIK', 406),
(183, 'TK MBAK UCIK', 522),
(184, 'TK MEKAR MUKTI', 214),
(185, 'TK MUKHLAS', 561),
(186, 'TK NUGROHO (SRI MULYANI)', 426),
(187, 'TK PAK LEGIMAN', 243),
(188, 'TK PAK SUTIKNO', 100),
(189, 'TK POJOK', 9),
(190, 'TK POJOK', 9),
(191, 'TK REJEKI BU BAMBANG', 391),
(192, 'TK SATRIA HASANUDIN (BU IMAM)', 245),
(193, 'TK SEMBAKO DPN MAKAM', 84),
(194, 'TK SEMBAKO(BU SUPARSIH)', 452),
(195, 'TK SEMBAKO(BU SUPARSIH)', 452),
(196, 'TK SRIYONO', 14),
(197, 'TK SUHARTI', 0),
(198, 'TK SULIS', 372),
(199, 'TK SUMBER REJEKI', 355),
(200, 'TK TIGA PUTRI', 0),
(201, 'TK TIWANG', 123),
(202, 'TK TRI KM', 0),
(203, 'TK VINA', 266),
(204, 'TK ZANETTA', 0),
(205, 'TOKO ADEM AYEM', 215),
(206, 'TOKO ADEM AYEM', 215),
(207, 'TOKO LA TAHZAN', 407),
(208, 'TOKO NUR SHIFA', 50),
(209, 'WARUNG BU LIS', 427),
(210, 'WARUNG BU MASIATUN', 250);

-- --------------------------------------------------------

--
-- Table structure for table `t_bank`
--

CREATE TABLE `t_bank` (
  `id` int(11) NOT NULL,
  `nama` varchar(255) DEFAULT NULL,
  `kode_bank` varchar(255) DEFAULT NULL,
  `no_rekening` varchar(255) DEFAULT NULL,
  `status` int(11) DEFAULT '1' COMMENT '0 tidak aktif, 1 aktif',
  `tipe_bank` int(11) DEFAULT NULL COMMENT '0: mlik perusahaan, 1:milik kustomer',
  `created_at` datetime DEFAULT NULL,
  `updated_at` timestamp NULL DEFAULT NULL ON UPDATE CURRENT_TIMESTAMP,
  `kantor` int(11) DEFAULT NULL
) ENGINE=InnoDB DEFAULT CHARSET=latin1;

--
-- Dumping data for table `t_bank`
--

INSERT INTO `t_bank` (`id`, `nama`, `kode_bank`, `no_rekening`, `status`, `tipe_bank`, `created_at`, `updated_at`, `kantor`) VALUES
(2, 'BCA Customer', 'C014', NULL, 1, 1, '2017-02-06 17:02:22', '2017-02-06 08:17:20', 1),
(4, 'BCA Utama', 'BCA01', '123456789', 1, 0, '2017-02-07 12:52:31', '2017-02-07 05:52:31', 1);

-- --------------------------------------------------------

--
-- Table structure for table `t_barang`
--

CREATE TABLE `t_barang` (
  `id` int(11) NOT NULL,
  `kode_barang` varchar(100) DEFAULT NULL,
  `nama_barang` varchar(100) DEFAULT NULL,
  `principle` int(10) DEFAULT NULL,
  `tax` double NOT NULL,
  `keterangan` text,
  `foto` varchar(100) DEFAULT NULL,
  `kantor` int(10) NOT NULL,
  `updated_at` timestamp NOT NULL DEFAULT CURRENT_TIMESTAMP ON UPDATE CURRENT_TIMESTAMP
) ENGINE=InnoDB DEFAULT CHARSET=latin1;

--
-- Dumping data for table `t_barang`
--

INSERT INTO `t_barang` (`id`, `kode_barang`, `nama_barang`, `principle`, `tax`, `keterangan`, `foto`, `kantor`, `updated_at`) VALUES
(1, 'EVF_0001', 'Nii Green Tea', 1, 2, 'x', NULL, 1, '2017-01-29 05:01:08'),
(2, 'EVF_0002', 'Coffe Green Tea', 1, 2, 'x', NULL, 1, '2017-01-29 05:01:08');

-- --------------------------------------------------------

--
-- Table structure for table `t_barang_satuan`
--

CREATE TABLE `t_barang_satuan` (
  `id` int(11) NOT NULL,
  `kode` varchar(10) DEFAULT NULL,
  `kode_barang` varchar(255) DEFAULT NULL,
  `satuan` varchar(50) DEFAULT NULL,
  `kat_satuan` int(10) NOT NULL COMMENT '1 = Satuan Besar 2 = Satuan Tengah 3 = Satuan Kecil',
  `isi` int(11) DEFAULT NULL,
  `total_isi` int(100) DEFAULT '1',
  `pcs` int(11) NOT NULL COMMENT 'Nilai Terkecil',
  `hpp` double NOT NULL,
  `harga_grosir` double NOT NULL,
  `harga_semi_grosir` double NOT NULL,
  `harga_star_outlet` double NOT NULL,
  `harga_retail` double NOT NULL,
  `harga_horeka` double NOT NULL,
  `harga_lain` double NOT NULL,
  `update` timestamp NOT NULL DEFAULT CURRENT_TIMESTAMP ON UPDATE CURRENT_TIMESTAMP,
  `kantor` int(3) NOT NULL
) ENGINE=InnoDB DEFAULT CHARSET=latin1;

--
-- Dumping data for table `t_barang_satuan`
--

INSERT INTO `t_barang_satuan` (`id`, `kode`, `kode_barang`, `satuan`, `kat_satuan`, `isi`, `total_isi`, `pcs`, `hpp`, `harga_grosir`, `harga_semi_grosir`, `harga_star_outlet`, `harga_retail`, `harga_horeka`, `harga_lain`, `update`, `kantor`) VALUES
(1, 'EVF_0001_0', 'EVF_0001', '8', 0, 1, 50, 0, 15000, 17000, 0, 16000, 0, 0, 0, '2017-01-31 02:11:27', 1),
(2, 'EVF_0001_1', 'EVF_0001', '19', 0, 5, 10, 0, 3000, 3400, 0, 3200, 0, 0, 0, '2017-01-29 05:01:08', 1),
(3, 'EVF_0001_2', 'EVF_0001', '13', 0, 10, 1, 0, 300, 340, 0, 320, 0, 0, 0, '2017-01-31 02:11:28', 1),
(4, 'EVF_0002_0', 'EVF_0002', '8', 0, 1, 50, 0, 15000, 17000, 0, 16000, 0, 0, 0, '2017-01-31 02:11:27', 1),
(5, 'EVF_0002_1', 'EVF_0002', '19', 0, 5, 10, 0, 3000, 3400, 0, 3200, 0, 0, 0, '2017-01-29 05:01:08', 1),
(6, 'EVF_0002_2', 'EVF_0002', '13', 0, 10, 1, 0, 300, 340, 0, 320, 0, 0, 0, '2017-01-31 02:11:28', 1);

-- --------------------------------------------------------

--
-- Table structure for table `t_barang_satuan_penjualan`
--

CREATE TABLE `t_barang_satuan_penjualan` (
  `id` int(11) NOT NULL,
  `no_faktur` varchar(255) DEFAULT NULL,
  `id_customer` int(11) DEFAULT NULL,
  `kode` varchar(10) DEFAULT NULL,
  `kode_barang` varchar(255) DEFAULT NULL,
  `satuan` varchar(50) DEFAULT NULL,
  `kat_satuan` int(10) NOT NULL COMMENT '1 = Satuan Besar 2 = Satuan Tengah 3 = Satuan Kecil',
  `isi` int(11) DEFAULT NULL,
  `total_isi` int(100) DEFAULT '1',
  `pcs` int(11) NOT NULL COMMENT 'Nilai Terkecil',
  `hpp` double NOT NULL,
  `harga_grosir` double NOT NULL,
  `harga_semi_grosir` double NOT NULL,
  `harga_star_outlet` double NOT NULL,
  `harga_retail` double NOT NULL,
  `harga_horeka` double NOT NULL,
  `harga_lain` double NOT NULL,
  `update` timestamp NOT NULL DEFAULT CURRENT_TIMESTAMP ON UPDATE CURRENT_TIMESTAMP,
  `kantor` int(3) NOT NULL
) ENGINE=InnoDB DEFAULT CHARSET=latin1;

-- --------------------------------------------------------

--
-- Table structure for table `t_barang_stok`
--

CREATE TABLE `t_barang_stok` (
  `id` int(10) NOT NULL,
  `kode_barang` varchar(100) DEFAULT NULL,
  `good_stok` int(100) DEFAULT '0',
  `bad_stok` int(100) DEFAULT '0',
  `created_at` datetime DEFAULT NULL,
  `updated_at` timestamp NULL DEFAULT NULL ON UPDATE CURRENT_TIMESTAMP,
  `kantor` int(10) DEFAULT NULL
) ENGINE=InnoDB DEFAULT CHARSET=latin1;

--
-- Dumping data for table `t_barang_stok`
--

INSERT INTO `t_barang_stok` (`id`, `kode_barang`, `good_stok`, `bad_stok`, `created_at`, `updated_at`, `kantor`) VALUES
(1, 'EVF_0001', 255063, -174549, '0000-00-00 00:00:00', '2017-02-09 13:13:39', 1);

-- --------------------------------------------------------

--
-- Table structure for table `t_cara_bayar`
--

CREATE TABLE `t_cara_bayar` (
  `id` int(11) NOT NULL,
  `nama` varchar(255) DEFAULT NULL,
  `keterangan` varchar(100) DEFAULT NULL,
  `created_at` datetime DEFAULT NULL,
  `updated_at` timestamp NULL DEFAULT NULL ON UPDATE CURRENT_TIMESTAMP
) ENGINE=InnoDB DEFAULT CHARSET=latin1;

--
-- Dumping data for table `t_cara_bayar`
--

INSERT INTO `t_cara_bayar` (`id`, `nama`, `keterangan`, `created_at`, `updated_at`) VALUES
(1, 'Cash', NULL, '2017-02-01 12:49:48', '2017-02-01 05:51:10'),
(2, 'Transfer', NULL, '2017-02-01 12:51:10', '2017-02-01 05:51:10'),
(3, 'Giro', NULL, '2017-02-01 12:50:53', '2017-02-01 03:50:52'),
(4, 'Pendapatan Lain', NULL, '2017-02-01 12:50:57', '2017-02-01 03:50:56'),
(5, 'Retur', NULL, '2017-02-01 12:51:00', '2017-02-01 03:50:59'),
(6, 'Kupon', NULL, '2017-02-01 12:51:10', '2017-02-01 03:51:09'),
(7, 'Retur', 'Dari modul Retur', '2017-02-01 12:51:10', '2017-02-07 15:36:21');

-- --------------------------------------------------------

--
-- Table structure for table `t_customer`
--

CREATE TABLE `t_customer` (
  `id` int(11) NOT NULL,
  `kode_customer` varchar(100) NOT NULL,
  `id_tipe` int(11) DEFAULT NULL,
  `no_npwp` varchar(50) DEFAULT NULL,
  `nama` varchar(50) DEFAULT NULL,
  `alamat` text,
  `no_telp` varchar(25) DEFAULT NULL,
  `id_prov` int(5) NOT NULL,
  `id_kota` varchar(50) DEFAULT NULL,
  `id_kec` int(10) NOT NULL,
  `hutang` double DEFAULT NULL,
  `kantor` int(3) DEFAULT NULL,
  `nama_pic` varchar(100) DEFAULT NULL,
  `no_telp_pic` varchar(100) DEFAULT NULL,
  `plafon_kredit` double DEFAULT NULL,
  `top` varchar(100) DEFAULT NULL,
  `kode_kunjungan` int(10) DEFAULT NULL,
  `namacs_wp` varchar(100) DEFAULT NULL,
  `npwp_wp` varchar(100) DEFAULT NULL,
  `alamat_cs` text,
  `tanggal_pendaftaran` timestamp NULL DEFAULT CURRENT_TIMESTAMP,
  `status_aktif` int(1) DEFAULT '1',
  `created_at` datetime DEFAULT NULL,
  `updated_at` timestamp NULL DEFAULT NULL ON UPDATE CURRENT_TIMESTAMP
) ENGINE=InnoDB DEFAULT CHARSET=latin1;

--
-- Dumping data for table `t_customer`
--

INSERT INTO `t_customer` (`id`, `kode_customer`, `id_tipe`, `no_npwp`, `nama`, `alamat`, `no_telp`, `id_prov`, `id_kota`, `id_kec`, `hutang`, `kantor`, `nama_pic`, `no_telp_pic`, `plafon_kredit`, `top`, `kode_kunjungan`, `namacs_wp`, `npwp_wp`, `alamat_cs`, `tanggal_pendaftaran`, `status_aktif`, `created_at`, `updated_at`) VALUES
(1341, 'JKW48', 1, '0', 'JOKO', 'Ambarawa Semarang', '080987324', 53241, '53508', 53532, 0, 1, 'x', 'x', 100000, '30', 3, NULL, NULL, NULL, '2017-01-27 08:04:18', 1, '2017-01-27 15:04:18', '2017-02-08 03:24:39');

-- --------------------------------------------------------

--
-- Table structure for table `t_driver`
--

CREATE TABLE `t_driver` (
  `id` int(10) NOT NULL,
  `kode_driver` varchar(100) NOT NULL,
  `nama` varchar(50) DEFAULT NULL,
  `alamat` varchar(60) DEFAULT NULL,
  `no_telp` varchar(20) DEFAULT NULL,
  `kantor` int(2) DEFAULT NULL,
  `tgl_masuk` date NOT NULL,
  `tempat_lahir` varchar(100) NOT NULL,
  `tgl_lahir` date NOT NULL,
  `status` int(1) NOT NULL COMMENT '0: tidak aktif, 1: aktif'
) ENGINE=MyISAM DEFAULT CHARSET=latin1;

-- --------------------------------------------------------

--
-- Table structure for table `t_helper`
--

CREATE TABLE `t_helper` (
  `id` int(10) NOT NULL,
  `kode_helper` varchar(100) NOT NULL,
  `nama` varchar(50) DEFAULT NULL,
  `alamat` varchar(60) DEFAULT NULL,
  `no_telp` varchar(20) DEFAULT NULL,
  `kantor` int(2) DEFAULT NULL,
  `tgl_masuk` date NOT NULL,
  `tempat_lahir` varchar(100) NOT NULL,
  `tgl_lahir` date NOT NULL,
  `status` int(1) NOT NULL COMMENT '0: tidak aktif, 1: aktif'
) ENGINE=MyISAM DEFAULT CHARSET=latin1;

--
-- Dumping data for table `t_helper`
--

INSERT INTO `t_helper` (`id`, `kode_helper`, `nama`, `alamat`, `no_telp`, `kantor`, `tgl_masuk`, `tempat_lahir`, `tgl_lahir`, `status`) VALUES
(10, 'ONE1', 'ONE', 'One', '1', 1, '2017-01-01', 'One', '2017-01-01', 0),
(11, 'TWO', 'Sukri', 'Sukri Village', '123456', 1, '2017-02-01', 'Kendal', '2017-02-01', 1),
(12, 'THREE', 'Tri', 'Tri Village', '3', 1, '2017-02-01', 'Tri', '2017-02-03', 1);

-- --------------------------------------------------------

--
-- Table structure for table `t_history`
--

CREATE TABLE `t_history` (
  `id` int(10) NOT NULL,
  `keterangan` text,
  `id_author` int(10) DEFAULT NULL,
  `author` varchar(100) DEFAULT NULL,
  `kantor` int(10) DEFAULT NULL,
  `created_at` datetime DEFAULT NULL
) ENGINE=InnoDB DEFAULT CHARSET=latin1;

--
-- Dumping data for table `t_history`
--

INSERT INTO `t_history` (`id`, `keterangan`, `id_author`, `author`, `kantor`, `created_at`) VALUES
(1, 'Menambah data bank dengan nama: [P018] BNI', 0, 'Widi Yutriatmansyah', 1, '2017-02-06 15:23:52'),
(2, 'Mengubah data bank dengan nama: [] BCA', 0, 'Widi Yutriatmansyah', 1, '2017-02-06 16:42:07'),
(3, 'Menghapus data bank dengan nama: [P018] BNI', 0, 'Widi Yutriatmansyah', 1, '2017-02-06 16:46:41'),
(4, 'Menghapus data helper dengan nama: [P014] BCA', 0, 'Widi Yutriatmansyah', 1, '2017-02-06 16:47:09'),
(5, 'Menambah data bank dengan nama: [BCA01] BCA Utama', 0, 'Widi Yutriatmansyah', 1, '2017-02-07 12:52:31'),
(6, 'Menambah data sales dengan nama: Andi sudarsono', 0, 'Widi Yutriatmansyah', 1, '2017-02-07 13:24:18'),
(7, 'Menambah data sales dengan nama: Jono', 0, 'Widi Yutriatmansyah', 1, '2017-02-07 13:29:53'),
(8, 'Mengubah data sales dengan nama: Jono', 0, 'Widi Yutriatmansyah', 1, '2017-02-07 13:36:40'),
(9, 'Menambah data sales dengan nama: Lorey', 0, 'Widi Yutriatmansyah', 1, '2017-02-07 13:37:25'),
(10, 'Menambah data sales dengan nama: sdasdasdasd', 0, 'Widi Yutriatmansyah', 1, '2017-02-07 13:38:34'),
(11, 'Mengubah data sales dengan nama: sdasdasdasd', 0, 'Widi Yutriatmansyah', 1, '2017-02-07 13:38:44'),
(12, 'Menambahkan pembayaran Hutang Dagang ke Supplier PT. Everfresh Indo Niaga Cash/Tunai dengan nominal 1.000', NULL, 'Widi Yutriatmansyah', 1, '2017-02-08 00:00:00'),
(13, 'Menambah data helper dengan nama: ONE', 0, 'Widi Yutriatmansyah', 1, '2017-02-08 09:35:47'),
(14, 'Menambah data helper dengan nama: Sukri', 0, 'Widi Yutriatmansyah', 1, '2017-02-08 12:28:02'),
(15, 'Menambah data helper dengan nama: Tri', 0, 'Widi Yutriatmansyah', 1, '2017-02-08 12:28:58'),
(16, 'Mengubah data helper dengan nama: Tri', 0, 'Widi Yutriatmansyah', 1, '2017-02-08 12:29:05'),
(17, 'Mengubah data helper dengan nama: Sukri', 0, 'Widi Yutriatmansyah', 1, '2017-02-08 12:29:10'),
(18, 'Mengubah data helper dengan nama: Tri', 0, 'Widi Yutriatmansyah', 1, '2017-02-08 12:29:15'),
(19, 'Mengubah data helper dengan nama: ONE', 0, 'Widi Yutriatmansyah', 1, '2017-02-08 12:30:12'),
(20, 'Menambahkan pembayaran Hutang Dagang ke Supplier PT. Everfresh Indo Niaga Cash/Tunai dengan nominal Rp165.000', NULL, 'Widi Yutriatmansyah', 1, '2017-02-08 00:00:00');

-- --------------------------------------------------------

--
-- Table structure for table `t_hutang_dagang`
--

CREATE TABLE `t_hutang_dagang` (
  `id` int(11) NOT NULL,
  `tanggal` date NOT NULL,
  `no_faktur` varchar(100) NOT NULL,
  `no_retur` varchar(100) DEFAULT NULL COMMENT 'Kolom ini bisa berisi no retur, no giro, dll',
  `keterangan` text NOT NULL,
  `status` int(10) NOT NULL DEFAULT '0' COMMENT 'join ke t_status_hutang',
  `debet` double NOT NULL,
  `kredit` double NOT NULL,
  `cara_bayar` int(10) NOT NULL COMMENT 'join table t_cara_bayar',
  `author` varchar(11) NOT NULL,
  `created_at` datetime NOT NULL,
  `updated_at` timestamp NULL DEFAULT CURRENT_TIMESTAMP,
  `kantor` varchar(100) NOT NULL
) ENGINE=MyISAM DEFAULT CHARSET=latin1;

--
-- Dumping data for table `t_hutang_dagang`
--

INSERT INTO `t_hutang_dagang` (`id`, `tanggal`, `no_faktur`, `no_retur`, `keterangan`, `status`, `debet`, `kredit`, `cara_bayar`, `author`, `created_at`, `updated_at`, `kantor`) VALUES
(1, '2017-02-07', 'EVF_0001', NULL, 'Hutang Dagang', 1, 90000, 0, 1, 'superadmin', '2017-02-07 00:00:00', '2017-02-07 06:43:36', '1'),
(43, '2017-02-08', 'Jalan', NULL, 'Hutang Dagang (DP)', 2, 0, 5400000, 1, 'superadmin', '2017-02-08 00:00:00', '2017-02-08 08:56:49', '1'),
(42, '2017-02-08', 'Jalan', NULL, 'Hutang Dagang', 1, 15400000, 0, 1, 'superadmin', '2017-02-08 00:00:00', '2017-02-08 08:56:49', '1'),
(44, '2017-02-08', 'Jalan_Sehat', NULL, 'Hutang Dagang', 1, 15400000, 0, 1, 'superadmin', '2017-02-08 00:00:00', '2017-02-08 08:57:30', '1'),
(45, '2017-02-08', 'Jalan_Sehat', NULL, 'Hutang Dagang (DP)', 2, 0, 5400000, 1, 'superadmin', '2017-02-08 00:00:00', '2017-02-08 08:57:30', '1'),
(41, '2017-02-08', 'Surat_Jalan', NULL, 'Hutang Dagang', 1, 1675000, 0, 1, 'superadmin', '2017-02-08 00:00:00', '2017-02-08 08:47:36', '1'),
(40, '2017-02-08', 'EVF001002003', NULL, 'Hutang Dagang', 1, 15000000, 0, 1, 'superadmin', '2017-02-08 00:00:00', '2017-02-08 08:42:11', '1'),
(39, '2017-02-08', 'EVF_0002', NULL, 'x', 3, 0, 165000, 1, 'superadmin', '2017-02-08 00:00:00', '2017-02-08 06:48:50', '1'),
(32, '2017-02-08', 'EVF_0001', NULL, 'x', 3, 0, 1000, 1, 'superadmin', '2017-02-08 00:00:00', '2017-02-07 17:51:15', '1'),
(33, '2017-02-08', 'EVF_0001', NULL, 'x', 3, 0, 1000, 2, 'superadmin', '2017-02-08 00:00:00', '2017-02-07 17:51:34', '1'),
(35, '2017-02-08', 'EVF_0001', 'GR_0001', 'x', 3, 0, 10000, 3, 'superadmin', '2017-02-08 00:00:00', '2017-02-07 17:59:36', '1'),
(36, '2017-02-08', 'EVF_0001', NULL, 'x', 3, 0, 1000, 1, 'superadmin', '2017-02-08 00:00:00', '2017-02-07 18:13:48', '1'),
(37, '2017-02-08', 'EVF_0001', NULL, 'Pencairan Giro', 4, 0, 10000, 3, 'superadmin', '2017-02-08 11:11:15', '2017-02-08 04:11:15', '1'),
(38, '2017-02-08', 'EVF_0002', NULL, 'Hutang Dagang', 1, 165000, 0, 1, 'superadmin', '2017-02-08 00:00:00', '2017-02-08 04:47:22', '1'),
(46, '2017-02-08', 'No_Faktur', NULL, 'Hutang Dagang', 1, 1840000, 0, 1, 'superadmin', '2017-02-08 00:00:00', '2017-02-08 09:03:21', '1'),
(47, '2017-02-08', 'EVF-Coba-Lagi', NULL, 'Hutang Dagang', 1, 7000000, 0, 1, 'superadmin', '2017-02-08 00:00:00', '2017-02-08 09:05:47', '1'),
(48, '2017-02-08', 'Skali Lagi', NULL, 'Hutang Dagang', 1, 3575000, 0, 1, 'superadmin', '2017-02-08 00:00:00', '2017-02-08 09:09:19', '1');

-- --------------------------------------------------------

--
-- Table structure for table `t_kabupaten`
--

CREATE TABLE `t_kabupaten` (
  `IDKabupaten` int(11) NOT NULL,
  `Nama` varchar(45) DEFAULT NULL,
  `IDProvinsi` int(11) NOT NULL,
  `status` tinyint(4) NOT NULL
) ENGINE=InnoDB DEFAULT CHARSET=utf8;

--
-- Dumping data for table `t_kabupaten`
--

INSERT INTO `t_kabupaten` (`IDKabupaten`, `Nama`, `IDProvinsi`, `status`) VALUES
(2, 'ACEH SELATAN', 1, 1),
(269, 'ACEH TENGGARA', 1, 0),
(671, 'ACEH TIMUR', 1, 1),
(1207, 'ACEH TENGAH', 1, 1),
(1492, 'ACEH BARAT', 1, 1),
(1824, 'ACEH BESAR', 1, 1),
(2452, 'PIDIE', 1, 1),
(3205, 'ACEH UTARA', 1, 1),
(4086, 'SIMEULUE', 1, 0),
(4233, 'ACEH SINGKIL', 1, 1),
(4362, 'BIREUEN', 1, 1),
(4989, 'ACEH BARAT DAYA', 1, 1),
(5138, 'GAYO LUES', 1, 0),
(5286, 'ACEH JAYA', 1, 1),
(5463, 'NAGAN RAYA', 1, 0),
(5694, 'ACEH TAMIANG', 1, 1),
(5920, 'BENER MERIAH', 1, 0),
(6166, 'PIDIE JAYA', 1, 1),
(6397, 'KOTA BANDA ACEH', 1, 1),
(6497, 'KOTA SABANG', 1, 1),
(6518, 'KOTA LHOKSEUMAWE', 1, 0),
(6591, 'KOTA LANGSA', 1, 1),
(6648, 'KOTA SUBULUSSALAM', 1, 1),
(6729, 'LABUHANBATU SELATAN', 6728, 1),
(6789, 'LABUHANBATU UTARA', 6728, 1),
(6888, 'NIAS UTARA', 6728, 1),
(7013, 'NIAS BARAT', 6728, 1),
(7132, 'KOTA GUNUNGSITOLI', 6728, 1),
(7240, 'TAPANULI TENGAH', 6728, 1),
(7438, 'TAPANULI UTARA', 6728, 1),
(7697, 'TAPANULI SELATAN', 6728, 0),
(7960, 'NIAS', 6728, 1),
(8094, 'LANGKAT', 6728, 0),
(8408, 'KARO', 6728, 1),
(8688, 'DELI SERDANG', 6728, 0),
(9114, 'SIMALUNGUN', 6728, 0),
(9497, 'ASAHAN', 6728, 1),
(9727, 'LABUHANBATU', 6728, 1),
(9835, 'DAIRI', 6728, 1),
(10020, 'TOBA SAMOSIR', 6728, 1),
(10227, 'MANDAILING NATAL', 6728, 1),
(10646, 'NIAS SELATAN', 6728, 0),
(11022, 'PAKPAK BHARAT', 6728, 1),
(11083, 'HUMBANG HASUNDUTAN', 6728, 1),
(11247, 'SAMOSIR', 6728, 1),
(11374, 'SERDANG BEDAGAI', 6728, 1),
(11635, 'BATU BARA', 6728, 0),
(11743, 'KOTA MEDAN', 6728, 0),
(11916, 'KOTA PEMATANGSIANTAR', 6728, 1),
(11978, 'KOTA SIBOLGA', 6728, 1),
(12000, 'KOTA TANJUNG BALAI', 6728, 1),
(12038, 'KOTA BINJAI', 6728, 1),
(12081, 'KOTA TEBING TINGGI', 6728, 1),
(12122, 'KOTA PADANG SIDIMPUAN', 6728, 1),
(12208, 'PADANG LAWAS UTARA', 6728, 1),
(12606, 'PADANG LAWAS', 6728, 1),
(12921, 'PESISIR SELATAN', 12920, 1),
(13010, 'SOLOK', 12920, 1),
(13099, 'SIJUNJUNG', 12920, 1),
(13163, 'TANAH DATAR', 12920, 1),
(13253, 'PADANG PARIAMAN', 12920, 1),
(13317, 'AGAM', 12920, 1),
(13416, 'LIMA PULUH KOTA', 12920, 0),
(13509, 'PASAMAN', 12920, 1),
(13554, 'KEPULAUAN MENTAWAI', 12920, 0),
(13608, 'DHARMASRAYA', 12920, 1),
(13634, 'SOLOK SELATAN', 12920, 1),
(13681, 'PASAMAN BARAT', 12920, 0),
(13712, 'KOTA PADANG', 12920, 0),
(13828, 'KOTA SOLOK', 12920, 1),
(13844, 'KOTA SAWAHLUNTO', 12920, 0),
(13886, 'KOTA PADANG PANJANG', 12920, 0),
(13905, 'KOTA BUKITTINGGI', 12920, 1),
(13933, 'KOTA PAYAKUMBUH', 12920, 0),
(14010, 'KOTA PARIAMAN', 12920, 0),
(14087, 'KEPULAUAN MERANTI', 14086, 0),
(14166, 'KAMPAR', 14086, 1),
(14414, 'INDRAGIRI HULU', 14086, 0),
(14630, 'BENGKALIS', 14086, 1),
(14741, 'INDRAGIRI HILIR', 14086, 1),
(14955, 'PELALAWAN', 14086, 0),
(15087, 'ROKAN HULU', 14086, 0),
(15254, 'ROKAN HILIR', 14086, 1),
(15412, 'SIAK', 14086, 1),
(15553, 'KUANTAN SINGINGI', 14086, 1),
(15775, 'KOTA PEKANBARU', 14086, 0),
(15846, 'KOTA DUMAI', 14086, 1),
(15886, 'KOTA SUNGAI PENUH', 15885, 1),
(15961, 'KERINCI', 15885, 0),
(16183, 'MERANGIN', 15885, 1),
(16420, 'SAROLANGUN', 15885, 1),
(16576, 'BATANGHARI', 15885, 1),
(16699, 'MUARO JAMBI', 15885, 1),
(16862, 'TANJUNG JABUNG BARAT', 15885, 1),
(16946, 'TANJUNG JABUNG TIMUR', 15885, 1),
(17051, 'BUNGO', 15885, 1),
(17215, 'TEBO', 15885, 1),
(17333, 'KOTA JAMBI', 15885, 1),
(17405, 'OGAN KOMERING ULU', 17404, 1),
(17570, 'OGAN KOMERING ILIR', 17404, 0),
(17895, 'MUARA ENIM', 17404, 0),
(18244, 'LAHAT', 17404, 0),
(18643, 'MUSI RAWAS', 17404, 0),
(18942, 'MUSI BANYUASIN', 17404, 1),
(19172, 'BANYUASIN', 17404, 0),
(19492, 'OGAN KOMERING ULU TIMUR', 17404, 1),
(19808, 'OGAN KOMERING ULU SELATAN', 17404, 0),
(20087, 'OGAN ILIR', 17404, 0),
(20345, 'EMPAT LAWANG', 17404, 0),
(20512, 'KOTA PALEMBANG', 17404, 0),
(20636, 'KOTA PAGAR ALAM', 17404, 0),
(20677, 'KOTA LUBUKLINGGAU', 17404, 1),
(20758, 'KOTA PRABUMULIH', 17404, 0),
(20803, 'BENGKULU TENGAH', 20802, 1),
(20923, 'BENGKULU SELATAN', 20802, 1),
(21093, 'REJANG LEBONG', 20802, 1),
(21265, 'BENGKULU UTARA', 20802, 1),
(21492, 'KAUR', 20802, 1),
(21702, 'SELUMA', 20802, 1),
(21885, 'MUKOMUKO', 20802, 1),
(22052, 'LEBONG', 20802, 1),
(22135, 'KEPAHIANG', 20802, 1),
(22252, 'KOTA BENGKULU', 20802, 0),
(22329, 'PRINGSEWU', 22328, 1),
(22439, 'MESUJI', 22328, 1),
(22522, 'TULANG BAWANG BARAT', 22328, 1),
(22605, 'LAMPUNG SELATAN', 22328, 0),
(22875, 'LAMPUNG TENGAH', 22328, 0),
(23189, 'LAMPUNG UTARA', 22328, 1),
(23460, 'LAMPUNG BARAT', 22328, 1),
(23737, 'TULANG BAWANG', 22328, 0),
(23903, 'TANGGAMUS', 22328, 1),
(24202, 'LAMPUNG TIMUR', 22328, 1),
(24484, 'WAY KANAN', 22328, 1),
(24709, 'KOTA BANDAR LAMPUNG', 22328, 0),
(24822, 'KOTA METRO', 22328, 1),
(24850, 'PESAWARAN', 22328, 1),
(24994, 'BANGKA', 24993, 0),
(25072, 'BELITUNG', 24993, 0),
(25120, 'BANGKA SELATAN', 24993, 1),
(25181, 'BANGKA TENGAH', 24993, 1),
(25245, 'BANGKA BARAT', 24993, 1),
(25316, 'BELITUNG TIMUR', 24993, 1),
(25363, 'KOTA PANGKALPINANG', 24993, 1),
(25406, 'KOTA TANJUNGPINANG', 25405, 0),
(25429, 'KEPULAUAN ANAMBAS', 25405, 1),
(25471, 'BINTAN', 25405, 1),
(25533, 'KARIMUN', 25405, 0),
(25597, 'NATUNA', 25405, 0),
(25683, 'LINGGA', 25405, 1),
(25746, 'KOTA BATAM', 25405, 0),
(25824, 'KEPULAUAN SERIBU', 25823, 1),
(25833, 'JAKARTA PUSAT', 25823, 1),
(25886, 'JAKARTA UTARA', 25823, 1),
(25924, 'JAKARTA BARAT', 25823, 1),
(25989, 'JAKARTA SELATAN', 25823, 0),
(26065, 'JAKARTA TIMUR', 25823, 1),
(26142, 'BOGOR', 26141, 1),
(26611, 'SUKABUMI', 26141, 1),
(27026, 'CIANJUR', 26141, 0),
(27407, 'BANDUNG', 26141, 1),
(27714, 'GARUT', 26141, 1),
(28182, 'TASIKMALAYA', 26141, 1),
(28573, 'CIAMIS', 26141, 0),
(28960, 'KUNINGAN', 26141, 1),
(29369, 'CIREBON', 26141, 1),
(29834, 'MAJALENGKA', 26141, 1),
(30197, 'SUMEDANG', 26141, 1),
(30503, 'INDRAMAYU', 26141, 1),
(30851, 'SUBANG', 26141, 1),
(31135, 'PURWAKARTA', 26141, 1),
(31345, 'KARAWANG', 26141, 1),
(31685, 'BEKASI', 26141, 0),
(31896, 'BANDUNG BARAT', 26141, 0),
(32077, 'KOTA BOGOR', 26141, 1),
(32152, 'KOTA SUKABUMI', 26141, 1),
(32193, 'KOTA BANDUNG', 26141, 0),
(32375, 'KOTA CIREBON', 26141, 1),
(32403, 'KOTA BEKASI', 26141, 1),
(32472, 'KOTA DEPOK', 26141, 0),
(32547, 'KOTA CIMAHI', 26141, 1),
(32566, 'KOTA TASIKMALAYA', 26141, 1),
(32646, 'KOTA BANJAR', 26141, 1),
(32677, 'CILACAP', 32676, 1),
(32986, 'BANYUMAS', 32676, 0),
(33345, 'PURBALINGGA', 32676, 1),
(33603, 'BANJARNEGARA', 32676, 0),
(33902, 'KEBUMEN', 32676, 1),
(34389, 'PURWOREJO', 32676, 0),
(34900, 'WONOSOBO', 32676, 0),
(35181, 'MAGELANG', 32676, 0),
(35575, 'BOYOLALI', 32676, 0),
(35862, 'KLATEN', 32676, 1),
(36290, 'SUKOHARJO', 32676, 0),
(36470, 'WONOGIRI', 32676, 0),
(36790, 'KARANGANYAR', 32676, 1),
(36985, 'SRAGEN', 32676, 0),
(37214, 'GROBOGAN', 32676, 0),
(37514, 'BLORA', 32676, 1),
(37826, 'REMBANG', 32676, 1),
(38136, 'PATI', 32676, 0),
(38564, 'KUDUS', 32676, 1),
(38706, 'JEPARA', 32676, 1),
(38917, 'DEMAK', 32676, 1),
(39181, 'SEMARANG', 32676, 1),
(39436, 'TEMANGGUNG', 32676, 1),
(39746, 'KENDAL', 32676, 0),
(40053, 'BATANG', 32676, 1),
(40317, 'PEKALONGAN', 32676, 0),
(40622, 'PEMALANG', 32676, 1),
(40859, 'TEGAL', 32676, 0),
(41165, 'BREBES', 32676, 1),
(41480, 'KOTA MAGELANG', 32676, 0),
(41501, 'KOTA SURAKARTA', 32676, 0),
(41558, 'KOTA SALATIGA', 32676, 1),
(41585, 'KOTA SEMARANG', 32676, 0),
(41779, 'KOTA PEKALONGAN', 32676, 0),
(41831, 'KOTA TEGAL', 32676, 1),
(41864, 'KULON PROGO', 41863, 1),
(41965, 'BANTUL', 41863, 1),
(42058, 'GUNUNGKIDUL', 41863, 0),
(42221, 'SLEMAN', 41863, 0),
(42325, 'KOTA YOGYAKARTA', 41863, 0),
(42386, 'PACITAN', 42385, 1),
(42570, 'PONOROGO', 42385, 0),
(42897, 'TRENGGALEK', 42385, 1),
(43069, 'TULUNGAGUNG', 42385, 1),
(43360, 'BLITAR', 42385, 0),
(43630, 'KEDIRI', 42385, 0),
(43993, 'MALANG', 42385, 0),
(44417, 'LUMAJANG', 42385, 0),
(44643, 'JEMBER', 42385, 0),
(44923, 'BANYUWANGI', 42385, 0),
(45165, 'BONDOWOSO', 42385, 0),
(45407, 'SITUBONDO', 42385, 1),
(45561, 'PROBOLINGGO', 42385, 0),
(45916, 'PASURUAN', 42385, 0),
(46306, 'SIDOARJO', 42385, 0),
(46678, 'MOJOKERTO', 42385, 0),
(47001, 'JOMBANG', 42385, 1),
(47329, 'NGANJUK', 42385, 0),
(47634, 'MADIUN', 42385, 1),
(47856, 'MAGETAN', 42385, 0),
(48110, 'NGAWI', 42385, 0),
(48347, 'BOJONEGORO', 42385, 1),
(48805, 'TUBAN', 42385, 1),
(49154, 'LAMONGAN', 42385, 1),
(49656, 'GRESIK', 42385, 0),
(50031, 'BANGKALAN', 42385, 1),
(50331, 'SAMPANG', 42385, 0),
(50532, 'PAMEKASAN', 42385, 0),
(50735, 'SUMENEP', 42385, 1),
(51095, 'KOTA KEDIRI', 42385, 0),
(51145, 'KOTA BLITAR', 42385, 1),
(51170, 'KOTA MALANG', 42385, 0),
(51233, 'KOTA PROBOLINGGO', 42385, 1),
(51268, 'KOTA PASURUAN', 42385, 1),
(51306, 'KOTA MOJOKERTO', 42385, 0),
(51327, 'KOTA MADIUN', 42385, 1),
(51358, 'KOTA SURABAYA', 42385, 0),
(51550, 'KOTA BATU', 42385, 1),
(51579, 'PANDEGLANG', 51578, 0),
(51913, 'LEBAK', 51578, 1),
(52287, 'TANGERANG', 51578, 0),
(52593, 'SERANG', 51578, 0),
(52936, 'KOTA TANGERANG', 51578, 0),
(53054, 'KOTA CILEGON', 51578, 1),
(53106, 'KOTA SERANG', 51578, 0),
(53179, 'KOTA TANGERANG SELATAN', 51578, 0),
(53242, 'JEMBRANA', 53241, 1),
(53299, 'TABANAN', 53241, 1),
(53439, 'BADUNG', 53241, 1),
(53508, 'GIANYAR', 53241, 1),
(53586, 'KLUNGKUNG', 53241, 1),
(53650, 'BANGLI', 53241, 1),
(53727, 'KARANGASEM', 53241, 1),
(53814, 'BULELENG', 53241, 1),
(53972, 'KOTA DENPASAR', 53241, 1),
(54021, 'LOMBOK BARAT', 54020, 1),
(54123, 'LOMBOK TENGAH', 54020, 1),
(54260, 'LOMBOK TIMUR', 54020, 1),
(54400, 'SUMBAWA', 54020, 1),
(54590, 'DOMPU', 54020, 1),
(54666, 'BIMA', 54020, 1),
(54853, 'SUMBAWA BARAT', 54020, 1),
(54925, 'KOTA MATARAM', 54020, 0),
(54982, 'KOTA BIMA', 54020, 1),
(55026, 'LOMBOK UTARA', 54020, 1),
(55066, 'KUPANG', 55065, 0),
(55347, 'TIMOR TENGAH SELATAN', 55065, 0),
(55620, 'TIMOR TENGAH UTARA', 55065, 1),
(55819, 'BELU', 55065, 0),
(56051, 'ALOR', 55065, 1),
(56244, 'FLORES TIMUR', 55065, 0),
(56489, 'SIKKA', 55065, 1),
(56671, 'ENDE', 55065, 0),
(56904, 'NGADA', 55065, 0),
(57008, 'MANGGARAI', 55065, 1),
(57167, 'SUMBA TIMUR', 55065, 1),
(57346, 'SUMBA BARAT', 55065, 1),
(57406, 'LEMBATA', 55065, 1),
(57560, 'ROTE NDAO', 55065, 1),
(57649, 'MANGGARAI BARAT', 55065, 1),
(57778, 'NAGEKEO', 55065, 1),
(57886, 'SUMBA TENGAH', 55065, 0),
(57935, 'SUMBA BARAT DAYA', 55065, 0),
(58040, 'KOTA KUPANG', 55065, 0),
(58098, 'MANGGARAI TIMUR', 55065, 1),
(58219, 'SABU RAIJUA', 55065, 0),
(58286, 'SAMBAS', 58285, 1),
(58490, 'PONTIANAK', 58285, 1),
(58567, 'SANGGAU', 58285, 1),
(58749, 'KETAPANG', 58285, 1),
(59018, 'SINTANG', 58285, 1),
(59320, 'KAPUAS HULU', 58285, 1),
(59557, 'BENGKAYANG', 58285, 1),
(59699, 'LANDAK', 58285, 1),
(59869, 'SEKADAU', 58285, 1),
(59953, 'MELAWI', 58285, 1),
(60134, 'KAYONG UTARA', 58285, 1),
(60183, 'KOTA PONTIANAK', 58285, 1),
(60223, 'KOTA SINGKAWANG', 58285, 1),
(60255, 'KUBU RAYA', 58285, 1),
(60372, 'KOTAWARINGIN BARAT', 60371, 1),
(60468, 'KOTAWARINGIN TIMUR', 60371, 0),
(60653, 'KAPUAS', 60371, 0),
(60867, 'BARITO SELATAN', 60371, 1),
(60967, 'BARITO UTARA', 60371, 0),
(61077, 'KATINGAN', 60371, 1),
(61251, 'SERUYAN', 60371, 1),
(61362, 'SUKAMARA', 60371, 1),
(61400, 'LAMANDAU', 60371, 1),
(61492, 'GUNUNG MAS', 60371, 0),
(61614, 'PULANG PISAU', 60371, 1),
(61711, 'MURUNG RAYA', 60371, 1),
(61846, 'BARITO TIMUR', 60371, 1),
(61929, 'KOTA PALANGKARAYA', 60371, 0),
(61966, 'TANAH LAUT', 61965, 0),
(62112, 'KOTABARU', 61965, 0),
(62333, 'BANJAR', 61965, 0),
(62643, 'BARITO KUALA', 61965, 0),
(62861, 'TAPIN', 61965, 0),
(63007, 'HULU SUNGAI SELATAN', 61965, 0),
(63167, 'HULU SUNGAI TENGAH', 61965, 1),
(63348, 'HULU SUNGAI UTARA', 61965, 1),
(63578, 'TABALONG', 61965, 1),
(63722, 'TANAH BUMBU', 61965, 0),
(63866, 'BALANGAN', 61965, 0),
(64027, 'KOTA BANJARMASIN', 61965, 1),
(64085, 'KOTA BANJARBARU', 61965, 0),
(64112, 'PASER', 64111, 1),
(64248, 'KUTAI KARTANEGARA', 64111, 0),
(64496, 'BERAU', 64111, 0),
(64617, 'BULUNGAN', 64111, 1),
(64709, 'NUNUKAN', 64111, 0),
(64949, 'MALINAU', 64111, 0),
(65069, 'KUTAI BARAT', 64111, 1),
(65315, 'KUTAI TIMUR', 64111, 0),
(65469, 'PENAJAM PASER UTARA', 64111, 0),
(65528, 'KOTA BALIKPAPAN', 64111, 1),
(65567, 'KOTA SAMARINDA', 64111, 1),
(65631, 'KOTA TARAKAN', 64111, 0),
(65656, 'KOTA BONTANG', 64111, 1),
(65675, 'TANA TIDUNG', 64111, 0),
(65703, 'BOLAANG MONGONDOW TIMUR', 65702, 0),
(65760, 'BOLAANG MONGONDOW SELATAN', 65702, 1),
(65822, 'BOLAANG MONGONDOW', 65702, 0),
(65974, 'MINAHASA', 65702, 1),
(66188, 'KEPULAUAN SANGIHE', 65702, 0),
(66371, 'KEPULAUAN TALAUD', 65702, 1),
(66544, 'MINAHASA SELATAN', 65702, 1),
(66718, 'MINAHASA UTARA', 65702, 0),
(66853, 'MINAHASA TENGGARA', 65702, 0),
(66936, 'BOLAANG MONGONDOW UTARA', 65702, 0),
(67035, 'KEP. SIAU TAGULANDANG BIARO', 65702, 0),
(67130, 'KOTA MANADO', 65702, 0),
(67227, 'KOTA BITUNG', 65702, 1),
(67305, 'KOTA TOMOHON', 65702, 1),
(67355, 'KOTA KOTAMOBAGU', 65702, 0),
(67394, 'SIGI', 67393, 1),
(67558, 'BANGGAI', 67393, 0),
(67866, 'POSO', 67393, 1),
(68041, 'DONGGALA', 67393, 1),
(68206, 'TOLITOLI', 67393, 1),
(68309, 'BUOL', 67393, 1),
(68428, 'MOROWALI', 67393, 1),
(68681, 'BANGGAI KEPULAUAN', 67393, 0),
(68887, 'PARIGI MOUTONG', 67393, 1),
(69089, 'TOJO UNA-UNA', 67393, 1),
(69220, 'KOTA PALU', 67393, 1),
(69269, 'TORAJA UTARA', 69268, 1),
(69442, 'KEPULAUAN SELAYAR', 69268, 0),
(69531, 'BULUKUMBA', 69268, 1),
(69668, 'BANTAENG', 69268, 1),
(69744, 'JENEPONTO', 69268, 1),
(69869, 'TAKALAR', 69268, 0),
(69962, 'GOWA', 69268, 1),
(70149, 'SINJAI', 69268, 1),
(70239, 'BONE', 69268, 1),
(70639, 'MAROS', 69268, 1),
(70757, 'PANGKAJENE DAN KEPULAUAN', 69268, 1),
(70873, 'BARRU', 69268, 0),
(70935, 'SOPPENG', 69268, 1),
(71014, 'WAJO', 69268, 0),
(71209, 'SIDENRENG RAPPANG', 69268, 1),
(71327, 'PINRANG', 69268, 0),
(71437, 'ENREKANG', 69268, 1),
(71579, 'LUWU', 69268, 1),
(71828, 'TANA TORAJA', 69268, 0),
(72007, 'LUWU UTARA', 69268, 1),
(72190, 'LUWU TIMUR', 69268, 0),
(72309, 'KOTA MAKASSAR', 69268, 0),
(72467, 'KOTA PARE PARE', 69268, 1),
(72493, 'KOTA PALOPO', 69268, 1),
(72552, 'KOLAKA', 72551, 1),
(72786, 'KONAWE', 72551, 0),
(73150, 'MUNA', 72551, 0),
(73420, 'BUTON', 72551, 0),
(73650, 'KONAWE SELATAN', 72551, 0),
(74018, 'BOMBANA', 72551, 1),
(74179, 'WAKATOBI', 72551, 0),
(74288, 'KOLAKA UTARA', 72551, 1),
(74437, 'KONAWE UTARA', 72551, 1),
(74525, 'BUTON UTARA', 72551, 0),
(74590, 'KOTA KENDARI', 72551, 0),
(74665, 'KOTA BAU BAU', 72551, 0),
(74717, 'GORONTALO', 74716, 1),
(74941, 'BOALEMO', 74716, 1),
(75031, 'BONE BOLANGO', 74716, 1),
(75183, 'PAHUWATO', 74716, 1),
(75301, 'GORONTALO UTARA', 74716, 1),
(75365, 'KOTA GORONTALO', 74716, 1),
(75426, 'MAMUJU UTARA', 75425, 0),
(75502, 'MAMUJU', 75425, 0),
(75670, 'MAMASA', 75425, 0),
(75863, 'POLEWALI MANDAR', 75425, 1),
(76047, 'MAJENE', 75425, 0),
(76097, 'MALUKU BARAT DAYA', 76096, 0),
(76223, 'BURU SELATAN', 76096, 0),
(76284, 'MALUKU TENGAH', 76096, 0),
(76470, 'MALUKU TENGGARA', 76096, 0),
(76568, 'MALUKU TENGGARA BARAT', 76096, 0),
(76651, 'BURU', 76096, 0),
(76708, 'SERAM BAGIAN TIMUR', 76096, 0),
(76771, 'SERAM BAGIAN BARAT', 76096, 1),
(76868, 'KEPULAUAN ARU', 76096, 1),
(76995, 'KOTA AMBON', 76096, 0),
(77051, 'KOTA TUAL', 76096, 0),
(77086, 'PULAU MOROTAI', 77085, 0),
(77155, 'HALMAHERA BARAT', 77085, 0),
(77311, 'HALMAHERA TENGAH', 77085, 0),
(77364, 'HALMAHERA UTARA', 77085, 0),
(77578, 'HALMAHERA SELATAN', 77085, 0),
(77858, 'KEPULAUAN SULA', 77085, 0),
(77956, 'HALMAHERA TIMUR', 77085, 0),
(78040, 'KOTA TERNATE', 77085, 0),
(78122, 'KOTA TIDORE KEPULAUAN', 77085, 1),
(78204, 'INTAN JAYA', 78203, 0),
(78289, 'DEIYAI', 78203, 0),
(78324, 'TOLIKARA', 78203, 0),
(78862, 'WAROPEN', 78203, 1),
(78927, 'BOVEN DIGOEL', 78203, 0),
(79019, 'MAPPI', 78203, 1),
(79163, 'ASMAT', 78203, 0),
(79310, 'SUPIORI', 78203, 0),
(79354, 'MAMBERAMO RAYA', 78203, 0),
(79421, 'KOTA JAYAPURA', 78203, 0),
(79466, 'MAMBERAMO TENGAH', 78203, 0),
(79531, 'YALIMO', 78203, 0),
(79564, 'LANNY JAYA', 78203, 0),
(79629, 'NDUGA', 78203, 0),
(79663, 'PUNCAK', 78203, 1),
(79752, 'DOGIYAI', 78203, 0),
(79826, 'MERAUKE', 78203, 0),
(80015, 'JAYAWIJAYA', 78203, 0),
(80144, 'JAYAPURA', 78203, 1),
(80309, 'NABIRE', 78203, 0),
(80402, 'KEPULAUAN YAPEN', 78203, 0),
(80526, 'BIAK NUMFOR', 78203, 0),
(80724, 'PUNCAK JAYA', 78203, 0),
(80851, 'PANIAI', 78203, 0),
(81007, 'MIMIKA', 78203, 0),
(81104, 'SARMI', 78203, 0),
(81192, 'KEEROM', 78203, 0),
(81261, 'PEGUNUNGAN BINTANG', 78203, 0),
(81357, 'YAHUKIMO', 78203, 0),
(81878, 'MAYBRAT', 81877, 1),
(81992, 'TAMBRAUW', 81877, 0),
(82022, 'SORONG', 81877, 1),
(82154, 'MANOKWARI', 81877, 0),
(82605, 'FAKFAK', 81877, 0),
(82724, 'SORONG SELATAN', 81877, 0),
(82850, 'RAJA AMPAT', 81877, 0),
(82965, 'TELUK BINTUNI', 81877, 1),
(83107, 'TELUK WONDAMA', 81877, 1),
(83194, 'KAIMANA', 81877, 0),
(83289, 'KOTA SORONG', 81877, 1);

-- --------------------------------------------------------

--
-- Table structure for table `t_kecamatan`
--

CREATE TABLE `t_kecamatan` (
  `IDKecamatan` int(11) NOT NULL,
  `Nama` varchar(45) DEFAULT NULL,
  `IDKabupaten` int(11) NOT NULL,
  `StatusSearch` int(11) NOT NULL
) ENGINE=InnoDB DEFAULT CHARSET=utf8;

--
-- Dumping data for table `t_kecamatan`
--

INSERT INTO `t_kecamatan` (`IDKecamatan`, `Nama`, `IDKabupaten`, `StatusSearch`) VALUES
(3, 'BAKONGAN', 2, 0),
(9, 'KLUET UTARA', 2, 0),
(29, 'KLUET SELATAN', 2, 1),
(47, 'LABUHAN HAJI', 2, 0),
(64, 'MEUKEK', 2, 1),
(87, 'SAMADUA', 2, 1),
(116, 'SAWANG', 2, 1),
(132, 'TAPAKTUAN', 2, 1),
(148, 'TRUMON', 2, 1),
(161, 'PASIE RAJA', 2, 1),
(182, 'BAKONGAN TIMUR', 2, 0),
(190, 'KLUET TENGAH', 2, 0),
(204, 'KLUET TIMUR', 2, 1),
(212, 'TRUMON TIMUR', 2, 0),
(222, 'LABUHAN HAJI BARAT', 2, 0),
(236, 'LABUHAN HAJI TIMUR', 2, 0),
(248, 'KOTA BAHAGIA', 2, 1),
(259, 'TRUMON TENGAH', 2, 0),
(270, 'LAWE ALAS', 269, 1),
(299, 'LAWE SIGALA-GALA', 269, 1),
(335, 'BAMBEL', 269, 1),
(369, 'BABUSSALAM', 269, 0),
(397, 'BADAR', 269, 0),
(416, 'BABUL MAKMUR', 269, 0),
(438, 'DARUL HASANAH', 269, 0),
(467, 'LAWE BULAN', 269, 0),
(492, 'BUKIT TUSAM', 269, 0),
(516, 'SEMADAM', 269, 0),
(536, 'BABUL RAHMAH', 269, 0),
(564, 'KETAMBE', 269, 1),
(590, 'DELENG POKHKISEN', 269, 0),
(613, 'LAWE SUMUR', 269, 0),
(632, 'TANOH ALAS', 269, 1),
(647, 'LEUSER', 269, 0),
(672, 'DARUL AMAN', 671, 0),
(718, 'JULOK', 671, 0),
(756, 'IDI RAYEUK', 671, 0),
(792, 'BIREM BAYEUN', 671, 0),
(820, 'SERBAJADI', 671, 0),
(838, 'NURUSSALAM', 671, 0),
(870, 'PEUREULAK', 671, 0),
(909, 'RANTAU SELAMAT', 671, 0),
(924, 'SIMPANG ULIM', 671, 0),
(948, 'RANTAU PEUREULAK', 671, 0),
(972, 'PANTE BIDARI', 671, 0),
(996, 'MADAT', 671, 0),
(1023, 'INDRA MAKMU', 671, 0),
(1037, 'IDI TUNONG', 671, 0),
(1063, 'BANDA ALAM', 671, 0),
(1080, 'PEUDAWA', 671, 0),
(1098, 'PEUREULAK TIMUR', 671, 0),
(1119, 'PEUREULAK BARAT', 671, 0),
(1135, 'SUNGAI RAYA', 671, 0),
(1149, 'SIMPANG JERNIH', 671, 0),
(1158, 'DARUL IHSAN', 671, 0),
(1175, 'DARUL FALAH', 671, 0),
(1187, 'IDI TIMUR', 671, 0),
(1201, 'PEUNARON', 671, 0),
(1208, 'LINGE', 1207, 1),
(1233, 'SILIH NARA', 1207, 1),
(1267, 'BEBESEN', 1207, 1),
(1295, 'BIES', 1207, 1),
(1307, 'RUSIP ANTARA', 1207, 1),
(1322, 'ATU LINTANG', 1207, 1),
(1332, 'PEGASING', 1207, 1),
(1362, 'BINTANG', 1207, 1),
(1386, 'JAGONG JEGET', 1207, 1),
(1394, 'KETOL', 1207, 1),
(1420, 'KEBAYAKAN', 1207, 0),
(1440, 'KUTE PANANG', 1207, 0),
(1459, 'CELALA', 1207, 1),
(1476, 'LAUT TAWAR', 1207, 1),
(1493, 'JOHAN PAHWALAN', 1492, 1),
(1515, 'KAWAY XVI', 1492, 1),
(1559, 'SUNGAI MAS', 1492, 1),
(1577, 'WOYLA', 1492, 1),
(1621, 'SAMATIGA', 1492, 1),
(1654, 'BUBON', 1492, 1),
(1672, 'ARONGAN LAMBALEK', 1492, 1),
(1700, 'PANTE CEUREUMEN', 1492, 1),
(1726, 'MEUREUBO', 1492, 1),
(1753, 'WOYLA BARAT', 1492, 1),
(1778, 'WOYLA TIMUR', 1492, 1),
(1804, 'PANTON REU', 1492, 1),
(1825, 'LHOONG', 1824, 0),
(1854, 'LHOKNGA', 1824, 0),
(1883, 'INDRAPURI', 1824, 0),
(1936, 'SEULIMEUM', 1824, 0),
(1984, 'MONTASIK', 1824, 0),
(2024, 'SUKAMAKMUR', 1824, 0),
(2060, 'DARUL IMARAH', 1824, 0),
(2093, 'PEUKAN BADA', 1824, 0),
(2120, 'MESJID RAYA', 1824, 0),
(2134, 'INGIN JAYA', 1824, 0),
(2185, 'KUTA BARO', 1824, 0),
(2233, 'DARUSSALAM', 1824, 0),
(2263, 'PULO ACEH', 1824, 0),
(2281, 'LMB. SEULAWAH', 1824, 0),
(2294, 'KOTA JANTHO', 1824, 0),
(2308, 'KOTA COT GLIE', 1824, 0),
(2341, 'KUTA MALAKA', 1824, 0),
(2357, 'SIMPANG TIGA', 1824, 0),
(2376, 'DARUL KAMAL', 1824, 0),
(2391, 'BAITUSSALAM', 1824, 0),
(2405, 'KR. BARONA JA', 1824, 0),
(2418, 'LEUPUNG', 1824, 0),
(2425, 'BLANG BINTANG', 1824, 0),
(2453, 'BATEE', 2452, 0),
(2482, 'DELIMA', 2452, 0),
(2527, 'GEUMPANG', 2452, 0),
(2533, 'GEULUMPANG TIGA', 2452, 0),
(2568, 'INDRA JAYA', 2452, 0),
(2618, 'KEMBANG TANJONG', 2452, 0),
(2664, 'KOTA SIGLI', 2452, 0),
(2680, 'MILA', 2452, 0),
(2701, 'MUARA TIGA', 2452, 0),
(2720, 'MUTIARA', 2452, 0),
(2750, 'PADANG TIJI', 2452, 0),
(2815, 'PEUKAN BARO', 2452, 0),
(2864, 'PIDIE', 2452, 0),
(2929, 'SAKTI', 2452, 0),
(2979, 'SIMPANG TIGA', 2452, 0),
(3032, 'TANGSE', 2452, 0),
(3061, 'TIRO/TRUSEB', 2452, 0),
(3081, 'KEUMALA', 2452, 0),
(3099, 'MUTIARA TIMUR', 2452, 0),
(3148, 'GRONG-GRONG', 2452, 0),
(3164, 'MANE', 2452, 0),
(3169, 'GLUMPANG BARO', 2452, 0),
(3191, 'TITEUE', 2452, 0),
(3206, 'BAKTIYA', 3205, 1),
(3264, 'DEWANTARA', 3205, 1),
(3280, 'KUTA MAKMUR', 3205, 1),
(3320, 'LHOKSUKON', 3205, 1),
(3397, 'MATANGKULI', 3205, 1),
(3447, 'MUARA BATU', 3205, 1),
(3472, 'MEURAH MULIA', 3205, 1),
(3523, 'SAMUDERA', 3205, 1),
(3564, 'SEUNUDDON', 3205, 1),
(3598, 'SYAMTALIRA ARON', 3205, 1),
(3633, 'SYAMTALIRA BAYU', 3205, 1),
(3672, 'TANAH LUAS', 3205, 1),
(3730, 'TANAH PASIR', 3205, 1),
(3749, 'T. JAMBO AYE', 3205, 1),
(3797, 'SAWANG', 3205, 1),
(3837, 'NISAM', 3205, 1),
(3867, 'COT GIREK', 3205, 1),
(3892, 'LANGKAHAN', 3205, 1),
(3916, 'BAKTIYA BARAT', 3205, 1),
(3943, 'PAYA BAKONG', 3205, 1),
(3983, 'NIBONG', 3205, 1),
(4004, 'SIMPANG KRAMAT', 3205, 0),
(4021, 'LAPANG', 3205, 1),
(4033, 'PIRAK TIMUR', 3205, 1),
(4057, 'GEUREDONG PASE', 3205, 1),
(4069, 'BANDA BARO', 3205, 1),
(4079, 'NISAM ANTARA', 3205, 1),
(4087, 'SIMEULUE TENGAH', 4086, 0),
(4112, 'SALANG', 4086, 0),
(4129, 'TEUPAH BARAT', 4086, 0),
(4148, 'SIMEULUE TIMUR', 4086, 0),
(4178, 'TELUK DALAM', 4086, 0),
(4189, 'SIMEULUE BARAT', 4086, 0),
(4204, 'TEUPAH SELATAN', 4086, 0),
(4224, 'ALAPAN', 4086, 0),
(4234, 'PULAU BANYAK', 4233, 1),
(4242, 'SIMPANG KANAN', 4233, 1),
(4268, 'SINGKIL', 4233, 1),
(4285, 'GUNUNG MERIAH', 4233, 1),
(4311, 'KOTA BAHARU', 4233, 1),
(4321, 'SINGKIL UTARA', 4233, 1),
(4329, 'DANAU PARIS', 4233, 1),
(4336, 'SURO MAKMUR', 4233, 1),
(4348, 'SINGKOHOR', 4233, 0),
(4355, 'KUALA BARU', 4233, 0),
(4360, 'PULAU BANYAK BARAT', 4233, 1),
(4363, 'SAMALANGA', 4362, 0),
(4410, 'JEUNIEB', 4362, 0),
(4454, 'PEUDADA', 4362, 0),
(4507, 'JEUMPA', 4362, 0),
(4550, 'PEUSANGAN', 4362, 0),
(4620, 'MAKMUR', 4362, 0),
(4648, 'GANDAPURA', 4362, 0),
(4689, 'PANDRAH', 4362, 0),
(4709, 'JULI', 4362, 0),
(4746, 'JANGKA', 4362, 0),
(4793, 'SIMPANG MAMPLAM', 4362, 0),
(4835, 'PEULIMBANG', 4362, 0),
(4858, 'KOTA JUANG', 4362, 0),
(4882, 'KUALA', 4362, 0),
(4903, 'PEUSANGAN SIBLAH KRUENG', 4362, 0),
(4925, 'PEUSANGAN SELATAN', 4362, 0),
(4947, 'KUTA BLANG', 4362, 0),
(4990, 'BLANG PIDIE', 4989, 0),
(5011, 'TANGAN-TANGAN', 4989, 0),
(5027, 'MANGGENG', 4989, 0),
(5045, 'SUSOH', 4989, 0),
(5074, 'KUALA BATEE', 4989, 0),
(5093, 'BABAH ROT', 4989, 0),
(5104, 'LEMBAH SABIL', 4989, 0),
(5118, 'SETIA', 4989, 0),
(5127, 'JEUMPA', 4989, 0),
(5139, 'KUTAPANJANG', 5138, 0),
(5152, 'BLANGKEJEREN', 5138, 0),
(5173, 'RIKIT GAIB', 5138, 0),
(5187, 'TERANGUN', 5138, 0),
(5211, 'PINING', 5138, 0),
(5221, 'DABUN GELANG', 5138, 0),
(5231, 'BLANGPEGAYON', 5138, 0),
(5244, 'PUTERI BETUNG', 5138, 0),
(5254, 'BLANGJERANGO', 5138, 0),
(5265, 'PANTAN CUACA', 5138, 0),
(5275, 'TERIPE JAYA', 5138, 0),
(5287, 'TEUNOM', 5286, 1),
(5324, 'KRUENG SABEE', 5286, 0),
(5342, 'SETIA BAKTI', 5286, 1),
(5356, 'SAMPOINIET', 5286, 1),
(5394, 'JAYA', 5286, 1),
(5443, 'PANGA', 5286, 1),
(5464, 'KUALA', 5463, 1),
(5482, 'SEUNAGAN', 5463, 1),
(5517, 'SEUNAGAN TIMUR', 5463, 1),
(5552, 'BEUTONG', 5463, 1),
(5581, 'DARUL MAKMUR', 5463, 1),
(5634, 'SUKA MAKMUE', 5463, 1),
(5654, 'KUALA PESISIR', 5463, 0),
(5671, 'TADU RAYA', 5463, 1),
(5695, 'MANYAK PAYED', 5694, 1),
(5732, 'BENDAHARA', 5694, 1),
(5766, 'KARANG BARU', 5694, 1),
(5798, 'SERUWAY', 5694, 1),
(5823, 'KOTA KUALASIMPANG', 5694, 1),
(5829, 'KEJURUAN MUDA', 5694, 1),
(5845, 'TAMIANG HULU', 5694, 1),
(5855, 'RANTAU', 5694, 0),
(5872, 'BANDA MULIA', 5694, 1),
(5883, 'BANDAR PUSAKA', 5694, 1),
(5899, 'TENGGULUN', 5694, 1),
(5905, 'SEKERAK', 5694, 1),
(5921, 'TIMANG GAJAH', 5920, 0),
(5952, 'PINTU RIME GAYO', 5920, 1),
(5976, 'BUKIT', 5920, 0),
(6017, 'WIH PESAM', 5920, 1),
(6045, 'BANDAR', 5920, 0),
(6081, 'SYIAH UTAMA', 5920, 1),
(6098, 'PERMATA', 5920, 0),
(6126, 'BENER KELIPAH', 5920, 1),
(6139, 'MESIDAH', 5920, 1),
(6155, 'GAJAH PUTIH', 5920, 0),
(6167, 'MEUREUDU', 6166, 0),
(6198, 'ULIM', 6166, 0),
(6229, 'JANGKA BUYA', 6166, 0),
(6248, 'BANDAR DUA', 6166, 0),
(6294, 'MEURAH DUA', 6166, 0),
(6314, 'BANDAR BARU', 6166, 0),
(6358, 'PANTERAJA', 6166, 0),
(6369, 'TRIENGGADENG', 6166, 0),
(6398, 'BAITURRAHMAN', 6397, 1),
(6409, 'KUTA ALAM', 6397, 1),
(6421, 'MEURAXA', 6397, 1),
(6438, 'SYIAH KUALA', 6397, 1),
(6449, 'LUENG BATA', 6397, 1),
(6459, 'KUTA RAJA', 6397, 1),
(6466, 'BANDA RAYA', 6397, 1),
(6477, 'JAYA BARU', 6397, 1),
(6487, 'ULEE KARENG', 6397, 1),
(6498, 'SUKAKARYA', 6497, 1),
(6507, 'SUKAJAYA', 6497, 1),
(6519, 'MUARA DUA', 6518, 1),
(6537, 'BANDA SAKTI', 6518, 1),
(6556, 'BLANG MANGAT', 6518, 1),
(6579, 'MUARA SATU', 6518, 1),
(6592, 'LANGSA TIMUR', 6591, 1),
(6607, 'LANGSA BARAT', 6591, 1),
(6617, 'LANGSA KOTA', 6591, 1),
(6628, 'LANGSA LAMA', 6591, 1),
(6638, 'LANGSA BARO', 6591, 1),
(6649, 'SIMPANG KIRI', 6648, 0),
(6664, 'PENANGGALAN', 6648, 0),
(6675, 'RUNDENG', 6648, 0),
(6699, 'SULTAN DAULAT', 6648, 0),
(6717, 'LONGKIB', 6648, 0),
(6730, 'KOTAPINANG', 6729, 0),
(6741, 'KAMPUNG RAKYAT', 6729, 0),
(6757, 'TORGAMBA', 6729, 0),
(6772, 'SUNGAI KANAN', 6729, 0),
(6782, 'SILANGKITANG', 6729, 0),
(6790, 'KUALUH HULU', 6789, 0),
(6804, 'KUALUH LEIDONG', 6789, 1),
(6812, 'KUALUH HILIR', 6789, 1),
(6820, 'AEK KUO', 6789, 1),
(6829, 'MARBAU', 6789, 1),
(6848, 'NA IX - X', 6789, 0),
(6862, 'AEK NATAS', 6789, 1),
(6875, 'KUALUH SELATAN', 6789, 0),
(6889, 'LOTU', 6888, 1),
(6903, 'SAWO', 6888, 1),
(6914, 'TUHEMBERUA', 6888, 1),
(6923, 'SITOLU ORI', 6888, 1),
(6930, 'NAMOHALU ESIWA', 6888, 1),
(6942, 'ALASA TALUMUZOI', 6888, 1),
(6949, 'ALASA', 6888, 0),
(6964, 'TUGALA OYO', 6888, 1),
(6973, 'AFULU', 6888, 1),
(6983, 'LAHEWA', 6888, 1),
(7005, 'LAHEWA TIMUR', 6888, 1),
(7014, 'LAHOMI', 7013, 1),
(7026, 'SIROMBU', 7013, 1),
(7052, 'MANDREHE BARAT', 7013, 1),
(7067, 'MORO\'O', 7013, 1),
(7078, 'MANDREHE', 7013, 1),
(7099, 'MANDREHE UTARA', 7013, 1),
(7112, 'LOLOFITU MOI', 7013, 1),
(7126, 'ULU MORO\'O', 7013, 1),
(7133, 'GUNUNGSITOLI', 7132, 1),
(7166, 'GUNUNGSITOLI SELATAN', 7132, 1),
(7182, 'GUNUNGSITOLI UTARA', 7132, 1),
(7193, 'GUNUNGSITOLI IDANOI', 7132, 1),
(7220, 'GUNUNGSITOLI ALO\'OA', 7132, 1),
(7230, 'GUNUNGSITOLI BARAT', 7132, 1),
(7241, 'BARUS', 7240, 0),
(7255, 'SORKAM', 7240, 0),
(7271, 'PANDAN', 7240, 0),
(7281, 'PINANGSORI', 7240, 0),
(7289, 'MANDUAMAS', 7240, 0),
(7299, 'KOLANG', 7240, 0),
(7312, 'TAPIAN NAULI', 7240, 0),
(7322, 'SIBABANGUN', 7240, 0),
(7330, 'SOSOR GADONG', 7240, 0),
(7340, 'SORKAM BARAT', 7240, 0),
(7352, 'SIRANDORUNG', 7240, 0),
(7361, 'ANDAM DEWI', 7240, 0),
(7376, 'SITAHUIS', 7240, 0),
(7383, 'TUKKA', 7240, 0),
(7392, 'BADIRI', 7240, 0),
(7402, 'PASARIBU TOBING', 7240, 0),
(7411, 'BARUS UTARA', 7240, 0),
(7418, 'SUKA BANGUN', 7240, 0),
(7425, 'LUMUT', 7240, 0),
(7432, 'SARUDIK', 7240, 0),
(7439, 'TARUTUNG', 7438, 1),
(7471, 'SIATAS BARITA', 7438, 1),
(7484, 'ADIAN KOTING', 7438, 1),
(7499, 'SIPOHOLON', 7438, 1),
(7514, 'PAHAE JULU', 7438, 0),
(7534, 'PAHAE JAE', 7438, 1),
(7548, 'SIMANGUMBAN', 7438, 1),
(7557, 'PURBA TUA', 7438, 1),
(7569, 'SIBORONG-BORONG', 7438, 1),
(7591, 'PAGARAN', 7438, 1),
(7606, 'PARMONANGAN', 7438, 1),
(7621, 'SIPAHUTAR', 7438, 1),
(7645, 'PANGARIBUAN', 7438, 1),
(7668, 'GAROGA', 7438, 1),
(7681, 'MUARA', 7438, 1),
(7698, 'ANGKOLA BARAT', 7697, 1),
(7713, 'BATANG TORU', 7697, 1),
(7737, 'ANGKOLA TIMUR', 7697, 1),
(7753, 'SIPIROK', 7697, 1),
(7794, 'SAIPAR DOLOK HOLE', 7697, 1),
(7809, 'ANGKOLA SELATAN', 7697, 1),
(7827, 'BATANG ANGKOLA', 7697, 1),
(7864, 'ARSE', 7697, 1),
(7875, 'MARANCAR', 7697, 1),
(7888, 'SAYUR MATINGGI', 7697, 1),
(7908, 'AEK BILAH', 7697, 1),
(7921, 'MUARA BATANG TORU', 7697, 1),
(7931, 'TANO TOMBANGAN ANGKOLA', 7697, 1),
(7949, 'ANGKOLA SANGKUNUR', 7697, 1),
(7961, 'HILIDUHO', 7960, 1),
(7975, 'GIDO', 7960, 1),
(8001, 'IDANO GAWO', 7960, 1),
(8020, 'BAWOLATO', 7960, 1),
(8037, 'MA\'U', 7960, 1),
(8047, 'SOMOLO-MOLO', 7960, 1),
(8056, 'HILISERANGKAI', 7960, 1),
(8069, 'BOTOMUZOI', 7960, 1),
(8082, 'ULUGAWO', 7960, 1),
(8095, 'BAHOROK', 8094, 0),
(8115, 'SALAPIAN', 8094, 1),
(8133, 'KUALA', 8094, 1),
(8151, 'SEI BINGEI', 8094, 1),
(8168, 'BINJAI', 8094, 1),
(8176, 'SELESAI', 8094, 0),
(8191, 'STABAT', 8094, 0),
(8204, 'WAMPU', 8094, 1),
(8220, 'SECANGGANG', 8094, 1),
(8240, 'HINAI', 8094, 0),
(8254, 'TANJUNG PURA', 8094, 0),
(8274, 'PADANG TUALANG', 8094, 1),
(8289, 'GEBANG', 8094, 1),
(8302, 'BABALAN', 8094, 1),
(8311, 'PANGKALAN SUSU', 8094, 0),
(8323, 'BESITANG', 8094, 0),
(8334, 'SEI LEPAN', 8094, 1),
(8350, 'BRANDAN BARAT', 8094, 0),
(8358, 'BATANG SERANGAN', 8094, 0),
(8368, 'SAWIT SEBERANG', 8094, 1),
(8376, 'SIRAPIT', 8094, 1),
(8387, 'KUTAMBARU', 8094, 1),
(8398, 'PEMATANG JAYA', 8094, 0),
(8409, 'KABANJAHE', 8408, 1),
(8423, 'BERASTAGI', 8408, 1),
(8433, 'BARUSJAHE', 8408, 1),
(8453, 'TIGAPANAH', 8408, 1),
(8476, 'MEREK', 8408, 1),
(8496, 'MUNTE', 8408, 1),
(8519, 'JUHAR', 8408, 1),
(8544, 'TIGABINANGA', 8408, 1),
(8564, 'LAUBALENG', 8408, 1),
(8580, 'MARDINGDING', 8408, 1),
(8593, 'PAYUNG', 8408, 1),
(8602, 'SIMPANG EMPAT', 8408, 1),
(8620, 'KUTABULUH', 8408, 1),
(8637, 'DOLAT RAYAT', 8408, 1),
(8645, 'MERDEKA', 8408, 1),
(8655, 'NAMAN TERAN', 8408, 1),
(8670, 'TIGANDERKET', 8408, 1),
(8689, 'GUNUNG MERIAH', 8688, 0),
(8702, 'TANJUNG MORAWA', 8688, 0),
(8729, 'SIBOLANGIT', 8688, 0),
(8760, 'KUTALIMBARU', 8688, 0),
(8775, 'PANCUR BATU', 8688, 1),
(8801, 'NAMORAMBE', 8688, 0),
(8838, 'SIBIRU-BIRU', 8688, 0),
(8856, 'STM HILIR', 8688, 0),
(8872, 'BANGUN PURBA', 8688, 1),
(8906, 'GALANG', 8688, 0),
(8936, 'STM HULU', 8688, 1),
(8957, 'PATUMBAK', 8688, 0),
(8966, 'DELI TUA', 8688, 0),
(8973, 'SUNGGAL', 8688, 0),
(8991, 'HAMPARAN PERAK', 8688, 1),
(9012, 'LABUHAN DELI', 8688, 0),
(9018, 'PERCUT SEI TUAN', 8688, 1),
(9039, 'BATANG KUIS', 8688, 1),
(9051, 'LUBUK PAKAM', 8688, 0),
(9065, 'PAGAR MERBAU', 8688, 0),
(9082, 'PANTAI LABU', 8688, 0),
(9102, 'BERINGIN', 8688, 0),
(9115, 'SIANTAR', 9114, 0),
(9133, 'GUNUNG MALELA', 9114, 1),
(9150, 'GUNUNG MALIGAS', 9114, 1),
(9160, 'PANEI', 9114, 0),
(9172, 'PANOMBEIAN PANE', 9114, 1),
(9182, 'JORLANG HATARAN', 9114, 0),
(9192, 'RAYA KAHEAN', 9114, 0),
(9204, 'BOSAR MALIGAS', 9114, 1),
(9220, 'SIDAMANIK', 9114, 1),
(9234, 'PEMATANG SIDAMANIK', 9114, 1),
(9245, 'TANAH JAWA', 9114, 1),
(9266, 'HATONDUHAN', 9114, 1),
(9276, 'DOLOK PANRIBUAN', 9114, 1),
(9287, 'PURBA', 9114, 1),
(9298, 'HARANGGAOL HORISON', 9114, 1),
(9304, 'GIRSANG SIPANGAN BOLON', 9114, 1),
(9310, 'DOLOK BATU NANGGAR', 9114, 1),
(9326, 'HUTA BAYU RAJA', 9114, 1),
(9340, 'JAWA MARAJA BAH JAMBI', 9114, 1),
(9349, 'DOLOK PARDAMEAN', 9114, 1),
(9360, 'PEMATANG BANDAR', 9114, 1),
(9372, 'BANDAR HULUAN', 9114, 1),
(9382, 'BANDAR', 9114, 0),
(9397, 'BANDAR MASILAM', 9114, 1),
(9407, 'SILIMAKUTA', 9114, 1),
(9414, 'DOLOK SILAU', 9114, 1),
(9424, 'SILOU KAHEAN', 9114, 1),
(9441, 'TAPIAN DOLOK', 9114, 1),
(9452, 'RAYA', 9114, 1),
(9470, 'UJUNG PADANG', 9114, 1),
(9488, 'PAMATANG SILIMA HUTA', 9114, 1),
(9498, 'MERANTI', 9497, 1),
(9506, 'AIR JOMAN', 9497, 1),
(9514, 'TANJUNG BALAI', 9497, 1),
(9523, 'SEI KEPAYANG', 9497, 0),
(9530, 'SIMPANG EMPAT', 9497, 1),
(9539, 'AIR BATU', 9497, 0),
(9552, 'PULAU RAKYAT', 9497, 1),
(9565, 'BANDAR PULAU', 9497, 1),
(9576, 'BUNTU PANE', 9497, 1),
(9586, 'BANDAR PASIR MANDOGE', 9497, 0),
(9596, 'AEK KUASAN', 9497, 1),
(9604, 'KOTA KISARAN BARAT', 9497, 1),
(9618, 'KOTA KISARAN TIMUR', 9497, 1),
(9631, 'AEK SONGSONGAN', 9497, 1),
(9641, 'RAHUNING', 9497, 0),
(9649, 'SEI DADAP', 9497, 1),
(9660, 'SEI KEPAYANG BARAT', 9497, 1),
(9667, 'SEI KEPAYANG TIMUR', 9497, 1),
(9673, 'TINGGI RAJA', 9497, 0),
(9681, 'SETIA JANJI', 9497, 1),
(9687, 'SILAU LAUT', 9497, 1),
(9693, 'RAWANG PANCA ARGA', 9497, 1),
(9701, 'PULO BANDRING', 9497, 1),
(9712, 'TELUK DALAM', 9497, 0),
(9719, 'AEK LEDONG', 9497, 0),
(9728, 'RANTAU UTARA', 9727, 0),
(9739, 'RANTAU SELATAN', 9727, 0),
(9749, 'BILAH BARAT', 9727, 0),
(9760, 'BILAH HILIR', 9727, 0),
(9774, 'BILAH HULU', 9727, 0),
(9799, 'PANGKATAN', 9727, 0),
(9807, 'PANAI TENGAH', 9727, 0),
(9818, 'PANAI HILIR', 9727, 0),
(9827, 'PANAI HULU', 9727, 0),
(9836, 'SIDIKALANG', 9835, 1),
(9848, 'SUMBUL', 9835, 1),
(9868, 'TIGALINGGA', 9835, 1),
(9883, 'SIEMPAT NEMPU', 9835, 1),
(9897, 'SILIMA PUNGGA PUNGA', 9835, 1),
(9914, 'TANAH PINEM', 9835, 1),
(9934, 'SIEMPAT NEMPU HULU', 9835, 1),
(9947, 'SIEMPAT NEMPU HILIR', 9835, 1),
(9958, 'PEGAGAN HILIR', 9835, 1),
(9972, 'PARBULUAN', 9835, 1),
(9984, 'LAE PARIRA', 9835, 1),
(9994, 'GUNUNG SITEMBER', 9835, 1),
(10003, 'BRAMPU', 9835, 1),
(10009, 'SILAHISABUNGAN', 9835, 1),
(10015, 'SITINJO', 9835, 1),
(10021, 'BALIGE', 10020, 0),
(10055, 'LAGUBOTI', 10020, 1),
(10076, 'SILAEN', 10020, 1),
(10091, 'HABINSARAN', 10020, 1),
(10102, 'PINTU POHAN MERANTI', 10020, 1),
(10113, 'BORBOR', 10020, 1),
(10120, 'PORSEA', 10020, 1),
(10147, 'AJIBATA', 10020, 1),
(10157, 'LUMBAN JULU', 10020, 0),
(10173, 'ULUAN', 10020, 1),
(10191, 'SIGUMPAR', 10020, 1),
(10200, 'NASSAU', 10020, 1),
(10206, 'TAMPAHAN', 10020, 0),
(10213, 'SIANTAR NARUMONDA', 10020, 1),
(10228, 'PANYABUNGAN KOTA', 10227, 1),
(10267, 'PANYABUNGAN UTARA', 10227, 1),
(10280, 'PANYABUNGAN TIMUR', 10227, 1),
(10296, 'PANYABUNGAN SELATAN', 10227, 1),
(10308, 'PANYABUNGAN BARAT', 10227, 1),
(10319, 'SIABU', 10227, 1),
(10343, 'BUKIT MALINTANG', 10227, 1),
(10355, 'KOTANOPAN', 10227, 1),
(10392, 'LEMBAH SORIK MARAPI', 10227, 1),
(10402, 'TAMBANGAN', 10227, 1),
(10423, 'ULU PUNGKUT', 10227, 1),
(10437, 'MUARA SIPONGI', 10227, 1),
(10453, 'BATANG NATAL', 10227, 1),
(10485, 'LINGGA BAYU', 10227, 1),
(10505, 'BATAHAN', 10227, 1),
(10524, 'NATAL', 10227, 1),
(10554, 'MUARA BATANG GADIS', 10227, 1),
(10569, 'RANTO BAEK', 10227, 1),
(10588, 'HUTA BARGOT', 10227, 1),
(10602, 'PUNCAK SORIK MARAPI', 10227, 1),
(10614, 'PAKANTAN', 10227, 1),
(10623, 'SINUNUKAN', 10227, 1),
(10638, 'NAGA JUANG', 10227, 1),
(10647, 'LOLOMATUA', 10646, 0),
(10674, 'GOMO', 10646, 0),
(10699, 'LAHUSA', 10646, 1),
(10735, 'HIBALA', 10646, 0),
(10758, 'PULAU-PULAU BATU', 10646, 1),
(10805, 'TELUK DALAM', 10646, 1),
(10823, 'AMANDRAYA', 10646, 1),
(10845, 'LALOWA\'U', 10646, 1),
(10887, 'SUSUA', 10646, 0),
(10902, 'MANIAMOLO', 10646, 0),
(10917, 'HILIMEGAI', 10646, 0),
(10929, 'TOMA', 10646, 0),
(10941, 'MAZINO', 10646, 1),
(10953, 'UMBUNASI', 10646, 0),
(10963, 'ARAMO', 10646, 0),
(10979, 'PULAU-PULAU BATU TIMUR', 10646, 0),
(10990, 'MAZO', 10646, 1),
(11005, 'FANAYAMA', 10646, 0),
(11023, 'SITELU TALI URANG JEHE', 11022, 1),
(11034, 'KERAJAAN', 11022, 1),
(11045, 'SALAK', 11022, 1),
(11052, 'SITELU TALI URANG JULU', 11022, 1),
(11058, 'PERGETTENG GETTENG SENGKUT', 11022, 1),
(11064, 'PAGINDAR', 11022, 1),
(11069, 'TINADA', 11022, 1),
(11076, 'SIEMPAT RUBE', 11022, 1),
(11084, 'PARLILITAN', 11083, 0),
(11105, 'POLLUNG', 11083, 0),
(11119, 'BAKTIRAJA', 11083, 1),
(11127, 'PARANGINAN', 11083, 0),
(11139, 'LINTONG NIHUTA', 11083, 1),
(11162, 'DOLOK SANGGUL', 11083, 0),
(11192, 'SIJAMAPOLANG', 11083, 1),
(11203, 'ONAN GANJANG', 11083, 1),
(11216, 'PAKKAT', 11083, 0),
(11237, 'TARABINTANG', 11083, 0),
(11248, 'SIANJUR MULA MULA', 11247, 1),
(11260, 'HARIAN', 11247, 1),
(11272, 'SITIO-TIO', 11247, 1),
(11279, 'ONAN RUNGGU', 11247, 1),
(11292, 'NAINGGOLAN', 11247, 1),
(11305, 'PALIPI', 11247, 1),
(11319, 'RONGGUR NIHUTA', 11247, 1),
(11328, 'PANGURURAN', 11247, 0),
(11357, 'SIMANINDO', 11247, 0),
(11375, 'PANTAI CERMIN', 11374, 0),
(11388, 'PERBAUNGAN', 11374, 0),
(11417, 'TELUK MENGKUDU', 11374, 0),
(11430, 'SEI. RAMPAH', 11374, 0),
(11448, 'TANJUNG BERINGIN', 11374, 0),
(11457, 'BANDAR KHALIFAH', 11374, 0),
(11463, 'DOLOK MERAWAN', 11374, 0),
(11481, 'SIPISPIS', 11374, 0),
(11502, 'DOLOK MASIHUL', 11374, 0),
(11531, 'KOTARIH', 11374, 0),
(11543, 'SILINDA', 11374, 0),
(11553, 'SERBA JADI', 11374, 0),
(11564, 'TEBING TINGGI', 11374, 0),
(11579, 'PEGAJAHAN', 11374, 0),
(11593, 'SEI BAMBAN', 11374, 0),
(11604, 'TEBING SYAHBANDAR', 11374, 0),
(11615, 'BINTANG BAYU', 11374, 0),
(11636, 'MEDANG DERAS', 11635, 0),
(11651, 'SEI SUKA', 11635, 0),
(11665, 'AIR PUTIH', 11635, 0),
(11679, 'LIMA PULUH', 11635, 0),
(11707, 'TALAWI', 11635, 0),
(11721, 'TANJUNG TIRAM', 11635, 0),
(11734, 'SEI BALAI', 11635, 0),
(11744, 'MEDAN KOTA', 11743, 0),
(11757, 'MEDAN SUNGGAL', 11743, 1),
(11764, 'MEDAN HELVETIA', 11743, 0),
(11772, 'MEDAN DENAI', 11743, 0),
(11779, 'MEDAN BARAT', 11743, 1),
(11786, 'MEDAN DELI', 11743, 0),
(11793, 'MEDAN TUNTUNGAN', 11743, 0),
(11803, 'MEDAN BELAWAN', 11743, 0),
(11810, 'MEDAN AMPLAS', 11743, 0),
(11818, 'MEDAN AREA', 11743, 0),
(11831, 'MEDAN JOHOR', 11743, 0),
(11838, 'MEDAN MARELAN', 11743, 0),
(11844, 'MEDAN LABUHAN', 11743, 0),
(11851, 'MEDAN TEMBUNG', 11743, 0),
(11859, 'MEDAN MAIMUN', 11743, 1),
(11866, 'MEDAN POLONIA', 11743, 0),
(11872, 'MEDAN BARU', 11743, 0),
(11879, 'MEDAN PERJUANGAN', 11743, 0),
(11889, 'MEDAN PETISAH', 11743, 0),
(11897, 'MEDAN TIMUR', 11743, 1),
(11909, 'MEDAN SELAYANG', 11743, 0),
(11917, 'SIANTAR TIMUR', 11916, 1),
(11925, 'SIANTAR BARAT', 11916, 1),
(11934, 'SIANTAR UTARA', 11916, 1),
(11942, 'SIANTAR SELATAN', 11916, 1),
(11949, 'SIANTAR MARIHAT', 11916, 1),
(11957, 'SIANTAR MARTOBA', 11916, 1),
(11965, 'SIANTAR SITALASARI', 11916, 1),
(11971, 'SIANTAR MARIMBUN', 11916, 1),
(11979, 'SIBOLGA UTARA', 11978, 1),
(11985, 'SIBOLGA KOTA', 11978, 1),
(11990, 'SIBOLGA SELATAN', 11978, 1),
(11995, 'SIBOLGA SAMBAS', 11978, 1),
(12001, 'TANJUNG BALAI SELATAN', 12000, 0),
(12008, 'TANJUNG BALAI UTARA', 12000, 0),
(12014, 'SEI TUALANG RASO', 12000, 0),
(12020, 'TELUK NIBUNG', 12000, 0),
(12026, 'DATUK BANDAR', 12000, 0),
(12032, 'DATUK BANDAR TIMUR', 12000, 0),
(12039, 'BINJAI UTARA', 12038, 1),
(12049, 'BINJAI KOTA', 12038, 1),
(12057, 'BINJAI BARAT', 12038, 1),
(12064, 'BINJAI TIMUR', 12038, 1),
(12072, 'BINJAI SELATAN', 12038, 1),
(12082, 'PADANG HULU', 12081, 1),
(12090, 'RAMBUTAN', 12081, 1),
(12098, 'PADANG HILIR', 12081, 1),
(12106, 'BAJENIS', 12081, 1),
(12114, 'TEBING TINGGI KOTA', 12081, 1),
(12123, 'PADANGSIDIMPUAN UTARA', 12122, 0),
(12140, 'PADANGSIDIMPUAN SELATAN', 12122, 1),
(12153, 'PADANGSIDIMPUAN BATUNADUA', 12122, 1),
(12169, 'PADANGSIDIMPUAN HUTAIMBARU', 12122, 1),
(12180, 'PADANGSIDIMPUAN TENGGARA', 12122, 1),
(12199, 'PADANGSIDIMPUAN ANGKOLA JULU', 12122, 1),
(12209, 'DOLOK SIGOMPULON', 12208, 1),
(12254, 'DOLOK', 12208, 1),
(12341, 'HALONGONAN', 12208, 1),
(12386, 'PADANG BOLAK', 12208, 1),
(12464, 'PADANG BOLAK JULU', 12208, 1),
(12488, 'PORTIBI', 12208, 1),
(12527, 'BATANG ONANG', 12208, 1),
(12560, 'SIMANGAMBAT', 12208, 1),
(12595, 'HULU SIHAPAS', 12208, 1),
(12607, 'SOSOPAN', 12606, 0),
(12630, 'BARUMUN TENGAH', 12606, 0),
(12708, 'HURISTAK', 12606, 0),
(12736, 'LUBUK BARUMUN', 12606, 1),
(12761, 'HUTA RAJA TINGGI', 12606, 1),
(12793, 'ULU BARUMUN', 12606, 0),
(12809, 'BARUMUN', 12606, 0),
(12851, 'SOSA', 12606, 1),
(12891, 'BATANG LUBU SUTAM', 12606, 1),
(12922, 'PANCUNG SOAL', 12921, 0),
(12931, 'RANAH PESISIR', 12921, 0),
(12936, 'LENGAYANG', 12921, 0),
(12946, 'BATANG KAPAS', 12921, 0),
(12952, 'IV JURAI', 12921, 0),
(12959, 'BAYANG', 12921, 0),
(12964, 'KOTO XI TARUSAN', 12921, 0),
(12977, 'SUTERA', 12921, 0),
(12982, 'LINGGO SARI BAGANTI', 12921, 0),
(12990, 'LUNANG', 12921, 0),
(12996, 'BASA AMPEK BALAI TAPAN', 12921, 0),
(13005, 'IV NAGARI BAYANG UTARA', 12921, 0),
(13011, 'PANTAI CERMIN', 13010, 0),
(13014, 'LEMBAH GUMANTI', 13010, 0),
(13019, 'PAYUNG SEKAKI', 13010, 0),
(13023, 'LEMBANG JAYA', 13010, 0),
(13030, 'GUNUNG TALANG', 13010, 0),
(13039, 'BUKIT SUNDI', 13010, 0),
(13045, 'IX KOTO SEI LASI', 13010, 0),
(13055, 'KUBUNG', 13010, 0),
(13064, 'X KOTO SINGKARAK', 13010, 0),
(13073, 'X KOTO DIATAS', 13010, 0),
(13083, 'JUNJUNG SIRI', 13010, 0),
(13086, 'HILIRAN GUMANTI', 13010, 0),
(13090, 'TIGO LURAH', 13010, 0),
(13096, 'DANAU KEMBAR', 13010, 0),
(13100, 'TANJUNG GADANG', 13099, 1),
(13108, 'SIJUNJUNG', 13099, 1),
(13118, 'IV NAGARI', 13099, 1),
(13124, 'KAMANG BARU', 13099, 1),
(13136, 'LUBUAK TAROK', 13099, 1),
(13143, 'KOTO VII', 13099, 1),
(13149, 'SUMPUR KUDUS', 13099, 1),
(13158, 'KUPITAN', 13099, 1),
(13164, 'X KOTO', 13163, 0),
(13174, 'BATIPUH', 13163, 0),
(13183, 'RAMBATAN', 13163, 0),
(13189, 'LIMA KAUM', 13163, 0),
(13195, 'TANJUNG EMAS', 13163, 0),
(13200, 'LINTAU BUO', 13163, 0),
(13205, 'SUNGAYANG', 13163, 0),
(13211, 'SUNGAI TARAB', 13163, 0),
(13222, 'PARIANGAN', 13163, 0),
(13229, 'SALIMPAUANG', 13163, 0),
(13236, 'PADANG GANTING', 13163, 0),
(13239, 'TANJUANG BARU', 13163, 0),
(13242, 'LINTAU BUO UTARA', 13163, 0),
(13248, 'BATIPUAH SELATAN', 13163, 0),
(13254, 'LUBUK ALUNG', 13253, 0),
(13256, 'BATANG ANAI', 13253, 0),
(13260, 'NAN SABARIS', 13253, 0),
(13266, '2 X 11 KAYU TANAM', 13253, 0),
(13271, 'VII KOTO SUNGAI SARIK', 13253, 0),
(13276, 'V KOTO KAMPUNG DALAM', 13253, 0),
(13279, 'SUNGAI GARINGGING', 13253, 0),
(13282, 'SUNGAI LIMAU', 13253, 0),
(13285, 'IV KOTO AUR MALINTANG', 13253, 0),
(13287, 'ULAKAN TAPAKIH', 13253, 0),
(13290, 'SINTUAK TOBOH GADANG', 13253, 0),
(13293, 'PADANG SAGO', 13253, 0),
(13297, 'BATANG GASAN', 13253, 0),
(13300, 'V KOTO TIMUR', 13253, 0),
(13304, '2 X 11 ENAM LINGKUNG', 13253, 0),
(13308, 'PATAMUAN', 13253, 0),
(13311, 'ENAM LINGKUNG', 13253, 0),
(13318, 'TANJUNG MUTIARA', 13317, 0),
(13322, 'LUBUK BASUNG', 13317, 0),
(13328, 'TANJUNG RAYA', 13317, 0),
(13338, 'MATUR', 13317, 0),
(13345, 'IV KOTO', 13317, 0),
(13353, 'BANUHAMPU', 13317, 0),
(13361, 'IV ANGKAT CANDUNG', 13317, 0),
(13369, 'BASO', 13317, 0),
(13376, 'TILATANG KAMANG', 13317, 0),
(13380, 'PALUPUH', 13317, 0),
(13385, 'PELEMBAYAN', 13317, 0),
(13392, 'SUNGAI PUA', 13317, 0),
(13398, 'AMPEK NAGARI', 13317, 0),
(13403, 'CANDUNG', 13317, 0),
(13407, 'KAMANG MAGEK', 13317, 0),
(13411, 'MALALAK', 13317, 0),
(13417, 'SULIKI', 13416, 1),
(13424, 'GUGUAK', 13416, 0),
(13430, 'PAYAKUMBUH', 13416, 1),
(13438, 'LUAK', 13416, 1),
(13443, 'HARAU', 13416, 0),
(13455, 'PANGKALAN KOTO BARU', 13416, 1),
(13462, 'KAPUR IX', 13416, 0),
(13470, 'GUNUANG OMEH', 13416, 1),
(13474, 'LAREH SAGO HALABAN', 13416, 0),
(13483, 'SITUJUAH LIMO NAGARI', 13416, 0),
(13489, 'MUNGKA', 13416, 1),
(13495, 'BUKIK BARISAN', 13416, 1),
(13501, 'AKABILURU', 13416, 0),
(13510, 'BONJOL', 13509, 0),
(13515, 'LUBUK SIKAPING', 13509, 0),
(13522, 'PANTI', 13509, 0),
(13524, 'MAPAT TUNGGUL', 13509, 0),
(13528, 'DUO KOTO', 13509, 0),
(13531, 'TIGO NAGARI', 13509, 0),
(13535, 'RAO', 13509, 0),
(13538, 'MAPAT TUNGGUL SELATAN', 13509, 0),
(13541, 'SIMPANG ALAHAN MATI', 13509, 0),
(13544, 'PADANG GELUGUR', 13509, 0),
(13546, 'RAO UTARA', 13509, 0),
(13550, 'RAO SELATAN', 13509, 0),
(13555, 'PAGAI UTARA', 13554, 0),
(13559, 'SIPORA SELATAN', 13554, 0),
(13567, 'SIBERUT SELATAN', 13554, 0),
(13573, 'SIBERUT UTARA', 13554, 0),
(13580, 'SIBERUT BARAT', 13554, 0),
(13584, 'SIBERUT BARAT DAYA', 13554, 0),
(13588, 'SIBERUT TENGAH', 13554, 0),
(13592, 'SIPORA UTARA', 13554, 0),
(13599, 'SIKAKAP', 13554, 0),
(13603, 'PAGAI SELATAN', 13554, 0),
(13609, 'KOTO BARU', 13608, 0),
(13617, 'PULAU PUNJUNG', 13608, 0),
(13623, 'SUNGAI RUMBAI', 13608, 0),
(13630, 'SITIUNG', 13608, 0),
(13635, 'SANGIR', 13634, 1),
(13640, 'SUNGAI PAGU', 13634, 1),
(13652, 'KOTO PARIK GADANG DIATEH', 13634, 1),
(13657, 'SANGIR JUJUAN', 13634, 1),
(13663, 'SANGIR BATANG HARI', 13634, 1),
(13671, 'PAUH DUO', 13634, 1),
(13676, 'SANGIR BALAI JANGGO', 13634, 1),
(13682, 'SUNGAI BEREMAS', 13681, 0),
(13684, 'LEMBAH MELINTANG', 13681, 0),
(13686, 'PASAMAN', 13681, 0),
(13690, 'TALAMAU', 13681, 0),
(13694, 'KINALI', 13681, 0),
(13697, 'GUNUNG TULEH', 13681, 0),
(13700, 'RANAH BATAHAN', 13681, 0),
(13703, 'KOTO BALINGKA', 13681, 0),
(13705, 'SUNGAI AUA', 13681, 0),
(13707, 'LUHAK NAN DUO', 13681, 0),
(13710, 'SASAK RANAH PESISIA', 13681, 0),
(13713, 'PADANG SELATAN', 13712, 1),
(13726, 'PADANG TIMUR', 13712, 1),
(13737, 'PADANG BARAT', 13712, 1),
(13748, 'PADANG UTARA', 13712, 1),
(13756, 'BUNGUS TELUK KABUNG', 13712, 1),
(13763, 'LUBUK BEGALUNG', 13712, 1),
(13779, 'LUBUK KILANGAN', 13712, 1),
(13787, 'PAUH', 13712, 1),
(13797, 'KURANJI', 13712, 1),
(13807, 'NANGGALO', 13712, 1),
(13814, 'KOTO TANGAH', 13712, 1),
(13829, 'LUBUK SIKARAH', 13828, 1),
(13837, 'TANJUNG HARAPAN', 13828, 1),
(13845, 'LEMBAH SEGAR', 13844, 1),
(13857, 'BARANGIN', 13844, 1),
(13868, 'SILUNGKANG', 13844, 1),
(13874, 'TALAWI', 13844, 1),
(13887, 'PADANG PANJANG TIMUR', 13886, 1),
(13896, 'PADANG PANJANG BARAT', 13886, 1),
(13906, 'GUGUAK PANJANG', 13905, 0),
(13914, 'MANDIANGIN K. SELAYAN', 13905, 0),
(13924, 'AUR BIRUGO TIGO BALEH', 13905, 0),
(13934, 'PAYAKUMBUH BARAT', 13933, 0),
(13966, 'PAYAKUMBUH UTARA', 13933, 0),
(13995, 'PAYAKUMBUH TIMUR', 13933, 0),
(14011, 'PARIAMAN TENGAH', 14010, 0),
(14034, 'PARIAMAN UTARA', 14010, 0),
(14052, 'PARIAMAN SELATAN', 14010, 0),
(14069, 'PARIAMAN TIMUR', 14010, 0),
(14088, 'TEBING TINGGI', 14087, 0),
(14105, 'RANGSANG BARAT', 14087, 0),
(14121, 'RANGSANG', 14087, 0),
(14135, 'TEBING TINGGI BARAT', 14087, 0),
(14144, 'MERBAU', 14087, 0),
(14167, 'BANGKINANG', 14166, 0),
(14172, 'KAMPAR', 14166, 0),
(14185, 'TAMBANG', 14166, 0),
(14200, 'XIII KOTO KAMPAR', 14166, 0),
(14214, 'KUOK', 14166, 0),
(14221, 'SIAK HULU', 14166, 0),
(14234, 'KAMPAR KIRI', 14166, 0),
(14251, 'KAMPAR KIRI HILIR', 14166, 0),
(14266, 'KAMPAR KIRI HULU', 14166, 0),
(14288, 'TAPUNG', 14166, 0),
(14313, 'TAPUNG HILIR', 14166, 0),
(14330, 'TAPUNG HULU', 14166, 0),
(14344, 'SALO', 14166, 0),
(14351, 'RUMBIO JAYA', 14166, 0),
(14358, 'BANGKINANG SEBERANG', 14166, 0),
(14368, 'PERHENTIAN RAJA', 14166, 0),
(14373, 'KAMPAR TIMUR', 14166, 0),
(14380, 'KAMPAR UTARA', 14166, 0),
(14388, 'KAMPAR KIRI TENGAH', 14166, 0),
(14400, 'GUNUNG SAHILAN', 14166, 0),
(14407, 'KOTO KAMPAR HULU', 14166, 0),
(14415, 'RENGAT', 14414, 0),
(14434, 'RENGAT BARAT', 14414, 0),
(14453, 'KELAYANG', 14414, 0),
(14472, 'PASIR PENYU', 14414, 0),
(14490, 'PERANAP', 14414, 0),
(14503, 'SIBERIDA', 14414, 0),
(14515, 'BATANG CENAKU', 14414, 0),
(14536, 'BATANG GANGSAL', 14414, 0),
(14547, 'LIRIK', 14414, 0),
(14565, 'KUALA CENAKU', 14414, 0),
(14576, 'SUNGAI LALA', 14414, 0),
(14589, 'LUBUK BATU JAYA', 14414, 0),
(14599, 'RAKIT KULIM', 14414, 0),
(14619, 'BATANG PERANAP', 14414, 0),
(14631, 'BENGKALIS', 14630, 0),
(14652, 'BANTAN', 14630, 0),
(14662, 'BUKIT BATU', 14630, 1),
(14678, 'MANDAU', 14630, 1),
(14694, 'RUPAT', 14630, 1),
(14707, 'RUPAT UTARA', 14630, 1),
(14713, 'SIAK KECIL', 14630, 0),
(14727, 'PINGGIR', 14630, 1),
(14742, 'RETEH', 14741, 0),
(14753, 'ENOK', 14741, 0),
(14766, 'KUALA INDRAGIRI', 14741, 1),
(14775, 'TEMBILAHAN', 14741, 1),
(14782, 'TEMPULING', 14741, 1),
(14790, 'GAUNG ANAK SERKA', 14741, 1),
(14799, 'MANDAH', 14741, 0),
(14812, 'KATEMAN', 14741, 1),
(14821, 'KERITANG', 14741, 1),
(14835, 'TANAH MERAH', 14741, 0),
(14846, 'BATANG TUAKA', 14741, 1),
(14858, 'GAUNG', 14741, 1),
(14870, 'TEMBILAHAN HULU', 14741, 0),
(14875, 'KEMUNING', 14741, 0),
(14887, 'PELANGIRAN', 14741, 1),
(14902, 'TELUK BELENGKONG', 14741, 0),
(14916, 'PULAU BURUNG', 14741, 1),
(14932, 'CONCONG', 14741, 1),
(14939, 'KEMPAS', 14741, 0),
(14948, 'SUNGAI BATANG', 14741, 0),
(14956, 'UKUI', 14955, 1),
(14968, 'PANGKALAN KERINCI', 14955, 0),
(14977, 'PANGKALAN KURAS', 14955, 1),
(14995, 'PANGKALAN LESUNG', 14955, 1),
(15006, 'LANGGAM', 14955, 0),
(15015, 'PELALAWAN', 14955, 0),
(15025, 'KERUMUTAN', 14955, 0),
(15036, 'BUNUT', 14955, 0),
(15047, 'TELUK MERANTI', 14955, 0),
(15057, 'KUALA KAMPAR', 14955, 0),
(15068, 'BANDAR SEI KIJANG', 14955, 0),
(15074, 'BANDAR PETALANGAN', 14955, 0),
(15088, 'UJUNG BATU', 15087, 0),
(15094, 'ROKAN IV KOTO', 15087, 0),
(15109, 'RAMBAH', 15087, 0),
(15124, 'TAMBUSAI', 15087, 0),
(15137, 'KEPENUHAN', 15087, 0),
(15148, 'KUNTO DARUSSALAM', 15087, 0),
(15162, 'RAMBAH SAMO', 15087, 0),
(15177, 'RAMBAH HILIR', 15087, 0),
(15191, 'TAMBUSAI UTARA', 15087, 0),
(15203, 'BANGUN PURBA', 15087, 0),
(15211, 'TANDUN', 15087, 0),
(15221, 'KABUN', 15087, 0),
(15228, 'BONAI DARUSSALAM', 15087, 0),
(15236, 'PAGARAN TAPAH DARUSSALAM', 15087, 0),
(15242, 'KEPENUHAN HULU', 15087, 0),
(15248, 'PENDALIAN IV KOTO', 15087, 0),
(15255, 'KUBU', 15254, 1),
(15271, 'BANGKO', 15254, 1),
(15287, 'TANAH PUTIH', 15254, 1),
(15301, 'RIMBA MELINTANG', 15254, 1),
(15314, 'BAGAN SINEMBAH', 15254, 1),
(15338, 'PASIR LIMAU KAPAS', 15254, 1),
(15345, 'SINABOI', 15254, 1),
(15350, 'PUJUD', 15254, 0),
(15363, 'TANAH PUTIH TANJUNG MELAWAN', 15254, 0),
(15369, 'BANGKO PUSAKO', 15254, 0),
(15383, 'SIMPANG KANAN', 15254, 0),
(15390, 'BATU HAMPAR', 15254, 0),
(15396, 'RANTAU KOPAR', 15254, 0),
(15401, 'PEKAITAN', 15254, 1),
(15413, 'SIAK', 15412, 0),
(15422, 'SUNGAI APIT', 15412, 0),
(15438, 'MINAS', 15412, 0),
(15444, 'TUALANG', 15412, 0),
(15453, 'SUNGAI MANDAU', 15412, 0),
(15463, 'DAYUN', 15412, 0),
(15475, 'KERINCI KANAN', 15412, 0),
(15488, 'BUNGA RAYA', 15412, 0),
(15499, 'KOTO GASIB', 15412, 0),
(15510, 'KANDIS', 15412, 0),
(15521, 'LUBUK DALAM', 15412, 0),
(15528, 'SABAK AUH', 15412, 0),
(15537, 'MEMPURA', 15412, 0),
(15545, 'PUSAKO', 15412, 0),
(15554, 'KUANTAN MUDIK', 15553, 1),
(15585, 'KUANTAN TENGAH', 15553, 1),
(15612, 'SINGINGI', 15553, 1),
(15626, 'KUANTAN HILIR', 15553, 1),
(15655, 'CERENTI', 15553, 1),
(15668, 'BENAI', 15553, 1),
(15695, 'GUNUNGTOAR', 15553, 1),
(15709, 'SINGINGI HILIR', 15553, 1),
(15722, 'PANGEAN', 15553, 1),
(15737, 'LOGAS TANAH DARAT', 15553, 1),
(15751, 'INUMAN', 15553, 1),
(15763, 'HULU KUANTAN', 15553, 1),
(15776, 'SUKAJADI', 15775, 0),
(15784, 'PEKANBARU KOTA', 15775, 1),
(15791, 'SAIL', 15775, 1),
(15795, 'LIMA PULUH', 15775, 0),
(15800, 'SENAPELAN', 15775, 1),
(15807, 'RUMBAI', 15775, 1),
(15813, 'BUKIT RAYA', 15775, 1),
(15818, 'TAMPAN', 15775, 1),
(15823, 'MARPOYAN DAMAI', 15775, 1),
(15829, 'TENAYAN RAYA', 15775, 1),
(15834, 'PAYUNG SEKAKI', 15775, 1),
(15839, 'RUMBAI PESISIR', 15775, 1),
(15847, 'DUMAI BARAT', 15846, 1),
(15858, 'DUMAI TIMUR', 15846, 1),
(15868, 'BUKIT KAPUR', 15846, 1),
(15874, 'SUNGAI SEMBILAN', 15846, 1),
(15880, 'MEDANG KAMPAI', 15846, 1),
(15887, 'SUNGAIPENUH', 15886, 1),
(15907, 'PESISIR BUKIT', 15886, 1),
(15923, 'HAMPARAN RAWANG', 15886, 1),
(15937, 'TANAH KAMPUNG', 15886, 1),
(15951, 'KUMUN DEBAI', 15886, 1),
(15962, 'GUNUNG RAYA', 15961, 1),
(15979, 'DANAU KERINCI', 15961, 0),
(15994, 'SITINJAU LAUT', 15961, 0),
(16010, 'AIR HANGAT', 15961, 0),
(16033, 'GUNUNG KERINCI', 15961, 0),
(16045, 'BATANG MERANGIN', 15961, 0),
(16060, 'KELILING DANAU', 15961, 0),
(16081, 'KAYU ARO', 15961, 1),
(16111, 'AIR HANGAT TIMUR', 15961, 0),
(16128, 'GUNUNG TUJUH', 15961, 1),
(16140, 'SIULAK', 15961, 0),
(16168, 'DEPATI TUJUH', 15961, 1),
(16184, 'JANGKAT', 16183, 0),
(16196, 'BANGKO', 16183, 0),
(16205, 'MUARA SIAU', 16183, 0),
(16223, 'SUNGAI MANAU', 16183, 0),
(16234, 'TABIR', 16183, 0),
(16246, 'PAMENANG', 16183, 0),
(16261, 'TABIR ULU', 16183, 0),
(16268, 'TABIR SELATAN', 16183, 0),
(16276, 'LEMBAH MASURAI', 16183, 0),
(16292, 'BANGKO  BARAT', 16183, 0),
(16299, 'NALO TATAN', 16183, 0),
(16307, 'BATANG MASUMAI', 16183, 0),
(16318, 'PAMENANG BARAT', 16183, 0),
(16327, 'TABIR ILIR', 16183, 0),
(16335, 'TABIR TIMUR', 16183, 1),
(16340, 'RENAH PEMBARAP', 16183, 0),
(16353, 'PANGKALAN JAMBU', 16183, 0),
(16362, 'SUNGAI TENANG', 16183, 0),
(16375, 'RENAH PAMENANG', 16183, 0),
(16380, 'PAMENANG SELATAN', 16183, 0),
(16385, 'MARGO TABIR', 16183, 0),
(16392, 'TABIR LINTAS', 16183, 0),
(16398, 'TABIR BARAT', 16183, 0),
(16413, 'TIANG PUMPUNG', 16183, 0),
(16421, 'BATANG ASAI', 16420, 1),
(16444, 'LIMUN', 16420, 1),
(16460, 'SAROLANGUN', 16420, 1),
(16476, 'PAUH', 16420, 1),
(16492, 'PELAWAN', 16420, 1),
(16507, 'MANDIANGIN', 16420, 1),
(16528, 'AIR HITAM', 16420, 1),
(16539, 'BATHIN VIII', 16420, 1),
(16556, 'SINGKUT', 16420, 1),
(16567, 'CERMIN NAN GEDANG', 16420, 1),
(16577, 'MERSAM', 16576, 0),
(16594, 'MUARA TEMBESI', 16576, 0),
(16608, 'MUARA BULIAN', 16576, 0),
(16629, 'BATIN XXIV', 16576, 0),
(16647, 'PEMAYUNG', 16576, 0),
(16666, 'MARO SEBO ULU', 16576, 0),
(16681, 'BAJUBANG', 16576, 0),
(16691, 'MARO SEBO ILIR', 16576, 0),
(16700, 'JAMBI LUAR KOTA', 16699, 1),
(16719, 'SEKERNAN', 16699, 1),
(16736, 'KUMPEH', 16699, 1),
(16754, 'MARO SEBO', 16699, 1),
(16767, 'MESTONG', 16699, 1),
(16783, 'KUMPEH ULU', 16699, 1),
(16801, 'SUNGAI BAHAR', 16699, 1),
(16813, 'SUNGAI GELAM', 16699, 1),
(16840, 'BAHAR SELATAN', 16699, 1),
(16851, 'TAMAN RAJO', 16699, 1),
(16863, 'TUNGKAL ULU', 16862, 1),
(16871, 'TUNGKAL ILIR', 16862, 1),
(16878, 'PENGABUAN', 16862, 1),
(16883, 'BETARA', 16862, 1),
(16888, 'MERLUNG', 16862, 1),
(16897, 'TEBING TINGGI', 16862, 1),
(16903, 'BATANG ASAM', 16862, 1),
(16910, 'RENAH MENDALUH', 16862, 1),
(16917, 'MUARA PAPALIK', 16862, 1),
(16923, 'SEBERANG KOTA', 16862, 1),
(16928, 'BRAM ITAM', 16862, 1),
(16933, 'KUALA BETARA', 16862, 1),
(16938, 'SENYERANG', 16862, 1),
(16947, 'MUARA SABAK TIMUR', 16946, 1),
(16960, 'NIPAH PANJANG', 16946, 1),
(16971, 'MENDAHARA', 16946, 1),
(16981, 'RANTAU RASAU', 16946, 1),
(16993, 'S A D U', 16946, 1),
(17003, 'DENDANG', 16946, 1),
(17011, 'MUARA SABAK BARAT', 16946, 1),
(17019, 'KUALA JAMBI', 16946, 1),
(17026, 'MENDAHARA ULU', 16946, 1),
(17034, 'GERAGAI', 16946, 1),
(17044, 'BERBAK', 16946, 1),
(17052, 'TANAH TUMBUH', 17051, 1),
(17064, 'RANTAU PANDAN', 17051, 1),
(17071, 'PASAR MUARO BUNGO', 17051, 1),
(17077, 'JUJUHAN', 17051, 1),
(17086, 'TANAH SEPENGGAL', 17051, 1),
(17097, 'PELEPAT', 17051, 1),
(17111, 'LIMBUR LUBUK MENGKUANG', 17051, 1),
(17126, 'MUKO-MUKO BATHIN VII', 17051, 1),
(17135, 'PELEPAT ILIR', 17051, 1),
(17153, 'BATIN II BABEKO', 17051, 1),
(17159, 'BATHIN III', 17051, 1),
(17168, 'BUNGO DANI', 17051, 1),
(17174, 'RIMBO TENGAH', 17051, 1),
(17179, 'BATHIN III ULU', 17051, 1),
(17189, 'BATHIN II PELAYANG', 17051, 1),
(17195, 'TANAH SEPENGGAL LINTAS', 17051, 1),
(17207, 'JUJUHAN ILIR', 17051, 1),
(17216, 'TEBO TENGAH', 17215, 0),
(17229, 'TEBO ILIR', 17215, 1),
(17241, 'TEBO ULU', 17215, 1),
(17254, 'RIMBO BUJANG', 17215, 0),
(17263, 'SUMAY', 17215, 1),
(17276, 'VII KOTO', 17215, 1),
(17287, 'RIMBO ULU', 17215, 1),
(17294, 'RIMBO ILIR', 17215, 1),
(17304, 'TENGAH ILIR', 17215, 1),
(17310, 'SERAI SERUMPUN', 17215, 1),
(17319, 'VII KOTO ILIR', 17215, 1),
(17325, 'MUARA TABIR', 17215, 1),
(17334, 'TELANAIPURA', 17333, 0),
(17346, 'JAMBI SELATAN', 17333, 0),
(17356, 'JAMBI TIMUR', 17333, 0),
(17367, 'PASAR JAMBI', 17333, 0),
(17372, 'PELAYANGAN', 17333, 0),
(17379, 'DANAU TELUK', 17333, 0),
(17385, 'KOTA BARU', 17333, 0),
(17396, 'JELUTUNG', 17333, 0),
(17406, 'SOSOH BUAY RAYAP', 17405, 1),
(17417, 'PENGANDONAN', 17405, 0),
(17430, 'PENINJAUAN', 17405, 1),
(17455, 'MUARA JAYA', 17405, 1),
(17463, 'BATURAJA BARAT', 17405, 1),
(17476, 'BATURAJA TIMUR', 17405, 0),
(17490, 'ULU OGAN', 17405, 1),
(17498, 'SEMIDANG AJI', 17405, 1),
(17520, 'LUBUK BATANG', 17405, 1),
(17535, 'LENGKITI', 17405, 1),
(17557, 'SINAR PENINJAUAN', 17405, 1),
(17564, 'LUBUK RAJA', 17405, 1),
(17571, 'TANJUNG LUBUK', 17570, 0),
(17593, 'PEDAMARAN', 17570, 0),
(17608, 'MESUJI', 17570, 0),
(17623, 'KAYU AGUNG', 17570, 0),
(17649, 'SIRAH PULAU PADANG', 17570, 0),
(17670, 'TULUNG SELAPAN', 17570, 0),
(17693, 'PAMPANGAN', 17570, 0),
(17715, 'LEMPUING', 17570, 0),
(17732, 'AIR SUGIHAN', 17570, 0),
(17752, 'SUNGAI MENANG', 17570, 0),
(17770, 'JEJAWI', 17570, 0),
(17787, 'CENGAL', 17570, 0),
(17799, 'PANGKALAN LAMPAM', 17570, 0),
(17817, 'MESUJI MAKMUR', 17570, 0),
(17838, 'MESUJI RAYA', 17570, 0),
(17856, 'LEMPUING JAYA', 17570, 0),
(17872, 'TELUK GELAM', 17570, 0),
(17887, 'PEDAMARAN TIMUR', 17570, 0),
(17896, 'TANJUNG AGUNG', 17895, 0),
(17923, 'MUARA ENIM', 17895, 0),
(17940, 'RAMBANG DANGKU', 17895, 0),
(17967, 'GUNUNG MEGANG', 17895, 0),
(17991, 'TALANG UBI', 17895, 0),
(18012, 'GELUMBANG', 17895, 0),
(18036, 'LAWANG KIDUL', 17895, 0),
(18044, 'SEMENDE DARAT LAUT', 17895, 0),
(18055, 'SEMENDE DARAT TENGAH', 17895, 0),
(18068, 'SEMENDE DARAT ULU', 17895, 0),
(18079, 'UJAN MAS', 17895, 0),
(18088, 'TANAH ABANG', 17895, 0),
(18106, 'PENUKAL', 17895, 0),
(18120, 'LUBAI', 17895, 0),
(18142, 'RAMBANG', 17895, 0),
(18156, 'SUNGAI ROTAN', 17895, 0),
(18176, 'LEMBAK', 17895, 0),
(18197, 'PENUKAL UTARA', 17895, 0),
(18211, 'BENAKAT', 17895, 0),
(18218, 'ABAB', 17895, 0),
(18227, 'KELEKAR', 17895, 0),
(18235, 'MUARA BELIDA', 17895, 0),
(18245, 'TANJUNGSAKTI PUMU', 18244, 0),
(18260, 'JARAI', 18244, 0),
(18282, 'KOTA AGUNG', 18244, 0),
(18305, 'PULAUPINANG', 18244, 0),
(18320, 'MERAPI BARAT', 18244, 0),
(18340, 'LAHAT', 18244, 0),
(18376, 'PAJAR BULAN', 18244, 0),
(18407, 'MULAK ULU', 18244, 0),
(18434, 'KIKIM SELATAN', 18244, 0),
(18453, 'KIKIM TIMUR', 18244, 0),
(18486, 'KIKIM TENGAH', 18244, 0),
(18496, 'KIKIM BARAT', 18244, 0),
(18516, 'PSEKSU', 18244, 0),
(18528, 'GUMAY TALANG', 18244, 0),
(18544, 'PAGAR GUNUNG', 18244, 0),
(18565, 'MERAPI TIMUR', 18244, 0),
(18580, 'TANJUNG SAKTI PUMI', 18244, 0),
(18599, 'GUMAY ULU', 18244, 0),
(18610, 'MERAPI SELATAN', 18244, 0),
(18620, 'TANJUNGTEBAT', 18244, 0),
(18635, 'MUARAPAYANG', 18244, 0),
(18644, 'TUGUMULYO', 18643, 0),
(18662, 'MUARA LAKITAN', 18643, 0),
(18683, 'MUARA KELINGI', 18643, 0),
(18704, 'RAWAS ILIR', 18643, 0),
(18716, 'RAWAS ULU', 18643, 0),
(18733, 'ULU RAWAS', 18643, 0),
(18741, 'RUPIT', 18643, 0),
(18759, 'JAYALOKA', 18643, 0),
(18772, 'MUARA BELITI', 18643, 0),
(18785, 'STL ULU TERAWAS', 18643, 0),
(18799, 'SELANGIT', 18643, 0),
(18812, 'MEGANG SAKTI', 18643, 0),
(18833, 'PURWODADI', 18643, 0),
(18845, 'BTS. ULU', 18643, 0),
(18865, 'KARANG JAYA', 18643, 0),
(18880, 'NIBUNG', 18643, 0),
(18892, 'KARANG DAPO', 18643, 0),
(18902, 'TIANG PUMPUNG KEPUNGUT', 18643, 0),
(18912, 'SUMBER HARTA', 18643, 0),
(18922, 'TUAH NEGERI', 18643, 0),
(18934, 'SUKA KARYA', 18643, 0),
(18943, 'SEKAYU', 18942, 0),
(18958, 'LAIS', 18942, 0),
(18972, 'SUNGAI KERUH', 18942, 0),
(18992, 'BATANG HARI LEKO', 18942, 0),
(19009, 'SANGA DESA', 18942, 0),
(19027, 'BABAT TOMAN', 18942, 0),
(19055, 'SUNGAI LILIN', 18942, 0),
(19081, 'KELUANG', 18942, 0),
(19095, 'BAYUNG LENCIR', 18942, 0),
(19130, 'PLAKAT TINGGI', 18942, 0),
(19145, 'LALAN', 18942, 0),
(19173, 'BANYUASIN I', 19172, 0),
(19202, 'BANYUASIN II', 19172, 0),
(19224, 'BANYUASIN III', 19172, 0),
(19263, 'PULAU RIMAU', 19172, 0),
(19293, 'BETUNG', 19172, 0),
(19315, 'RAMBUTAN', 19172, 0),
(19336, 'MUARA PADANG', 19172, 0),
(19352, 'MUARA TELANG', 19172, 0),
(19375, 'MAKARTI JAYA', 19172, 0),
(19390, 'TALANG KELAPA', 19172, 0),
(19403, 'RANTAU BAYUR', 19172, 0),
(19425, 'TUNGKAL ILIR', 19172, 0),
(19440, 'TANJUNG LAGO', 19172, 0),
(19456, 'MUARA SUGIHAN', 19172, 0),
(19479, 'AIR SALEK', 19172, 0),
(19493, 'MARTAPURA', 19492, 0),
(19510, 'BUAY MADANG', 19492, 1),
(19528, 'BELITANG', 19492, 1),
(19551, 'CEMPAKA', 19492, 0),
(19565, 'BUAY PEMUKA PELIUNG', 19492, 1),
(19579, 'MADANG SUKU II', 19492, 0),
(19596, 'MADANG SUKU I', 19492, 1),
(19609, 'SEMENDAWAI SUKU III', 19492, 1),
(19629, 'BELITANG II', 19492, 1),
(19654, 'BELITANG III', 19492, 1),
(19675, 'BUNGA MAYANG', 19492, 1),
(19684, 'BUAY MADANG TIMUR', 19492, 1),
(19708, 'MADANG SUKU III', 19492, 1),
(19718, 'SEMENDAWAI BARAT', 19492, 0),
(19731, 'SEMENDAWAI TIMUR', 19492, 1),
(19749, 'JAYAPURA', 19492, 1),
(19758, 'BELITANG JAYA', 19492, 1),
(19772, 'BELITANG MADANG RAYA', 19492, 0),
(19788, 'BELITANG MULYA', 19492, 0),
(19800, 'BUAY PEMUKA BANGSA RAJA', 19492, 1),
(19809, 'MUARA DUA', 19808, 0),
(19824, 'PULAU BERINGIN', 19808, 0),
(19838, 'BANDING AGUNG', 19808, 0),
(19861, 'MUARA DUA KISAM', 19808, 0),
(19880, 'SIMPANG', 19808, 0),
(19888, 'BUAY SANDANG AJI', 19808, 0),
(19905, 'BUAY RUNJUNG', 19808, 0),
(19920, 'MEKAKAU ILIR', 19808, 0),
(19936, 'BUAY PEMACA', 19808, 0),
(19959, 'KISAM TINGGI', 19808, 0),
(19979, 'KISAM ILIR', 19808, 0),
(19989, 'BUAY PEMATANG RIBU RANAU TENGAH', 19808, 0),
(20012, 'WARKUK RANAU SELATAN', 19808, 0),
(20029, 'RUNJUNG AGUNG', 19808, 0),
(20039, 'SUNGAI ARE', 19808, 0),
(20049, 'SINDANG DANAU', 19808, 0),
(20057, 'BUANA PEMACA', 19808, 0),
(20066, 'TIGA DIHAJI', 19808, 0),
(20075, 'BUAY RAWAN', 19808, 0),
(20088, 'MUARA KUANG', 20087, 0),
(20103, 'TANJUNG BATU', 20087, 0),
(20125, 'TANJUNG RAJA', 20087, 0),
(20145, 'INDRALAYA', 20087, 0),
(20166, 'PEMULUTAN', 20087, 0),
(20192, 'RANTAU ALAI', 20087, 0),
(20206, 'INDRALAYA UTARA', 20087, 0),
(20223, 'INDRALAYA SELATAN', 20087, 0),
(20238, 'PEMULUTAN SELATAN', 20087, 0),
(20254, 'PEMULUTAN BARAT', 20087, 0),
(20266, 'RANTAU PANJANG', 20087, 0),
(20279, 'SUNGAI PINANG', 20087, 0),
(20293, 'KANDIS', 20087, 0),
(20306, 'RAMBANG KUANG', 20087, 0),
(20320, 'LUBUK KELIAT', 20087, 0),
(20331, 'PAYARAMAN', 20087, 0),
(20346, 'MUARA PINANG', 20345, 0),
(20369, 'PENDOPO', 20345, 0),
(20400, 'ULU MUSI', 20345, 0),
(20426, 'TEBING TINGGI', 20345, 0),
(20464, 'LINTANG KANAN', 20345, 0),
(20482, 'TALANG PADANG', 20345, 0),
(20496, 'PASEMAH AIR KERUH', 20345, 0),
(20513, 'ILIR BARAT II', 20512, 0),
(20521, 'SEBERANG ULU I', 20512, 1),
(20532, 'SEBERANG ULU II', 20512, 1),
(20540, 'ILIR BARAT I', 20512, 1),
(20547, 'ILIR TIMUR I', 20512, 1),
(20559, 'ILIR TIMUR II', 20512, 1),
(20572, 'SUKARAMI', 20512, 1),
(20580, 'SAKO', 20512, 0),
(20585, 'KEMUNING', 20512, 1),
(20592, 'KALIDONI', 20512, 0),
(20598, 'BUKIT KECIL', 20512, 1),
(20605, 'GANDUS', 20512, 1),
(20611, 'KERTAPATI', 20512, 1),
(20618, 'PLAJU', 20512, 1),
(20626, 'ALANG-ALANG LEBAR', 20512, 1),
(20631, 'SEMATANG BORANG', 20512, 1),
(20637, 'PAGAR ALAM UTARA', 20636, 1),
(20648, 'PAGAR ALAM SELATAN', 20636, 1),
(20657, 'DEMPO UTARA', 20636, 0),
(20665, 'DEMPO SELATAN', 20636, 0),
(20671, 'DEMPO TENGAH', 20636, 1),
(20678, 'LUBUK LINGGAU TIMUR I', 20677, 1),
(20687, 'LUBUK LINGGAU BARAT I', 20677, 1),
(20699, 'LUBUK LINGGAU SELATAN I', 20677, 1),
(20707, 'LUBUK LINGGAU UTARA I', 20677, 1),
(20718, 'LUBUK LINGGAU TIMUR II', 20677, 0),
(20728, 'LUBUK LINGGAU BARAT II', 20677, 1),
(20737, 'LUBUK LINGGAU SELATAN II', 20677, 1),
(20747, 'LUBUK LINGGAU UTARA II', 20677, 1),
(20759, 'PRABUMULIH BARAT', 20758, 0),
(20766, 'PRABUMULIH TIMUR', 20758, 0),
(20775, 'CAMBAI', 20758, 0),
(20781, 'RAMBANG KPK TENGAH', 20758, 0),
(20791, 'PRABUMULIH UTARA', 20758, 0),
(20797, 'PRABUMULIH SELATAN', 20758, 0),
(20804, 'KARANG TINGGI', 20803, 1),
(20818, 'TALANG EMPAT', 20803, 1),
(20832, 'PONDOK KELAPA', 20803, 1),
(20856, 'PEMATANG TIGA', 20803, 1),
(20877, 'PAGAR JATI', 20803, 1),
(20899, 'TABA PENANJUNG', 20803, 1),
(20924, 'KEDURANG', 20923, 1),
(20944, 'SEGINIM', 20923, 1),
(20967, 'PINO', 20923, 1),
(20984, 'MANNA', 20923, 1),
(21003, 'KOTA MANNA', 20923, 1),
(21015, 'PINO RAYA', 20923, 1),
(21037, 'KEDURANG ILIR', 20923, 1),
(21050, 'AIR NIPIS', 20923, 1),
(21061, 'ULU MANNA', 20923, 1),
(21072, 'BUNGA MAS', 20923, 1),
(21083, 'PASAR MANNA', 20923, 1),
(21094, 'KOTA PADANG', 21093, 0),
(21105, 'PADANG ULAK TANDING', 21093, 0),
(21121, 'SINDANG KELINGI', 21093, 0),
(21134, 'CURUP', 21093, 0),
(21144, 'BERMANI ULU', 21093, 0),
(21157, 'SELUPU REJANG', 21093, 0),
(21172, 'CURUP UTARA', 21093, 0),
(21187, 'CURUP TIMUR', 21093, 0),
(21197, 'CURUP SELATAN', 21093, 0),
(21209, 'CURUP TENGAH', 21093, 0),
(21220, 'BINDURIANG', 21093, 0),
(21226, 'SINDANG BELITI ULU', 21093, 0),
(21236, 'SINDANG DATARAN', 21093, 0),
(21243, 'SINDANG BELITI ILIR', 21093, 0),
(21254, 'BERMANI ULU RAYA', 21093, 0),
(21266, 'ENGGANO', 21265, 1),
(21273, 'KERKAP', 21265, 0),
(21309, 'ARGA MAKMUR', 21265, 0),
(21339, 'GIRI MULYA', 21265, 1),
(21345, 'PADANG JAYA', 21265, 1),
(21356, 'LAIS', 21265, 1),
(21380, 'BATIK NAU', 21265, 1),
(21396, 'KETAHUN', 21265, 0),
(21417, 'NAPAL PUTIH', 21265, 1),
(21436, 'PUTRI HIJAU', 21265, 0),
(21456, 'AIR BESI', 21265, 1),
(21474, 'AIR NAPAL', 21265, 1),
(21493, 'KINAL', 21492, 1),
(21508, 'TANJUNG KEMUNING', 21492, 1),
(21529, 'KAUR UTARA', 21492, 1),
(21541, 'KAUR TENGAH', 21492, 1),
(21551, 'KAUR SELATAN', 21492, 1),
(21571, 'MAJE', 21492, 1),
(21591, 'NASAL', 21492, 1),
(21609, 'SEMIDANG GUMAY', 21492, 1),
(21623, 'KELAM TENGAH', 21492, 1),
(21637, 'LUAS', 21492, 1),
(21649, 'MUARA SAHUNG', 21492, 1),
(21657, 'TETAP', 21492, 1),
(21670, 'LUNGKANG KULE', 21492, 1),
(21680, 'PADANG GUCI HILIR', 21492, 1),
(21690, 'PADANG GUCI HULU', 21492, 1),
(21703, 'SUKARAJA', 21702, 1),
(21722, 'SELUMA', 21702, 1),
(21730, 'TALO', 21702, 1),
(21745, 'SEMIDANG ALAS', 21702, 1),
(21766, 'SEMIDANG ALAS MARAS', 21702, 1),
(21787, 'AIR PERIUKAN', 21702, 1),
(21800, 'LUBUK SANDI', 21702, 1),
(21813, 'SELUMA BARAT', 21702, 1),
(21822, 'SELUMA TIMUR', 21702, 1),
(21831, 'SELUMA UTARA', 21702, 1),
(21840, 'SELUMA SELATAN', 21702, 1),
(21852, 'TALO KECIL', 21702, 1),
(21862, 'ULU TALO', 21702, 1),
(21872, 'ILIR TALO', 21702, 1),
(21886, 'LUBUK PINANG', 21885, 1),
(21894, 'KOTA MUKOMUKO', 21885, 1),
(21904, 'TERAS TERUNJAM', 21885, 1),
(21913, 'PONDOK SUGUH', 21885, 1),
(21925, 'IPUH', 21885, 1),
(21942, 'MALIN DEMAN', 21885, 1),
(21950, 'AIR RAMI', 21885, 1),
(21963, 'TERAMANG JAYA', 21885, 1),
(21977, 'SELAGAN RAYA', 21885, 1),
(21990, 'PENARIK', 21885, 1),
(22005, 'XIV KOTO', 21885, 1),
(22014, 'V KOTO', 21885, 1),
(22025, 'AIR MAJUNTO', 21885, 1),
(22034, 'AIR DIKIT', 21885, 1),
(22042, 'SUNGAI RUMBAI', 21885, 1),
(22053, 'RIMBO PENGADANG', 22052, 1),
(22063, 'LEBONG SELATAN', 22052, 0),
(22080, 'LEBONG TENGAH', 22052, 1),
(22093, 'LEBONG ATAS', 22052, 1),
(22106, 'LEBONG UTARA', 22052, 1),
(22136, 'BERMANI ILIR', 22135, 1),
(22154, 'UJAN MAS', 22135, 1),
(22172, 'TEBAT KARAI', 22135, 1),
(22187, 'KEPAHIANG', 22135, 1),
(22206, 'MERIGI', 22135, 1),
(22215, 'KEBAWETAN', 22135, 1),
(22230, 'SEBERANG MUSI', 22135, 1),
(22241, 'MUARA KEMUMU', 22135, 1),
(22253, 'SELEBAR', 22252, 0),
(22260, 'GADING CEMPAKA', 22252, 1),
(22272, 'TELUK SEGARA', 22252, 1),
(22286, 'MUARA BANGKA HULU', 22252, 0),
(22294, 'KAMPUNG MELAYU', 22252, 1),
(22301, 'RATU AGUNG', 22252, 1),
(22310, 'RATU SAMBAN', 22252, 1),
(22320, 'SUNGAI SERUT', 22252, 1),
(22330, 'PRINGSEWU', 22329, 1),
(22344, 'GADING REJO', 22329, 1),
(22360, 'AMBARAWA', 22329, 1),
(22368, 'PARDASUKA', 22329, 1),
(22381, 'PAGELARAN', 22329, 1),
(22406, 'BANYUMAS', 22329, 1),
(22416, 'ADILUWIH', 22329, 1),
(22425, 'SUKOHARJO', 22329, 1),
(22440, 'MESUJI', 22439, 0),
(22450, 'MESUJI TIMUR', 22439, 0),
(22464, 'RAWA JITU UTARA', 22439, 0),
(22476, 'WAY SERDANG', 22439, 0),
(22490, 'SIMPANG PEMATANG', 22439, 0),
(22500, 'PANCA JAYA', 22439, 0),
(22508, 'TANJUNG RAYA', 22439, 0),
(22523, 'TULANG BAWANG TENGAH', 22522, 0),
(22538, 'TULANG BAWANG UDIK', 22522, 0),
(22548, 'GUNUNG TERANG', 22522, 0),
(22560, 'LAMBU KIBANG', 22522, 0),
(22569, 'TUMIJAJAR', 22522, 0),
(22581, 'PAGAR DEWA', 22522, 0),
(22587, 'GUNUNG AGUNG', 22522, 0),
(22598, 'WAY KENANGA', 22522, 0),
(22606, 'NATAR', 22605, 1),
(22629, 'TANJUNG BINTANG', 22605, 1),
(22646, 'KALIANDA', 22605, 1),
(22674, 'SIDOMULYO', 22605, 1),
(22690, 'KATIBUNG', 22605, 1),
(22704, 'PENENGAHAN', 22605, 1),
(22727, 'PALAS', 22605, 1),
(22749, 'JATI AGUNG', 22605, 1),
(22771, 'KETAPANG', 22605, 1),
(22788, 'SRAGI', 22605, 1),
(22799, 'RAJA BASA', 22605, 1),
(22815, 'CANDIPURO', 22605, 1),
(22830, 'MERBAU MATARAM', 22605, 1),
(22846, 'BAKAUHENI', 22605, 1),
(22852, 'TANJUNG SARI', 22605, 1),
(22861, 'WAY SULAN', 22605, 1),
(22870, 'WAY PANJI', 22605, 1),
(22876, 'KALIREJO', 22875, 0),
(22890, 'BANGUN REJO', 22875, 1),
(22906, 'PADANG RATU', 22875, 1),
(22921, 'GUNUNG SUGIH', 22875, 1),
(22937, 'TRIMURJO', 22875, 1),
(22952, 'PUNGGUR', 22875, 1),
(22962, 'TERBANGGI BESAR', 22875, 1),
(22973, 'SEPUTIH RAMAN', 22875, 1),
(22988, 'RUMBIA', 22875, 0),
(22997, 'SEPUTIH BANYAK', 22875, 1),
(23009, 'SEPUTIH MATARAM', 22875, 0),
(23022, 'SEPUTIH SURABAYA', 22875, 0),
(23036, 'TERUSAN NUNYAI', 22875, 1),
(23044, 'BUMI RATU NUBAN', 22875, 0),
(23054, 'BEKRI', 22875, 1),
(23063, 'SEPUTIH AGUNG', 22875, 0),
(23073, 'WAY PANGUBUAN', 22875, 0),
(23080, 'BANDAR MATARAM', 22875, 0),
(23089, 'PUBIAN', 22875, 0),
(23108, 'SELAGAI LINGGA', 22875, 1),
(23121, 'ANAK TUHA', 22875, 1),
(23134, 'SENDANG AGUNG', 22875, 1),
(23144, 'KOTA GAJAH', 22875, 0),
(23151, 'BUMI NABUNG', 22875, 1),
(23158, 'WAY SEPUTIH', 22875, 1),
(23165, 'BANDAR SURABAYA', 22875, 0),
(23175, 'ANAK RATU AJI', 22875, 1),
(23182, 'PUTRA RUMBIA', 22875, 1),
(23190, 'BUKIT KEMUNING', 23189, 1),
(23199, 'KOTABUMI', 23189, 1),
(23213, 'SUNGKAI SELATAN', 23189, 1),
(23225, 'TANJUNG RAJA', 23189, 1),
(23245, 'ABUNG TIMUR', 23189, 1),
(23258, 'ABUNG BARAT', 23189, 1),
(23273, 'ABUNG SELATAN', 23189, 1),
(23290, 'SUNGKAI UTARA', 23189, 1),
(23306, 'KOTABUMI UTARA', 23189, 1),
(23315, 'KOTABUMI SELATAN', 23189, 1),
(23330, 'ABUNG TENGAH', 23189, 1),
(23342, 'ABUNG TINGGI', 23189, 1),
(23351, 'ABUNG SEMULI', 23189, 1),
(23359, 'ABUNG SURAKARTA', 23189, 1),
(23369, 'MUARA SUNGKAI', 23189, 1),
(23381, 'BUNGA MAYANG', 23189, 1),
(23393, 'HULU SUNGKAI', 23189, 1),
(23404, 'SUNGKAI TENGAH', 23189, 1),
(23413, 'ABUNG PEKURUN', 23189, 1),
(23423, 'SUNGKAI JAYA', 23189, 1),
(23433, 'SUNGKAI BARAT', 23189, 1),
(23444, 'ABUNG KUNANG', 23189, 1),
(23452, 'BLAMBANGAN PAGAR', 23189, 1),
(23461, 'PESISIR SELATAN', 23460, 1),
(23477, 'PESISIR TENGAH', 23460, 1),
(23486, 'PESISIR UTARA', 23460, 1),
(23505, 'BALIK BUKIT', 23460, 1),
(23518, 'SUMBER JAYA', 23460, 1),
(23525, 'BELALAU', 23460, 1),
(23536, 'WAY TENONG', 23460, 1),
(23546, 'SEKINCAU', 23460, 1),
(23552, 'SUOH', 23460, 1),
(23561, 'BATU BRAK', 23460, 1),
(23573, 'SUKAU', 23460, 1),
(23584, 'KARYA PENGGAWA', 23460, 1),
(23597, 'LEMONG', 23460, 1),
(23611, 'BENGKUNAT', 23460, 1),
(23621, 'GEDUNG SURIAN', 23460, 1),
(23627, 'NGAMBUR', 23460, 1),
(23637, 'BANGKUNAT BELIMBING', 23460, 1),
(23651, 'KRUI SELATAN', 23460, 1),
(23662, 'WAY KRUI', 23460, 1),
(23673, 'LUMBOK SEMINUNG', 23460, 1),
(23684, 'AIR HITAM', 23460, 1),
(23695, 'KEBUN TEBU', 23460, 1),
(23706, 'PAGAR DEWA', 23460, 1);
INSERT INTO `t_kecamatan` (`IDKecamatan`, `Nama`, `IDKabupaten`, `StatusSearch`) VALUES
(23716, 'BATU KETULIS', 23460, 1),
(23727, 'BANDAR NEGERI SUOH', 23460, 1),
(23738, 'MENGGALA', 23737, 0),
(23749, 'GEDUNG AJI', 23737, 0),
(23760, 'BANJAR AGUNG', 23737, 0),
(23773, 'GEDUNG MENENG', 23737, 0),
(23785, 'RAWA JITU SELATAN', 23737, 0),
(23796, 'PENAWAR TAMA', 23737, 0),
(23811, 'RAWA JITU TIMUR', 23737, 0),
(23820, 'BANJAR MARGO', 23737, 0),
(23833, 'RAWA PITU', 23737, 0),
(23843, 'PENAWAR AJI', 23737, 0),
(23853, 'MERAKSA AJI', 23737, 0),
(23862, 'GEDUNG AJI BARU', 23737, 0),
(23867, 'DENTE TELADAS', 23737, 0),
(23879, 'BANJAR BARU', 23737, 0),
(23890, 'MENGGALA TIMUR', 23737, 0),
(23904, 'KOTA AGUNG', 23903, 1),
(23920, 'TALANG PADANG', 23903, 1),
(23940, 'WONOSOBO', 23903, 1),
(23964, 'PULAU PANGGUNG', 23903, 1),
(23983, 'CUKUH BALAK', 23903, 1),
(24002, 'PUGUNG', 23903, 1),
(24029, 'SEMAKA', 23903, 1),
(24050, 'SUMBER REJO', 23903, 1),
(24064, 'ULU BELU', 23903, 1),
(24080, 'PEMATANG SAWA', 23903, 1),
(24094, 'KLUMBAYAN', 23903, 1),
(24103, 'KOTA AGUNG BARAT', 23903, 1),
(24120, 'KOTA AGUNG TIMUR', 23903, 1),
(24132, 'GISTING', 23903, 1),
(24141, 'GUNUNG ALIP', 23903, 1),
(24153, 'LIMAU', 23903, 1),
(24164, 'BANDAR NEGERI SEMUONG', 23903, 1),
(24175, 'AIR NANINGAN', 23903, 1),
(24185, 'BULOK', 23903, 1),
(24195, 'KLUMBAYAN BARAT', 23903, 1),
(24203, 'SUKADANA', 24202, 1),
(24221, 'LABUHAN MARINGGAI', 24202, 1),
(24233, 'JABUNG', 24202, 1),
(24249, 'PEKALONGAN', 24202, 1),
(24260, 'SEKAMPUNG', 24202, 1),
(24278, 'BATANGHARI', 24202, 1),
(24296, 'WAY JEPARA', 24202, 1),
(24312, 'PURBOLINGGO', 24202, 1),
(24325, 'RAMAN UTARA', 24202, 1),
(24337, 'METRO KIBANG', 24202, 0),
(24345, 'MARGA TIGA', 24202, 1),
(24359, 'SEKAMPUNG UDIK', 24202, 1),
(24375, 'BATANGHARI NUBAN', 24202, 1),
(24389, 'BUMI AGUNG', 24202, 1),
(24396, 'BANDAR SRIBHAWONO', 24202, 1),
(24404, 'MATARAM BARU', 24202, 0),
(24412, 'MELINTING', 24202, 0),
(24419, 'GUNUNG PELINDUNG', 24202, 1),
(24425, 'PASIR SAKTI', 24202, 1),
(24434, 'WAWAY KARYA', 24202, 1),
(24446, 'LABUHAN RATU', 24202, 0),
(24458, 'BRAJA SELEBAH', 24202, 1),
(24466, 'WAY BUNGUR', 24202, 1),
(24475, 'MARGA SEKAMPUNG', 24202, 1),
(24485, 'BLAMBANGAN UMPU', 24484, 1),
(24510, 'KASUI', 24484, 1),
(24529, 'BANJIT', 24484, 1),
(24550, 'BARADATU', 24484, 1),
(24573, 'BAHUGA', 24484, 1),
(24582, 'PAKUAN RATU', 24484, 1),
(24602, 'NEGERI AGUNG', 24484, 1),
(24621, 'WAY TUBA', 24484, 1),
(24634, 'REBANG TANGKAS', 24484, 1),
(24645, 'GUNUNG LABUHAN', 24484, 1),
(24665, 'NEGARA BATIN', 24484, 1),
(24680, 'NEGERI BESAR', 24484, 1),
(24691, 'BUAY BAHUGA', 24484, 1),
(24699, 'BUMI AGUNG', 24484, 1),
(24710, 'KEDATON', 24709, 1),
(24719, 'SUKARAME', 24709, 1),
(24725, 'TANJUNGKARANG BARAT', 24709, 1),
(24732, 'PANJANG', 24709, 1),
(24740, 'TANJUNGKARANG TIMUR', 24709, 0),
(24752, 'TANJUNGKARANG PUSAT', 24709, 1),
(24764, 'TELUKBETUNG SELATAN', 24709, 1),
(24776, 'TELUKBETUNG BARAT', 24709, 1),
(24785, 'TELUKBETUNG UTARA', 24709, 0),
(24796, 'RAJABASA', 24709, 1),
(24801, 'TANJUNG SENANG', 24709, 1),
(24806, 'SUKABUMI', 24709, 1),
(24814, 'KEMILING', 24709, 0),
(24823, 'METRO PUSAT', 24822, 1),
(24829, 'METRO UTARA', 24822, 1),
(24834, 'METRO BARAT', 24822, 1),
(24839, 'METRO TIMUR', 24822, 1),
(24845, 'METRO SELATAN', 24822, 1),
(24851, 'GEDONG TATAAN', 24850, 0),
(24871, 'NEGERI KATON', 24850, 0),
(24892, 'TEGINENENG', 24850, 0),
(24908, 'WAY LIMA', 24850, 0),
(24925, 'PADANG CERMIN', 24850, 0),
(24949, 'PUNDUH PIDADA', 24850, 0),
(24972, 'KEDONDONG', 24850, 0),
(24995, 'SUNGAILIAT', 24994, 0),
(25003, 'BELINYU', 24994, 0),
(25012, 'MERAWANG', 24994, 0),
(25023, 'MENDO BARAT', 24994, 0),
(25037, 'PEMALI', 24994, 0),
(25044, 'BAKAM', 24994, 0),
(25054, 'RIAU SILIP', 24994, 0),
(25064, 'PUDING BESAR', 24994, 0),
(25073, 'TANJUNG PANDAN', 25072, 0),
(25086, 'MEMBALONG', 25072, 0),
(25099, 'SELAT NASIK', 25072, 0),
(25104, 'SIJUK', 25072, 0),
(25113, 'BADAU', 25072, 0),
(25121, 'TOBOALI', 25120, 0),
(25133, 'LEPAR PONGOK', 25120, 0),
(25140, 'AIR GEGAS', 25120, 0),
(25151, 'SIMPANG RIMBA', 25120, 0),
(25159, 'PAYUNG', 25120, 0),
(25169, 'TUKAK SADAI', 25120, 0),
(25175, 'PULAUBESAR', 25120, 0),
(25182, 'KOBA', 25181, 1),
(25194, 'PANGKALAN BARU', 25181, 1),
(25205, 'SUNGAI SELAN', 25181, 1),
(25217, 'SIMPANG KATIS', 25181, 1),
(25228, 'NAMANG', 25181, 1),
(25236, 'LUBUK BESAR', 25181, 1),
(25246, 'MUNTOK', 25245, 1),
(25254, 'SIMPANG TERITIP', 25245, 1),
(25268, 'JEBUS', 25245, 1),
(25280, 'KELAPA', 25245, 1),
(25295, 'TEMPILANG', 25245, 1),
(25305, 'PARITTIGA', 25245, 1),
(25317, 'MANGGAR', 25316, 1),
(25327, 'GANTUNG', 25316, 1),
(25335, 'DENDANG', 25316, 1),
(25340, 'KELAPA KAMPIT', 25316, 1),
(25347, 'DAMAR', 25316, 1),
(25353, 'SIMPANG RENGGIANG', 25316, 1),
(25358, 'SIMPANG PESAK', 25316, 1),
(25364, 'BUKITINTAN', 25363, 1),
(25372, 'TAMAN SARI', 25363, 1),
(25377, 'PANGKAL BALAM', 25363, 1),
(25388, 'RANGKUI', 25363, 1),
(25398, 'GERUNGGANG', 25363, 1),
(25407, 'TANJUNG PINANG BARAT', 25406, 1),
(25412, 'TANJUNG PINANG TIMUR', 25406, 1),
(25418, 'TANJUNG PINANG KOTA', 25406, 1),
(25423, 'BUKIT BESTARI', 25406, 1),
(25430, 'SIANTAN', 25429, 0),
(25433, 'PALMATAK', 25429, 0),
(25443, 'SIANTAN TIMUR', 25429, 1),
(25447, 'SIANTAN SELATAN', 25429, 0),
(25454, 'JEMAJA TIMUR', 25429, 0),
(25459, 'JEMAJA', 25429, 0),
(25467, 'SIANTAN TENGAH', 25429, 0),
(25472, 'GUNUNG KIJANG', 25471, 0),
(25477, 'BINTAN TIMUR', 25471, 1),
(25482, 'BINTAN UTARA', 25471, 1),
(25488, 'TELUK BINTAN', 25471, 1),
(25495, 'TAMBELAN', 25471, 1),
(25504, 'TELOK SEBONG', 25471, 1),
(25512, 'TOAPAYA', 25471, 1),
(25517, 'MANTANG', 25471, 1),
(25522, 'BINTAN PESISIR', 25471, 1),
(25527, 'SERI KUALA LOBAM', 25471, 1),
(25534, 'MORO', 25533, 1),
(25542, 'KUNDUR', 25533, 1),
(25551, 'KARIMUN', 25533, 0),
(25558, 'MERAL', 25533, 0),
(25564, 'TEBING', 25533, 0),
(25572, 'BURU', 25533, 0),
(25577, 'KUNDUR UTARA', 25533, 1),
(25586, 'KUNDUR BARAT', 25533, 1),
(25592, 'DURAI', 25533, 1),
(25598, 'MIDAI', 25597, 0),
(25605, 'BUNGURAN BARAT', 25597, 0),
(25615, 'SERASAN', 25597, 0),
(25621, 'BUNGURAN TIMUR', 25597, 0),
(25628, 'BUNGURAN UTARA', 25597, 0),
(25637, 'SUBI', 25597, 0),
(25646, 'PULAU LAUT', 25597, 0),
(25650, 'PULAU TIGA', 25597, 0),
(25661, 'BUNGURAN TIMUR LAUT', 25597, 0),
(25669, 'BUNGURAN TENGAH', 25597, 0),
(25673, 'BUNGURAN SELATAN', 25597, 0),
(25678, 'SERASAN TIMUR', 25597, 0),
(25684, 'SINGKEP', 25683, 1),
(25696, 'LINGGA', 25683, 1),
(25715, 'SENAYANG', 25683, 1),
(25727, 'LINGGA UTARA', 25683, 1),
(25736, 'SINGKEP BARAT', 25683, 1),
(25747, 'BELAKANG PADANG', 25746, 0),
(25754, 'BATU AMPAR', 25746, 0),
(25759, 'SEKUPANG', 25746, 0),
(25767, 'NONGSA', 25746, 0),
(25772, 'BULANG', 25746, 0),
(25779, 'LUBUK BAJA', 25746, 0),
(25785, 'SEI BEDUK', 25746, 0),
(25790, 'GALANG', 25746, 0),
(25799, 'BENGKONG', 25746, 0),
(25804, 'BATAM KOTA', 25746, 0),
(25811, 'SAGULUNG', 25746, 0),
(25818, 'BATU AJI', 25746, 0),
(25825, 'KEPULAUAN SERIBU UTARA', 25824, 1),
(25829, 'KEPULAUAN SERIBU SELATAN', 25824, 1),
(25834, 'GAMBIR', 25833, 1),
(25841, 'SAWAH BESAR', 25833, 1),
(25847, 'KEMAYORAN', 25833, 1),
(25856, 'SENEN', 25833, 1),
(25863, 'CEMPAKA PUTIH', 25833, 1),
(25867, 'MENTENG', 25833, 1),
(25873, 'TANAH ABANG', 25833, 1),
(25881, 'JOHAR BARU', 25833, 1),
(25887, 'PENJARINGAN', 25886, 0),
(25893, 'TANJUNG PRIOK', 25886, 0),
(25901, 'KOJA', 25886, 0),
(25908, 'CILINCING', 25886, 0),
(25916, 'PADEMANGAN', 25886, 0),
(25920, 'KELAPA GADING', 25886, 0),
(25925, 'CENGKARENG', 25924, 0),
(25932, 'GROGOL PETAMBURAN', 25924, 0),
(25940, 'TAMAN SARI', 25924, 0),
(25949, 'TAMBORA', 25924, 0),
(25961, 'KEBON JERUK', 25924, 0),
(25969, 'KALIDERES', 25924, 0),
(25975, 'PAL MERAH', 25924, 0),
(25982, 'KEMBANGAN', 25924, 0),
(25990, 'TEBET', 25989, 0),
(25998, 'SETIABUDI', 25989, 0),
(26007, 'MAMPANG PRAPATAN', 25989, 0),
(26013, 'PASAR MINGGU', 25989, 1),
(26021, 'KEBAYORAN LAMA', 25989, 0),
(26028, 'CILANDAK', 25989, 0),
(26034, 'KEBAYORAN BARU', 25989, 0),
(26045, 'PANCORAN', 25989, 0),
(26052, 'JAGAKARSA', 25989, 0),
(26059, 'PESANGGRAHAN', 25989, 0),
(26066, 'MATRAMAN', 26065, 1),
(26073, 'PULOGADUNG', 26065, 1),
(26081, 'JATINEGARA', 26065, 1),
(26090, 'KRAMATJATI', 26065, 1),
(26098, 'PASAR REBO', 26065, 1),
(26104, 'CAKUNG', 26065, 0),
(26112, 'DUREN SAWIT', 26065, 0),
(26120, 'MAKASAR', 26065, 1),
(26126, 'CIRACAS', 26065, 1),
(26132, 'CIPAYUNG', 26065, 1),
(26143, 'CIBINONG', 26142, 1),
(26156, 'GUNUNG PUTRI', 26142, 1),
(26167, 'CITEUREUP', 26142, 1),
(26182, 'SUKARAJA', 26142, 1),
(26196, 'BABAKAN MADANG', 26142, 1),
(26206, 'JONGGOL', 26142, 1),
(26221, 'CILEUNGSI', 26142, 1),
(26234, 'CARIU', 26142, 1),
(26245, 'SUKAMAKMUR', 26142, 1),
(26256, 'PARUNG', 26142, 1),
(26266, 'GUNUNG SINDUR', 26142, 1),
(26277, 'KEMANG', 26142, 1),
(26287, 'BOJONG GEDE', 26142, 1),
(26297, 'LEUWILIANG', 26142, 1),
(26309, 'CIAMPEA', 26142, 1),
(26323, 'CIBUNGBULANG', 26142, 1),
(26339, 'PAMIJAHAN', 26142, 1),
(26355, 'RUMPIN', 26142, 1),
(26369, 'JASINGA', 26142, 1),
(26386, 'PARUNG PANJANG', 26142, 1),
(26398, 'NANGGUNG', 26142, 1),
(26409, 'CIGUDEG', 26142, 0),
(26425, 'TENJO', 26142, 1),
(26435, 'CIAWI', 26142, 1),
(26449, 'CISARUA', 26142, 1),
(26460, 'MEGAMENDUNG', 26142, 1),
(26472, 'CARINGIN', 26142, 1),
(26485, 'CIJERUK', 26142, 1),
(26495, 'CIOMAS', 26142, 1),
(26507, 'DRAMAGA', 26142, 1),
(26518, 'TAMANSARI', 26142, 1),
(26527, 'KLAPANUNGGAL', 26142, 1),
(26537, 'CISEENG', 26142, 1),
(26548, 'RANCA BUNGUR', 26142, 1),
(26556, 'SUKAJAYA', 26142, 1),
(26566, 'TANJUNGSARI', 26142, 1),
(26577, 'TAJURHALANG', 26142, 1),
(26585, 'CIGOMBONG', 26142, 1),
(26595, 'LEUWISADENG', 26142, 1),
(26604, 'TENJOLAYA', 26142, 1),
(26612, 'PELABUHAN RATU', 26611, 1),
(26621, 'SIMPENAN', 26611, 1),
(26628, 'CIKAKAK', 26611, 1),
(26637, 'BANTAR GADUNG', 26611, 1),
(26645, 'CISOLOK', 26611, 1),
(26657, 'CIKIDANG', 26611, 1),
(26670, 'LENGKONG', 26611, 1),
(26676, 'JAMPANG TENGAH', 26611, 1),
(26688, 'WARUNG KIARA', 26611, 1),
(26699, 'CIKEMBAR', 26611, 1),
(26709, 'CIBADAK', 26611, 1),
(26720, 'NAGRAK', 26611, 1),
(26731, 'PARUNG KUDA', 26611, 1),
(26740, 'BOJONG GENTENG', 26611, 1),
(26746, 'PARAKAN SALAK', 26611, 1),
(26753, 'CICURUG', 26611, 1),
(26767, 'CIDAHU', 26611, 1),
(26776, 'KALAPA NUNGGAL', 26611, 1),
(26784, 'KABANDUNGAN', 26611, 1),
(26791, 'WALURAN', 26611, 1),
(26797, 'JAMPANG KULON', 26611, 1),
(26808, 'CIEMAS', 26611, 1),
(26817, 'KALIBUNDER', 26611, 1),
(26825, 'SURADE', 26611, 1),
(26837, 'CIBITUNG', 26611, 1),
(26844, 'CIRACAP', 26611, 1),
(26853, 'GUNUNG GURUH', 26611, 1),
(26861, 'CICANTAYAN', 26611, 1),
(26869, 'CISAAT', 26611, 1),
(26883, 'KADUDAMPIT', 26611, 1),
(26893, 'CARINGIN', 26611, 1),
(26903, 'SUKABUMI', 26611, 1),
(26910, 'SUKARAJA', 26611, 1),
(26920, 'KEBON PEDES', 26611, 1),
(26926, 'CIREUNGHAS', 26611, 1),
(26932, 'SUKALARANG', 26611, 1),
(26939, 'PABUARAN', 26611, 1),
(26947, 'PURABAYA', 26611, 1),
(26955, 'NYALINDUNG', 26611, 1),
(26966, 'GEGER BITUNG', 26611, 1),
(26974, 'SAGARANTEN', 26611, 1),
(26986, 'CURUG KEMBAR', 26611, 1),
(26993, 'CIDOLOG', 26611, 1),
(26999, 'CIDADAP', 26611, 1),
(27004, 'TEGALBULEUD', 26611, 1),
(27013, 'CIMANGGU', 26611, 1),
(27020, 'CIAMBAR', 26611, 1),
(27027, 'CIANJUR', 27026, 0),
(27039, 'WARUNGKONDANG', 27026, 0),
(27051, 'CIBEBER', 27026, 0),
(27070, 'CILAKU', 27026, 0),
(27081, 'CIRANJANG', 27026, 0),
(27091, 'BOJONGPICUNG', 27026, 0),
(27103, 'KARANGTENGAH', 27026, 0),
(27120, 'MANDE', 27026, 0),
(27133, 'SUKALUYU', 27026, 0),
(27144, 'PACET', 27026, 0),
(27152, 'CUGENANG', 27026, 0),
(27169, 'CIKALONGKULON', 27026, 0),
(27188, 'SUKARESMI', 27026, 0),
(27200, 'SUKANAGARA', 27026, 0),
(27211, 'CAMPAKA', 27026, 0),
(27223, 'TAKOKAK', 27026, 0),
(27233, 'KADUPANDAK', 27026, 0),
(27247, 'PAGELARAN', 27026, 0),
(27261, 'TANGGEUNG', 27026, 0),
(27274, 'CIBINONG', 27026, 0),
(27288, 'SINDANGBARANG', 27026, 0),
(27298, 'AGRABINTA', 27026, 0),
(27309, 'CIDAUN', 27026, 0),
(27323, 'NARINGGUL', 27026, 0),
(27334, 'CAMPAKAMULYA', 27026, 0),
(27340, 'CIKADU', 27026, 0),
(27350, 'GEKBRONG', 27026, 0),
(27359, 'CIPANAS', 27026, 0),
(27367, 'CIJATI', 27026, 0),
(27377, 'LELES', 27026, 0),
(27389, 'HAURWANGI', 27026, 0),
(27398, 'PASIRKUDA', 27026, 0),
(27408, 'CILEUNYI', 27407, 1),
(27415, 'CIMENYAN', 27407, 1),
(27425, 'CILENGKRANG', 27407, 1),
(27432, 'BOJONGSOANG', 27407, 1),
(27439, 'MARGAHAYU', 27407, 1),
(27445, 'MARGAASIH', 27407, 1),
(27452, 'KATAPANG', 27407, 1),
(27460, 'DAYEUHKOLOT', 27407, 1),
(27467, 'BANJARAN', 27407, 1),
(27479, 'PAMEUNGPEUK', 27407, 1),
(27486, 'PANGALENGAN', 27407, 1),
(27500, 'ARJASARI', 27407, 1),
(27512, 'CIMAUNG', 27407, 1),
(27522, 'CICALENGKA', 27407, 1),
(27535, 'NAGREG', 27407, 1),
(27542, 'CIKANCUNG', 27407, 1),
(27552, 'RANCAEKEK', 27407, 1),
(27566, 'CIPARAY', 27407, 1),
(27581, 'PACET', 27407, 1),
(27595, 'KERTASARI', 27407, 1),
(27603, 'BALEENDAH', 27407, 1),
(27612, 'MAJALAYA', 27407, 1),
(27624, 'SOLOKANJERUK', 27407, 1),
(27632, 'PASEH', 27407, 1),
(27645, 'IBUN', 27407, 1),
(27658, 'SOREANG', 27407, 1),
(27669, 'PASIRJAMBU', 27407, 1),
(27680, 'CIWIDEY', 27407, 1),
(27688, 'RANCABALI', 27407, 1),
(27694, 'CANGKUANG', 27407, 1),
(27702, 'KUTAWARINGIN', 27407, 1),
(27715, 'GARUT KOTA', 27714, 1),
(27727, 'KARANGPAWITAN', 27714, 1),
(27748, 'WANARAJA', 27714, 1),
(27757, 'TAROGONG KALER', 27714, 1),
(27771, 'TAROGONG KIDUL', 27714, 1),
(27784, 'BANYURESMI', 27714, 1),
(27800, 'SAMARANG', 27714, 1),
(27813, 'PASIRWANGI', 27714, 1),
(27826, 'LELES', 27714, 1),
(27839, 'KADUNGORA', 27714, 1),
(27854, 'LEUWIGOONG', 27714, 1),
(27863, 'CIBATU', 27714, 1),
(27875, 'KERSAMANAH', 27714, 1),
(27881, 'MALANGBONG', 27714, 1),
(27905, 'SUKAWENING', 27714, 1),
(27917, 'KARANGTENGAH', 27714, 1),
(27922, 'BAYONGBONG', 27714, 1),
(27940, 'CIGEDUG', 27714, 1),
(27946, 'CILAWU', 27714, 1),
(27965, 'CISURUPAN', 27714, 1),
(27982, 'SUKARESMI', 27714, 1),
(27989, 'CIKAJANG', 27714, 1),
(28002, 'BANJARWANGI', 27714, 1),
(28014, 'SINGAJAYA', 27714, 1),
(28024, 'CIHURIP', 27714, 1),
(28029, 'PEUNDEUY', 27714, 1),
(28036, 'PAMEUNGPEUK', 27714, 1),
(28044, 'CISOMPET', 27714, 1),
(28056, 'CIBALONG', 27714, 1),
(28067, 'CIKELET', 27714, 1),
(28077, 'BUNGBULANG', 27714, 1),
(28090, 'MEKARMUKTI', 27714, 1),
(28095, 'PAKENJENG', 27714, 1),
(28108, 'PAMULIHAN', 27714, 1),
(28114, 'CISEWU', 27714, 1),
(28122, 'CARINGIN', 27714, 1),
(28128, 'TALEGONG', 27714, 1),
(28136, 'BL. LIMBANGAN', 27714, 1),
(28151, 'SELAAWI', 27714, 1),
(28159, 'CIBIUK', 27714, 1),
(28165, 'PANGATIKAN', 27714, 1),
(28174, 'SUCINARAJA', 27714, 1),
(28183, 'CIPATUJAH', 28182, 1),
(28199, 'KARANGNUNGGAL', 28182, 1),
(28214, 'CIKALONG', 28182, 1),
(28228, 'PANCA TENGAH', 28182, 1),
(28240, 'CIKATOMAS', 28182, 1),
(28250, 'CIBALONG', 28182, 1),
(28257, 'PARUNGPONTENG', 28182, 1),
(28266, 'BANTARKALONG', 28182, 1),
(28275, 'BOJONGASIH', 28182, 1),
(28282, 'CULAMEGA', 28182, 1),
(28288, 'BOJONGGAMBIR', 28182, 1),
(28299, 'SODONGHILIR', 28182, 1),
(28312, 'TARAJU', 28182, 1),
(28322, 'SALAWU', 28182, 1),
(28335, 'PUSPAHIANG', 28182, 1),
(28344, 'TANJUNGJAYA', 28182, 1),
(28352, 'SUKARAJA', 28182, 1),
(28361, 'SALOPA', 28182, 1),
(28371, 'JATIWARAS', 28182, 1),
(28383, 'CINEAM', 28182, 1),
(28394, 'KARANG JAYA', 28182, 1),
(28399, 'MANONJAYA', 28182, 1),
(28412, 'GUNUNG TANJUNG', 28182, 1),
(28420, 'SINGAPARNA', 28182, 1),
(28431, 'MANGUNREJA', 28182, 1),
(28438, 'SUKARAME', 28182, 1),
(28445, 'CIGALONTANG', 28182, 1),
(28462, 'LEUWISARI', 28182, 1),
(28470, 'PADAKEMBANG', 28182, 1),
(28476, 'SARIWANGI', 28182, 1),
(28485, 'SUKARATU', 28182, 1),
(28494, 'CISAYONG', 28182, 1),
(28508, 'SUKAHENING', 28182, 1),
(28516, 'RAJAPOLAH', 28182, 1),
(28525, 'JAMANIS', 28182, 1),
(28534, 'CIAWI', 28182, 1),
(28546, 'KADIPATEN', 28182, 1),
(28553, 'PAGERAGEUNG', 28182, 1),
(28564, 'SUKARESIK', 28182, 1),
(28574, 'CIAMIS', 28573, 0),
(28587, 'CIKONENG', 28573, 0),
(28597, 'CIJEUNGJING', 28573, 0),
(28609, 'SADANANYA', 28573, 0),
(28618, 'CIDOLOG', 28573, 0),
(28625, 'CIHAURBEUTI', 28573, 0),
(28637, 'PANUMBANGAN', 28573, 0),
(28652, 'PANJALU', 28573, 0),
(28661, 'KAWALI', 28573, 0),
(28673, 'PANAWANGAN', 28573, 0),
(28688, 'CIPAKU', 28573, 0),
(28702, 'JATINAGARA', 28573, 0),
(28709, 'RAJADESA', 28573, 0),
(28721, 'SUKADANA', 28573, 0),
(28728, 'RANCAH', 28573, 0),
(28742, 'TAMBAKSARI', 28573, 0),
(28749, 'LAKBOK', 28573, 0),
(28760, 'BANJARSARI', 28573, 0),
(28782, 'PAMARICAN', 28573, 0),
(28796, 'PADAHERANG', 28573, 0),
(28811, 'KALIPUCANG', 28573, 0),
(28821, 'PANGANDARAN', 28573, 0),
(28830, 'SIDAMULIH', 28573, 0),
(28838, 'PARIGI', 28573, 0),
(28849, 'CIJULANG', 28573, 0),
(28857, 'CIMERAK', 28573, 0),
(28869, 'CIGUGUR', 28573, 0),
(28877, 'LANGKAPLANCAR', 28573, 0),
(28891, 'CIMARAGAS', 28573, 0),
(28897, 'CISAGA', 28573, 0),
(28909, 'SINDANGKASIH', 28573, 0),
(28919, 'BAREGBEG', 28573, 0),
(28929, 'SUKAMANTRI', 28573, 0),
(28935, 'LUMBUNG', 28573, 0),
(28944, 'PURWADADI', 28573, 0),
(28954, 'MANGUNJAYA', 28573, 0),
(28961, 'KADUGEDE', 28960, 1),
(28974, 'CINIRU', 28960, 1),
(28984, 'SUBANG', 28960, 1),
(28992, 'CIWARU', 28960, 1),
(29005, 'CIBINGBIN', 28960, 1),
(29016, 'LURAGUNG', 28960, 1),
(29033, 'LEBAKWANGI', 28960, 1),
(29047, 'GARAWANGI', 28960, 1),
(29065, 'KUNINGAN', 28960, 1),
(29082, 'CIAWIGEBANG', 28960, 1),
(29107, 'CIDAHU', 28960, 1),
(29120, 'JALAKSANA', 28960, 1),
(29136, 'CILIMUS', 28960, 1),
(29150, 'MANDIRANCAN', 28960, 1),
(29163, 'SELAJAMBE', 28960, 1),
(29171, 'KRAMATMULYA', 28960, 1),
(29186, 'DARMA', 28960, 1),
(29206, 'CIGUGUR', 28960, 1),
(29217, 'PASAWAHAN', 28960, 1),
(29228, 'NUSAHERANG', 28960, 1),
(29237, 'CIPICUNG', 28960, 1),
(29248, 'PANCALANG', 28960, 1),
(29262, 'JAPARA', 28960, 1),
(29273, 'CIMAHI', 28960, 1),
(29284, 'CILEBAK', 28960, 1),
(29292, 'HANTARA', 28960, 1),
(29301, 'KALIMANGGIS', 28960, 1),
(29308, 'CIBEUREUM', 28960, 1),
(29317, 'KARANG KANCANA', 28960, 1),
(29327, 'MALEBER', 28960, 1),
(29344, 'SINDANG AGUNG', 28960, 1),
(29357, 'CIGANDAMEKAR', 28960, 1),
(29370, 'WALED', 29369, 0),
(29383, 'CILEDUG', 29369, 0),
(29394, 'LOSARI', 29369, 0),
(29405, 'PABEDILAN', 29369, 0),
(29419, 'BABAKAN', 29369, 0),
(29434, 'KARANGSEMBUNG', 29369, 0),
(29443, 'LEMAHABANG', 29369, 0),
(29457, 'SUSUKAN LEBAK', 29369, 0),
(29471, 'SEDONG', 29369, 0),
(29482, 'ASTANAJAPURA', 29369, 0),
(29494, 'PANGENAN', 29369, 0),
(29504, 'MUNDU', 29369, 0),
(29517, 'BEBER', 29369, 0),
(29528, 'TALUN', 29369, 0),
(29540, 'SUMBER', 29369, 0),
(29555, 'DUKUPUNTANG', 29369, 0),
(29569, 'PALIMANAN', 29369, 0),
(29582, 'PLUMBON', 29369, 0),
(29598, 'WERU', 29369, 0),
(29608, 'KEDAWUNG', 29369, 0),
(29617, 'GUNUNG JATI', 29369, 0),
(29633, 'KAPETAKAN', 29369, 0),
(29643, 'KLANGENAN', 29369, 0),
(29653, 'ARJAWINANGUN', 29369, 0),
(29665, 'PANGURAGAN', 29369, 0),
(29675, 'CIWARINGIN', 29369, 0),
(29684, 'SUSUKAN', 29369, 0),
(29697, 'GEGESIK', 29369, 0),
(29712, 'KALIWEDI', 29369, 0),
(29722, 'GEBANG', 29369, 0),
(29736, 'DEPOK', 29369, 0),
(29749, 'PASALEMAN', 29369, 0),
(29757, 'PABUARAN', 29369, 0),
(29765, 'KARANGWARENG', 29369, 0),
(29775, 'TENGAH TANI', 29369, 0),
(29784, 'PLERED', 29369, 0),
(29795, 'GEMPOL', 29369, 0),
(29804, 'GREGED', 29369, 0),
(29815, 'SURANENGGALA', 29369, 0),
(29825, 'JAMBLANG', 29369, 0),
(29835, 'LEMAHSUGIH', 29834, 0),
(29852, 'BANTARUJEG', 29834, 0),
(29866, 'CIKIJING', 29834, 0),
(29882, 'TALAGA', 29834, 0),
(29899, 'ARGAPURA', 29834, 0),
(29914, 'MAJA', 29834, 0),
(29933, 'MAJALENGKA', 29834, 0),
(29948, 'SUKAHAJI', 29834, 0),
(29962, 'RAJAGALUH', 29834, 0),
(29976, 'LEUWIMUNDING', 29834, 0),
(29991, 'JATIWANGI', 29834, 0),
(30008, 'DAWUAN', 29834, 0),
(30020, 'KADIPATEN', 29834, 0),
(30028, 'KERTAJATI', 29834, 0),
(30043, 'JATITUJUH', 29834, 0),
(30059, 'LIGUNG', 29834, 0),
(30079, 'SUMBERJAYA', 29834, 0),
(30093, 'PANYINGKIRAN', 29834, 0),
(30103, 'PALASAH', 29834, 0),
(30117, 'CIGASONG', 29834, 0),
(30128, 'SINDANGWANGI', 29834, 0),
(30139, 'BANJARAN', 29834, 0),
(30153, 'CINGAMBUL', 29834, 0),
(30167, 'KASOKANDEL', 29834, 0),
(30178, 'SINDANG', 29834, 0),
(30186, 'MALAUSMA', 29834, 0),
(30198, 'WADO', 30197, 0),
(30210, 'JATINUNGGAL', 30197, 0),
(30220, 'DARMARAJA', 30197, 0),
(30237, 'CIBUGEL', 30197, 0),
(30245, 'CISITU', 30197, 0),
(30256, 'SITURAJA', 30197, 0),
(30271, 'CONGGEANG', 30197, 0),
(30284, 'PASEH', 30197, 0),
(30295, 'SURIAN', 30197, 0),
(30304, 'BUAHDUA', 30197, 0),
(30319, 'TANJUNGSARI', 30197, 0),
(30332, 'SUKASARI', 30197, 0),
(30340, 'PAMULIHAN', 30197, 0),
(30352, 'CIMANGGUNG', 30197, 0),
(30364, 'JATINANGOR', 30197, 0),
(30377, 'RANCAKALONG', 30197, 0),
(30388, 'SUMEDANG SELATAN', 30197, 0),
(30403, 'SUMEDANG UTARA', 30197, 0),
(30417, 'GANEAS', 30197, 0),
(30425, 'TANJUNGKERTA', 30197, 0),
(30437, 'TANJUNGMEDAR', 30197, 0),
(30447, 'CIMALAKA', 30197, 0),
(30462, 'CISARUA', 30197, 0),
(30470, 'TOMO', 30197, 0),
(30480, 'UJUNGJAYA', 30197, 0),
(30490, 'JATIGEDE', 30197, 0),
(30504, 'HAURGEULIS', 30503, 0),
(30515, 'KROYA', 30503, 0),
(30525, 'GABUSWETAN', 30503, 0),
(30536, 'CIKEDUNG', 30503, 0),
(30544, 'LELEA', 30503, 0),
(30556, 'BANGODUA', 30503, 0),
(30565, 'WIDASARI', 30503, 1),
(30576, 'KERTASEMAYA', 30503, 0),
(30590, 'KRANGKENG', 30503, 0),
(30602, 'KARANGAMPEL', 30503, 0),
(30614, 'JUNTINYUAT', 30503, 0),
(30627, 'SLIYEG', 30503, 0),
(30642, 'JATIBARANG', 30503, 0),
(30658, 'BALONGAN', 30503, 0),
(30669, 'INDRAMAYU', 30503, 0),
(30688, 'SINDANG', 30503, 0),
(30699, 'CANTIGI', 30503, 0),
(30707, 'LOHBENER', 30503, 0),
(30720, 'ARAHAN', 30503, 0),
(30729, 'LOSARANG', 30503, 0),
(30742, 'KANDANGHAUR', 30503, 0),
(30756, 'BONGAS', 30503, 0),
(30765, 'ANJATAN', 30503, 0),
(30779, 'SUKRA', 30503, 0),
(30788, 'GANTAR', 30503, 0),
(30795, 'TRISI', 30503, 0),
(30805, 'SUKAGUMIWANG', 30503, 0),
(30813, 'KEDOKAN BUNDER', 30503, 0),
(30821, 'PASEKAN', 30503, 0),
(30828, 'TUKDANA', 30503, 0),
(30842, 'PATROL', 30503, 0),
(30852, 'SAGALAHERANG', 30851, 0),
(30860, 'CISALAK', 30851, 0),
(30870, 'SUBANG', 30851, 1),
(30879, 'KALIJATI', 30851, 0),
(30890, 'PABUARAN', 30851, 0),
(30899, 'PURWADADI', 30851, 0),
(30910, 'PAGADEN', 30851, 1),
(30921, 'BINONG', 30851, 1),
(30931, 'CIASEM', 30851, 0),
(30941, 'PUSAKANAGARA', 30851, 1),
(30949, 'PAMANUKAN', 30851, 1),
(30958, 'JALANCAGAK', 30851, 1),
(30966, 'BLANAKAN', 30851, 0),
(30976, 'TANJUNGSIANG', 30851, 0),
(30987, 'COMPRENG', 30851, 1),
(30996, 'PATOKBEUSI', 30851, 1),
(31007, 'CIBOGO', 30851, 1),
(31017, 'CIPUNAGARA', 30851, 0),
(31028, 'CIJAMBE', 30851, 1),
(31037, 'CIPEUNDUEY', 30851, 1),
(31045, 'LEGONKULON', 30851, 1),
(31053, 'CIKAUM', 30851, 0),
(31063, 'SERANGPANJANG', 30851, 0),
(31070, 'SUKASARI', 30851, 0),
(31078, 'TAMBAKDAHAN', 30851, 1),
(31088, 'KASOMALANG', 30851, 1),
(31097, 'DAWUAN', 30851, 1),
(31108, 'PAGADEN BARAT', 30851, 0),
(31118, 'CIATER', 30851, 1),
(31126, 'PUSAKAJAYA', 30851, 0),
(31136, 'PURWAKARTA', 31135, 0),
(31147, 'CAMPAKA', 31135, 0),
(31158, 'JATILUHUR', 31135, 0),
(31169, 'PLERED', 31135, 0),
(31186, 'SUKATANI', 31135, 0),
(31201, 'DARANGDAN', 31135, 0),
(31217, 'MANIIS', 31135, 0),
(31226, 'TEGALWARU', 31135, 0),
(31240, 'WANAYASA', 31135, 0),
(31256, 'PASAWAHAN', 31135, 0),
(31269, 'BOJONG', 31135, 0),
(31284, 'BABAKANCIKAO', 31135, 0),
(31294, 'BUNGURSARI', 31135, 0),
(31305, 'CIBATU', 31135, 0),
(31316, 'SUKASARI', 31135, 0),
(31322, 'PONDOKSALAM', 31135, 0),
(31334, 'KIARAPEDES', 31135, 0),
(31346, 'KARAWANG BARAT', 31345, 0),
(31355, 'PANGKALAN', 31345, 0),
(31364, 'TELUKJAMBE TIMUR', 31345, 1),
(31374, 'CIAMPEL', 31345, 0),
(31382, 'KLARI', 31345, 0),
(31396, 'RENGASDENGKLOK', 31345, 0),
(31406, 'KUTAWALUYA', 31345, 1),
(31419, 'BATUJAYA', 31345, 1),
(31430, 'TIRTAJAYA', 31345, 1),
(31442, 'PEDES', 31345, 1),
(31455, 'CIBUAYA', 31345, 1),
(31467, 'PAKISJAYA', 31345, 0),
(31476, 'CIKAMPEK', 31345, 0),
(31487, 'JATISARI', 31345, 0),
(31502, 'CILAMAYA WETAN', 31345, 0),
(31515, 'TIRTAMULYA', 31345, 1),
(31526, 'TELAGASARI', 31345, 1),
(31541, 'RAWAMERTA', 31345, 1),
(31555, 'LEMAHABANG', 31345, 1),
(31567, 'TEMPURAN', 31345, 0),
(31582, 'MAJALAYA', 31345, 0),
(31590, 'JAYAKERTA', 31345, 0),
(31599, 'CILAMAYA KULON', 31345, 0),
(31612, 'BANYUSARI', 31345, 0),
(31625, 'KOTA BARU', 31345, 0),
(31635, 'KARAWANG TIMUR', 31345, 1),
(31644, 'TELUKJAMBE BARAT', 31345, 0),
(31655, 'TEGALWARU', 31345, 1),
(31665, 'PURWASARI', 31345, 0),
(31674, 'CILEBAR', 31345, 0),
(31686, 'TARUMAJAYA', 31685, 0),
(31695, 'BABELAN', 31685, 0),
(31705, 'SUKAWANGI', 31685, 0),
(31713, 'TAMBELANG', 31685, 0),
(31721, 'TAMBUN UTARA', 31685, 0),
(31730, 'TAMBUN SELATAN', 31685, 0),
(31741, 'CIBITUNG', 31685, 0),
(31749, 'CIKARANG BARAT', 31685, 0),
(31761, 'CIKARANG UTARA', 31685, 0),
(31773, 'KARANG BAHAGIA', 31685, 0),
(31782, 'CIKARANG TIMUR', 31685, 0),
(31791, 'KEDUNG WARINGIN', 31685, 0),
(31799, 'PEBAYURAN', 31685, 0),
(31813, 'SUKAKARYA', 31685, 0),
(31821, 'SUKATANI', 31685, 0),
(31829, 'CABANGBUNGIN', 31685, 0),
(31838, 'MUARAGEMBONG', 31685, 0),
(31845, 'SETU', 31685, 0),
(31857, 'CIKARANG SELATAN', 31685, 0),
(31865, 'CIKARANG PUSAT', 31685, 0),
(31872, 'SERANG BARU', 31685, 0),
(31881, 'CIBARUSAH', 31685, 0),
(31889, 'BOJONGMANGU', 31685, 0),
(31897, 'LEMBANG', 31896, 0),
(31914, 'PARONGPONG', 31896, 0),
(31922, 'CISARUA', 31896, 0),
(31931, 'CIKALONGWETAN', 31896, 0),
(31945, 'CIPEUNDEUY', 31896, 0),
(31958, 'NGAMPRAH', 31896, 0),
(31970, 'CIPATAT', 31896, 0),
(31983, 'PADALARANG', 31896, 0),
(31994, 'BATUJAJAR', 31896, 0),
(32008, 'CIHAMPELAS', 31896, 0),
(32019, 'CILILIN', 31896, 0),
(32031, 'CIPONGKOR', 31896, 0),
(32046, 'RONGGA', 31896, 0),
(32055, 'SINDANGKERTA', 31896, 0),
(32067, 'GUNUNGHALU', 31896, 0),
(32078, 'BOGOR SELATAN', 32077, 1),
(32095, 'BOGOR TIMUR', 32077, 1),
(32102, 'BOGOR TENGAH', 32077, 1),
(32114, 'BOGOR BARAT', 32077, 1),
(32131, 'BOGOR UTARA', 32077, 1),
(32140, 'TANAH SAREAL', 32077, 1),
(32153, 'GUNUNG PUYUH', 32152, 1),
(32158, 'CIKOLE', 32152, 1),
(32165, 'CITAMIANG', 32152, 1),
(32171, 'WARUDOYONG', 32152, 1),
(32177, 'BAROS', 32152, 1),
(32182, 'LEMBURSITU', 32152, 1),
(32188, 'CIBEUREUM', 32152, 1),
(32194, 'SUKASARI', 32193, 0),
(32199, 'COBLONG', 32193, 1),
(32206, 'BABAKAN CIPARAY', 32193, 1),
(32213, 'BOJONGLOA KALER', 32193, 1),
(32219, 'ANDIR', 32193, 0),
(32226, 'CICENDO', 32193, 0),
(32233, 'SUKAJADI', 32193, 0),
(32239, 'CIDADAP', 32193, 0),
(32243, 'BANDUNG WETAN', 32193, 0),
(32247, 'ASTANA ANYAR', 32193, 1),
(32254, 'REGOL', 32193, 0),
(32262, 'BATUNUNGGAL', 32193, 0),
(32271, 'LENGKONG', 32193, 1),
(32279, 'CIBEUNYING KIDUL', 32193, 1),
(32286, 'BANDUNG KULON', 32193, 1),
(32295, 'KIARACONDONG', 32193, 0),
(32302, 'BOJONGLOA KIDUL', 32193, 0),
(32309, 'CIBEUNYING KALER', 32193, 1),
(32314, 'SUMUR BANDUNG', 32193, 0),
(32319, 'ANTAPANI', 32193, 0),
(32324, 'BANDUNG KIDUL', 32193, 1),
(32329, 'BUAHBATU', 32193, 0),
(32334, 'RANCASARI', 32193, 0),
(32339, 'ARCAMANIK', 32193, 1),
(32344, 'CIBIRU', 32193, 1),
(32349, 'UJUNG BERUNG', 32193, 1),
(32355, 'GEDEBAGE', 32193, 1),
(32360, 'PANYILEUKAN', 32193, 1),
(32365, 'CINAMBO', 32193, 0),
(32370, 'MANDALAJATI', 32193, 0),
(32376, 'KEJAKSAN', 32375, 1),
(32381, 'LEMAH WUNGKUK', 32375, 1),
(32386, 'HARJAMUKTI', 32375, 1),
(32392, 'PEKALIPAN', 32375, 1),
(32397, 'KESAMBI', 32375, 1),
(32404, 'BEKASI TIMUR', 32403, 0),
(32409, 'BEKASI BARAT', 32403, 0),
(32415, 'BEKASI UTARA', 32403, 0),
(32422, 'BEKASI SELATAN', 32403, 0),
(32428, 'RAWA LUMBU', 32403, 0),
(32433, 'MEDAN SATRIA', 32403, 0),
(32438, 'BANTAR GEBANG', 32403, 0),
(32443, 'PONDOK GEDE', 32403, 0),
(32449, 'JATIASIH', 32403, 0),
(32456, 'JATI SEMPURNA', 32403, 0),
(32462, 'MUSTIKA JAYA', 32403, 0),
(32467, 'PONDOK MELATI', 32403, 0),
(32473, 'PANCORAN MAS', 32472, 0),
(32480, 'CIMANGGIS', 32472, 0),
(32487, 'SAWANGAN', 32472, 0),
(32495, 'LIMO', 32472, 0),
(32500, 'SUKMAJAYA', 32472, 0),
(32507, 'BEJI', 32472, 0),
(32514, 'CIPAYUNG', 32472, 0),
(32520, 'CILODONG', 32472, 0),
(32526, 'CINERE', 32472, 0),
(32531, 'TAPOS', 32472, 0),
(32539, 'BOJONGSARI', 32472, 0),
(32548, 'CIMAHI SELATAN', 32547, 1),
(32554, 'CIMAHI TENGAH', 32547, 1),
(32561, 'CIMAHI UTARA', 32547, 1),
(32567, 'CIHIDEUNG', 32566, 1),
(32574, 'CIPEDES', 32566, 1),
(32579, 'TAWANG', 32566, 1),
(32585, 'INDIHIANG', 32566, 1),
(32592, 'KAWALU', 32566, 1),
(32603, 'CIBEUREUM', 32566, 1),
(32613, 'TAMANSARI', 32566, 1),
(32622, 'MANGKUBUMI', 32566, 1),
(32631, 'BUNGURSARI', 32566, 1),
(32639, 'PURBARATU', 32566, 1),
(32647, 'BANJAR', 32646, 1),
(32655, 'PATARUMAN', 32646, 1),
(32664, 'PURWAHARJA', 32646, 1),
(32669, 'LANGEN SARI', 32646, 1),
(32690, 'KESUGIHAN', 32677, 0),
(32707, 'ADIPALA', 32677, 0),
(32724, 'BINANGUN', 32677, 0),
(32742, 'NUSAWUNGU', 32677, 0),
(32803, 'KAWUNGANTEN', 32677, 0),
(32816, 'GANDRUNGMANGU', 32677, 0),
(32831, 'SIDAREJA', 32677, 0),
(32842, 'KARANGPUCUNG', 32677, 0),
(32857, 'CIMANGGU', 32677, 0),
(32873, 'MAJENANG', 32677, 0),
(32987, 'LUMBIR', 32986, 0),
(32998, 'WANGON', 32986, 0),
(33011, 'JATILAWANG', 32986, 0),
(33023, 'RAWALO', 32986, 0),
(33033, 'KEBASEN', 32986, 0),
(33046, 'KEMRANJEN', 32986, 0),
(33062, 'SUMPIUH', 32986, 0),
(33077, 'TAMBAK', 32986, 0),
(33090, 'SOMAGEDE', 32986, 0),
(33100, 'KALIBAGOR', 32986, 0),
(33113, 'BANYUMAS', 32986, 0),
(33126, 'PATIKRAJA', 32986, 0),
(33140, 'PURWOJATI', 32986, 0),
(33151, 'AJIBARANG', 32986, 0),
(33167, 'GUMELAR', 32986, 0),
(33178, 'PEKUNCEN', 32986, 0),
(33195, 'CILONGOK', 32986, 0),
(33216, 'KARANG LEWAS', 32986, 0),
(33230, 'SOKARAJA', 32986, 0),
(33249, 'KEMBARAN', 32986, 0),
(33266, 'SUMBANG', 32986, 0),
(33286, 'BATURADEN', 32986, 0),
(33299, 'KEDUNG BANTENG', 32986, 0),
(33314, 'PURWOKERTO SELATAN', 32986, 0),
(33322, 'PURWOKERTO BARAT', 32986, 0),
(33330, 'PURWOKERTO TIMUR', 32986, 0),
(33337, 'PURWOKERTO UTARA', 32986, 0),
(33346, 'KEMANGKON', 33345, 0),
(33366, 'BUKATEJA', 33345, 0),
(33381, 'KEJOBONG', 33345, 0),
(33395, 'KALIGONDANG', 33345, 0),
(33414, 'PURBALINGGA', 33345, 0),
(33428, 'KALIMANAH', 33345, 0),
(33446, 'KUTASARI', 33345, 0),
(33461, 'MREBET', 33345, 0),
(33481, 'BOBOTSARI', 33345, 0),
(33498, 'KARANGREJA', 33345, 0),
(33506, 'KARANGANYAR', 33345, 0),
(33520, 'KARANGMONCOL', 33345, 0),
(33532, 'REMBANG', 33345, 0),
(33545, 'BOJONGSARI', 33345, 0),
(33559, 'PADAMARA', 33345, 0),
(33574, 'PENGADEGAN', 33345, 0),
(33584, 'KARANGJAMBU', 33345, 0),
(33591, 'KERTANEGARA', 33345, 0),
(33604, 'SUSUKAN', 33603, 0),
(33620, 'PURWOREJO KLAMPOK', 33603, 0),
(33629, 'MANDIRAJA', 33603, 0),
(33646, 'PURWONEGORO', 33603, 0),
(33660, 'BAWANG', 33603, 0),
(33679, 'BANJARNEGARA', 33603, 0),
(33693, 'SIGALUH', 33603, 0),
(33709, 'MADUKARA', 33603, 0),
(33730, 'BANJARMANGU', 33603, 0),
(33748, 'WANADADI', 33603, 0),
(33760, 'RAKIT', 33603, 0),
(33772, 'PUNGGELAN', 33603, 0),
(33790, 'KARANGKOBAR', 33603, 0),
(33804, 'PAGENTAN', 33603, 0),
(33821, 'PEJAWARAN', 33603, 0),
(33839, 'BATUR', 33603, 0),
(33848, 'WANAYASA', 33603, 0),
(33866, 'KALIBENING', 33603, 0),
(33883, 'PANDANARUM', 33603, 0),
(33892, 'PAGEDONGAN', 33603, 0),
(33903, 'AYAH', 33902, 0),
(33922, 'BUAYAN', 33902, 0),
(33943, 'PURING', 33902, 0),
(33967, 'PETANAHAN', 33902, 0),
(33989, 'KLIRONG', 33902, 0),
(34014, 'BULUSPESANTREN', 33902, 0),
(34036, 'AMBAL', 33902, 0),
(34069, 'MIRIT', 33902, 0),
(34092, 'PREMBUN', 33902, 0),
(34106, 'KUTOWINANGUN', 33902, 0),
(34126, 'ALIAN', 33902, 0),
(34143, 'KEBUMEN', 33902, 0),
(34173, 'PEJAGOAN', 33902, 0),
(34187, 'SRUWENG', 33902, 0),
(34209, 'ADIMULYO', 33902, 0),
(34233, 'KUWARASAN', 33902, 0),
(34256, 'ROWOKELE', 33902, 0),
(34268, 'SEMPOR', 33902, 0),
(34285, 'GOMBONG', 33902, 0),
(34300, 'KARANGANYAR', 33902, 0),
(34312, 'KARANGGAYAM', 33902, 0),
(34332, 'SADANG', 33902, 0),
(34340, 'BONOROWO', 33902, 0),
(34352, 'PADURESO', 33902, 0),
(34362, 'PONCOWARNO', 33902, 0),
(34374, 'KARANGSAMBUNG', 33902, 0),
(34390, 'GRABAG', 34389, 0),
(34423, 'NGOMBOL', 34389, 0),
(34481, 'PURWODADI', 34389, 0),
(34522, 'BAGELEN', 34389, 0),
(34540, 'KALIGESING', 34389, 0),
(34562, 'PURWOREJO', 34389, 0),
(34588, 'BANYU URIP', 34389, 0),
(34616, 'BAYAN', 34389, 0),
(34643, 'KUTOARJO', 34389, 0),
(34671, 'BUTUH', 34389, 0),
(34713, 'PITURUH', 34389, 0),
(34763, 'KEMIRI', 34389, 0),
(34804, 'BRUNO', 34389, 0),
(34823, 'GEBANG', 34389, 0),
(34849, 'LOANO', 34389, 0),
(34871, 'BENER', 34389, 0),
(34901, 'WADASLINTANG', 34900, 0),
(34919, 'KEPIL', 34900, 0),
(34941, 'SAPURAN', 34900, 0),
(34959, 'KALIWIRO', 34900, 0),
(34981, 'LEKSONO', 34900, 0),
(34996, 'SELOMERTO', 34900, 0),
(35021, 'KALIKAJAR', 34900, 0),
(35041, 'KERTEK', 34900, 0),
(35063, 'WONOSOBO', 34900, 0),
(35084, 'WATUMALANG', 34900, 0),
(35101, 'MOJOTENGAH', 34900, 0),
(35121, 'GARUNG', 34900, 0),
(35137, 'KEJAJAR', 34900, 0),
(35154, 'SUKOHARJO', 34900, 0),
(35172, 'KALIBAWANG', 34900, 0),
(35182, 'SALAMAN', 35181, 1),
(35203, 'BOROBUDUR', 35181, 1),
(35224, 'NGLUWAR', 35181, 1),
(35233, 'SALAM', 35181, 1),
(35246, 'SRUMBUNG', 35181, 1),
(35264, 'DUKUN', 35181, 1),
(35280, 'SAWANGAN', 35181, 1),
(35296, 'MUNTILAN', 35181, 1),
(35311, 'MUNGKID', 35181, 1),
(35328, 'MERTOYUDAN', 35181, 1),
(35342, 'TEMPURAN', 35181, 1),
(35358, 'KAJORAN', 35181, 1),
(35388, 'KALIANGKRIK', 35181, 1),
(35409, 'BANDONGAN', 35181, 1),
(35424, 'CANDIMULYO', 35181, 1),
(35444, 'PAKIS', 35181, 1),
(35465, 'NGABLAK', 35181, 1),
(35482, 'GRABAG', 35181, 1),
(35511, 'TEGALREJO', 35181, 1),
(35533, 'SECANG', 35181, 1),
(35554, 'WINDUSARI', 35181, 1),
(35576, 'SELO', 35575, 0),
(35587, 'AMPEL', 35575, 0),
(35608, 'CEPOGO', 35575, 0),
(35624, 'MUSUK', 35575, 0),
(35645, 'BOYOLALI', 35575, 0),
(35655, 'MOJOSONGO', 35575, 0),
(35669, 'TERAS', 35575, 0),
(35683, 'SAWIT', 35575, 0),
(35696, 'BANYUDONO', 35575, 0),
(35712, 'SAMBI', 35575, 0),
(35729, 'NGEMPLAK', 35575, 0),
(35742, 'NOGOSARI', 35575, 0),
(35756, 'SIMO', 35575, 0),
(35770, 'KARANGGEDE', 35575, 0),
(35787, 'KLEGO', 35575, 0),
(35801, 'ANDONG', 35575, 0),
(35818, 'KEMUSU', 35575, 0),
(35832, 'WONOSEGORO', 35575, 0),
(35851, 'JUWANGI', 35575, 0),
(35863, 'PRAMBANAN', 35862, 1),
(35880, 'GANTIWARNO', 35862, 1),
(35897, 'WEDI', 35862, 0),
(35917, 'BAYAT', 35862, 1),
(35936, 'CAWAS', 35862, 1),
(35957, 'TRUCUK', 35862, 1),
(35976, 'KEBONARUM', 35862, 1),
(35984, 'JOGONALAN', 35862, 1),
(36003, 'MANISRENGGO', 35862, 1),
(36020, 'KARANGNONGKO', 35862, 1),
(36035, 'CEPER', 35862, 1),
(36054, 'PEDAN', 35862, 1),
(36069, 'KARANGDOWO', 35862, 1),
(36089, 'JUWIRING', 35862, 1),
(36109, 'WONOSARI', 35862, 1),
(36128, 'DELANGGU', 35862, 1),
(36145, 'POLANHARJO', 35862, 1),
(36164, 'KARANGANOM', 35862, 1),
(36184, 'TULUNG', 35862, 1),
(36203, 'JATINOM', 35862, 1),
(36222, 'KEMALANG', 35862, 1),
(36236, 'NGAWEN', 35862, 1),
(36250, 'KALIKOTES', 35862, 1),
(36258, 'KLATEN UTARA', 35862, 1),
(36267, 'KLATEN TENGAH', 35862, 1),
(36277, 'KLATEN SELATAN', 35862, 1),
(36291, 'WERU', 36290, 0),
(36305, 'BULU', 36290, 0),
(36318, 'TAWANGSARI', 36290, 0),
(36331, 'SUKOHARJO', 36290, 0),
(36346, 'NGUTER', 36290, 0),
(36363, 'BENDOSARI', 36290, 0),
(36378, 'POLOKARTO', 36290, 0),
(36396, 'MOJOLABAN', 36290, 0),
(36412, 'GROGOL', 36290, 0),
(36427, 'BAKI', 36290, 0),
(36442, 'GATAK', 36290, 0),
(36457, 'KARTASURA', 36290, 0),
(36471, 'PRACIMANTORO', 36470, 0),
(36490, 'GIRITONTRO', 36470, 0),
(36498, 'GIRIWOYO', 36470, 0),
(36515, 'BATUWARNO', 36470, 0),
(36524, 'TIRTOMOYO', 36470, 0),
(36539, 'NGUNTORONADI', 36470, 0),
(36551, 'BATURETNO', 36470, 0),
(36565, 'EROMOKO', 36470, 0),
(36581, 'WURYANTORO', 36470, 0),
(36590, 'MANYARAN', 36470, 0),
(36598, 'SELOGIRI', 36470, 0),
(36610, 'WONOGIRI', 36470, 0),
(36626, 'NGADIROJO', 36470, 0),
(36638, 'SIDOARJO', 36470, 0),
(36651, 'JATIROTO', 36470, 0),
(36667, 'KISMANTORO', 36470, 0),
(36678, 'PURWANTORO', 36470, 0),
(36694, 'BULUKERTO', 36470, 0),
(36705, 'SLOGOHIMO', 36470, 0),
(36723, 'JATISRONO', 36470, 0),
(36741, 'JATIPURNO', 36470, 0),
(36753, 'GIRIMARTO', 36470, 0),
(36768, 'KARANGTENGAH', 36470, 0),
(36774, 'PARANGGUPITO', 36470, 0),
(36783, 'PUHPELEM', 36470, 0),
(36791, 'JATIPURO', 36790, 1),
(36802, 'JATIYOSO', 36790, 1),
(36812, 'JUMAPOLO', 36790, 1),
(36825, 'JUMANTONO', 36790, 1),
(36837, 'MATESIH', 36790, 1),
(36847, 'TAWANGMANGU', 36790, 1),
(36858, 'NGARGOYOSO', 36790, 1),
(36868, 'KARANGPANDAN', 36790, 1),
(36880, 'KARANGANYAR', 36790, 1),
(36893, 'TASIKMADU', 36790, 1),
(36904, 'JATEN', 36790, 1),
(36913, 'COLOMADU', 36790, 1),
(36925, 'GONDANGREJO', 36790, 1),
(36939, 'KEBAKKRAMAT', 36790, 1),
(36950, 'MOJOGEDANG', 36790, 1),
(36964, 'KERJO', 36790, 1),
(36975, 'JENAWI', 36790, 1),
(36986, 'KALIJAMBE', 36985, 0),
(37001, 'PLUPUH', 36985, 0),
(37018, 'MASARAN', 36985, 0),
(37032, 'KEDAWUNG', 36985, 0),
(37043, 'SAMBIREJO', 36985, 0),
(37053, 'GONDANG', 36985, 0),
(37063, 'SAMBUNGMACAN', 36985, 0),
(37073, 'NGRAMPAL', 36985, 0),
(37082, 'KARANGMALANG', 36985, 0),
(37093, 'SRAGEN', 36985, 0),
(37102, 'SIDOHARJO', 36985, 0),
(37115, 'TANON', 36985, 0),
(37132, 'GEMOLONG', 36985, 0),
(37147, 'MIRI', 36985, 0),
(37158, 'SUMBERLAWANG', 36985, 0),
(37170, 'MONDOKAN', 36985, 0),
(37180, 'SUKODONO', 36985, 0),
(37190, 'GESI', 36985, 0),
(37198, 'TANGEN', 36985, 0),
(37206, 'JENAR', 36985, 0),
(37215, 'KEDUNGJATI', 37214, 0),
(37228, 'KARANGRAYUNG', 37214, 0),
(37248, 'PENAWANGAN', 37214, 0),
(37269, 'TOROH', 37214, 0),
(37286, 'GEYER', 37214, 0),
(37300, 'PULOKULON', 37214, 0),
(37314, 'KRADENAN', 37214, 0),
(37329, 'GABUS', 37214, 0),
(37344, 'NGARINGAN', 37214, 0),
(37357, 'WIROSARI', 37214, 0),
(37372, 'TAWANGHARJO', 37214, 0),
(37383, 'GROBOGAN', 37214, 0),
(37396, 'PURWODADI', 37214, 0),
(37414, 'BRATI', 37214, 0),
(37424, 'KLAMBU', 37214, 0),
(37434, 'GODONG', 37214, 0),
(37463, 'GUBUG', 37214, 0),
(37485, 'TEGOWANU', 37214, 0),
(37504, 'TANGGUNGHARJO', 37214, 0),
(37515, 'JATI', 37514, 0),
(37528, 'RANDUBLATUNG', 37514, 0),
(37547, 'KRADENAN', 37514, 0),
(37558, 'KEDUNGTUBAN', 37514, 0),
(37576, 'CEPU', 37514, 0),
(37594, 'SAMBONG', 37514, 0),
(37605, 'JIKEN', 37514, 0),
(37617, 'JEPON', 37514, 0),
(37643, 'BLORA', 37514, 0),
(37672, 'TUNJUNGAN', 37514, 0),
(37688, 'BANJAREJO', 37514, 0),
(37709, 'NGAWEN', 37514, 0),
(37739, 'KUNDURAN', 37514, 0),
(37766, 'TODANAN', 37514, 0),
(37792, 'BOGOREJO', 37514, 0),
(37807, 'JAPAH', 37514, 0),
(37827, 'SUMBER', 37826, 0),
(37846, 'BULU', 37826, 0),
(37863, 'GUNEM', 37826, 0),
(37880, 'SALE', 37826, 0),
(37896, 'SARANG', 37826, 0),
(37920, 'SEDAN', 37826, 0),
(37942, 'PAMOTAN', 37826, 0),
(37966, 'SULANG', 37826, 0),
(37988, 'KALIORI', 37826, 0),
(38012, 'REMBANG', 37826, 0),
(38048, 'PANCUR', 37826, 0),
(38072, 'KRAGAN', 37826, 0),
(38100, 'SLUKE', 37826, 0),
(38115, 'LASEM', 37826, 0),
(38137, 'SUKOLILO', 38136, 0),
(38154, 'KAYEN', 38136, 0),
(38172, 'TAMBAKROMO', 38136, 0),
(38191, 'WINONG', 38136, 0),
(38222, 'PUCAKWANGI', 38136, 0),
(38243, 'JAKEN', 38136, 0),
(38265, 'BATANGAN', 38136, 0),
(38284, 'JUWANA', 38136, 0),
(38314, 'JAKENAN', 38136, 0),
(38338, 'PATI', 38136, 0),
(38368, 'GABUS', 38136, 0),
(38393, 'MARGOREJO', 38136, 0),
(38412, 'GEMBONG', 38136, 0),
(38424, 'TLOGOWUNGU', 38136, 0),
(38440, 'WEDARIJAKSA', 38136, 0),
(38459, 'MARGOYOSO', 38136, 0),
(38482, 'GUNUNGWUNGKAL', 38136, 0),
(38498, 'CLUWAK', 38136, 0),
(38512, 'TAYU', 38136, 0),
(38534, 'DUKUHSETI', 38136, 0),
(38547, 'TRANGKIL', 38136, 0),
(38565, 'KALIWUNGU', 38564, 0),
(38581, 'KUDUS', 38564, 0),
(38607, 'JATI', 38564, 0),
(38622, 'UNDAAN', 38564, 0),
(38639, 'MEJOBO', 38564, 0),
(38651, 'JEKULO', 38564, 0),
(38664, 'BAE', 38564, 0),
(38675, 'GEBOG', 38564, 0),
(38687, 'DAWE', 38564, 0),
(38707, 'KEDUNG', 38706, 0),
(38726, 'PECANGAAN', 38706, 0),
(38739, 'WELAHAN', 38706, 0),
(38755, 'MAYONG', 38706, 0),
(38774, 'BATEALIT', 38706, 0),
(38786, 'JEPARA', 38706, 0),
(38803, 'MLONGGO', 38706, 0),
(38812, 'BANGSRI', 38706, 0),
(38825, 'KELING', 38706, 0),
(38838, 'KARIMUN JAWA', 38706, 0),
(38842, 'TAHUNAN', 38706, 0),
(38858, 'NALUMSARI', 38706, 0),
(38874, 'KALINYAMATAN', 38706, 0),
(38887, 'KEMBANG', 38706, 0),
(38899, 'DONOROJO', 38706, 0),
(38908, 'PAKIS AJI', 38706, 0),
(38918, 'MRANGGEN', 38917, 0),
(38938, 'KARANGAWEN', 38917, 1),
(38951, 'GUNTUR', 38917, 1),
(38972, 'SAYUNG', 38917, 1),
(38993, 'KARANGTENGAH', 38917, 1),
(39011, 'WONOSALAM', 38917, 1),
(39033, 'DEMPET', 38917, 1),
(39050, 'GAJAH', 38917, 1),
(39069, 'KARANGANYAR', 38917, 1),
(39087, 'MIJEN', 38917, 1),
(39103, 'DEMAK', 38917, 1),
(39123, 'BONANG', 38917, 1),
(39145, 'WEDUNG', 38917, 0),
(39166, 'KEBONAGUNG', 38917, 1),
(39182, 'GETASAN', 39181, 0),
(39196, 'TENGARAN', 39181, 0),
(39212, 'SUSUKAN', 39181, 0),
(39226, 'SURUH', 39181, 0),
(39244, 'PABELAN', 39181, 0),
(39262, 'TUNTANG', 39181, 0),
(39279, 'BANYUBIRU', 39181, 0),
(39290, 'JAMBU', 39181, 0),
(39301, 'SUMOWONO', 39181, 0),
(39318, 'AMBARAWA', 39181, 0),
(39329, 'BAWEN', 39181, 0),
(39339, 'BRINGIN', 39181, 0),
(39356, 'BERGAS', 39181, 0),
(39370, 'PRINGAPUS', 39181, 0),
(39380, 'BANCAK', 39181, 0),
(39390, 'KALIWUNGU', 39181, 0),
(39402, 'UNGARAN BARAT', 39181, 0),
(39414, 'UNGARAN TIMUR', 39181, 0),
(39425, 'BANDUNGAN', 39181, 0),
(39437, 'BULU', 39436, 1),
(39457, 'TEMBARAK', 39436, 1),
(39471, 'TEMANGGUNG', 39436, 1),
(39497, 'PRINGSURAT', 39436, 1),
(39512, 'KALORAN', 39436, 1),
(39527, 'KANDANGAN', 39436, 1),
(39544, 'KEDU', 39436, 1),
(39559, 'PARAKAN', 39436, 1),
(39576, 'NGADIREJO', 39436, 1),
(39597, 'JUMO', 39436, 1),
(39611, 'TRETEP', 39436, 1),
(39623, 'CANDIROTO', 39436, 1),
(39638, 'KRANGGAN', 39436, 1),
(39652, 'TLOGOMULYO', 39436, 1),
(39665, 'SELOPAMPANG', 39436, 1),
(39678, 'BANSARI', 39436, 1),
(39692, 'KLEDUNG', 39436, 1),
(39706, 'BEJEN', 39436, 1),
(39721, 'WONOBOYO', 39436, 1),
(39735, 'GEMAWANG', 39436, 1),
(39747, 'PLANTUNGAN', 39746, 0),
(39760, 'PAGERUYUNG', 39746, 0),
(39775, 'SUKOREJO', 39746, 0),
(39794, 'PATEAN', 39746, 0),
(39809, 'SINGOROJO', 39746, 0),
(39823, 'LIMBANGAN', 39746, 0),
(39840, 'BOJA', 39746, 0),
(39859, 'KALIWUNGU', 39746, 0),
(39869, 'BRANGSONG', 39746, 0),
(39882, 'PEGANDON', 39746, 0),
(39895, 'GEMUH', 39746, 0),
(39912, 'WELERI', 39746, 0),
(39929, 'CEPIRING', 39746, 0),
(39945, 'PATEBON', 39746, 0),
(39964, 'KENDAL', 39746, 0),
(39985, 'ROWOSARI', 39746, 0),
(40002, 'KANGKUNG', 39746, 0),
(40018, 'RINGINARUM', 39746, 0),
(40031, 'NGAMPEL', 39746, 0),
(40044, 'KALIWUNGU SELATAN', 39746, 0),
(40054, 'WONOTUNGGAL', 40053, 0),
(40070, 'BANDAR', 40053, 0),
(40088, 'BLADO', 40053, 0),
(40107, 'REBAN', 40053, 0),
(40127, 'BAWANG', 40053, 0),
(40148, 'TERSONO', 40053, 0),
(40169, 'GRINGSING', 40053, 0),
(40185, 'LIMPUNG', 40053, 0),
(40203, 'SUBAH', 40053, 0),
(40221, 'TULIS', 40053, 0),
(40239, 'BATANG', 40053, 0),
(40261, 'WARUNGASEM', 40053, 0),
(40280, 'KANDEMAN', 40053, 0),
(40294, 'PECALUNGAN', 40053, 0),
(40305, 'BANYUPUTIH', 40053, 0),
(40318, 'KANDANGSERANG', 40317, 0),
(40333, 'PANINGGARAN', 40317, 1),
(40349, 'LEBAKBARANG', 40317, 0),
(40361, 'PETUNGKRIYONO', 40317, 1),
(40371, 'TALUN', 40317, 1),
(40382, 'DORO', 40317, 0),
(40397, 'KARANGANYAR', 40317, 0),
(40413, 'KAJEN', 40317, 0),
(40439, 'KESESI', 40317, 0),
(40463, 'SRAGI', 40317, 1),
(40481, 'BOJONG', 40317, 0),
(40504, 'WONOPRINGGO', 40317, 0),
(40519, 'KEDUNGWUNI', 40317, 0),
(40539, 'BUARAN', 40317, 0),
(40550, 'TIRTO', 40317, 1),
(40567, 'WIRADESA', 40317, 1),
(40584, 'SIWALAN', 40317, 0),
(40598, 'KARANGDADAP', 40317, 0),
(40610, 'WONOKERTO', 40317, 0),
(40623, 'MOGA', 40622, 0),
(40634, 'PULOSARI', 40622, 0),
(40647, 'BELIK', 40622, 0),
(40660, 'WATUKUMPUL', 40622, 0),
(40676, 'BODEH', 40622, 0),
(40696, 'BANTARBOLANG', 40622, 0),
(40714, 'RANDUDONGKAL', 40622, 0),
(40733, 'PEMALANG', 40622, 0),
(40754, 'TAMAN', 40622, 0),
(40776, 'PETARUKAN', 40622, 0),
(40797, 'AMPELGADING', 40622, 0),
(40814, 'COMAL', 40622, 0),
(40833, 'ULUJAMI', 40622, 0),
(40852, 'WARUNGPRING', 40622, 0),
(40860, 'MARGASARI', 40859, 0),
(40874, 'BUMIJAWA', 40859, 0),
(40893, 'BOJONG', 40859, 0),
(40911, 'BALAPULANG', 40859, 0),
(40932, 'PAGERBARANG', 40859, 0),
(40946, 'LEBAKSIU', 40859, 0),
(40962, 'JATINEGARA', 40859, 0),
(40980, 'KEDUNGBANTENG', 40859, 0),
(40991, 'PANGKAH', 40859, 0),
(41015, 'SLAWI', 40859, 0),
(41026, 'ADIWERNA', 40859, 0),
(41048, 'TALANG', 40859, 0),
(41068, 'DUKUHTURI', 40859, 0),
(41087, 'TARUB', 40859, 0),
(41108, 'KRAMAT', 40859, 0),
(41129, 'SURADADI', 40859, 0),
(41141, 'WARUREJA', 40859, 0),
(41154, 'DUKUHWARU', 40859, 0),
(41166, 'SALEM', 41165, 0),
(41188, 'BANTARKAWUNG', 41165, 1),
(41207, 'BUMIAYU', 41165, 1),
(41223, 'PAGUYANGAN', 41165, 0),
(41236, 'SIRAMPOG', 41165, 1),
(41250, 'TONJONG', 41165, 0),
(41265, 'JATIBARANG', 41165, 1),
(41288, 'WANASARI', 41165, 1),
(41309, 'BREBES', 41165, 0),
(41333, 'SONGGOM', 41165, 1),
(41344, 'KERSANA', 41165, 1),
(41358, 'LOSARI', 41165, 1),
(41381, 'TANJUNG', 41165, 1),
(41400, 'BULAKAMBA', 41165, 0),
(41420, 'LARANGAN', 41165, 0),
(41432, 'KETANGGUNGAN', 41165, 1),
(41454, 'BANJARHARJO', 41165, 1),
(41481, 'MAGELANG SELATAN', 41480, 0),
(41488, 'MAGELANG UTARA', 41480, 0),
(41494, 'MAGELANG TENGAH', 41480, 0),
(41502, 'LAWEYAN', 41501, 1),
(41514, 'SERENGAN', 41501, 1),
(41522, 'PASAR KLIWON', 41501, 1),
(41532, 'JEBRES', 41501, 1),
(41544, 'BANJARSARI', 41501, 1),
(41559, 'SIDOREJO', 41558, 0),
(41566, 'TINGKIR', 41558, 0),
(41573, 'ARGOMULYO', 41558, 0),
(41580, 'SIDOMUKTI', 41558, 0),
(41586, 'SEMARANG TENGAH', 41585, 0),
(41602, 'SEMARANG UTARA', 41585, 0),
(41612, 'SEMARANG TIMUR', 41585, 0),
(41623, 'GAYAM SARI', 41585, 0),
(41631, 'GENUK', 41585, 0),
(41645, 'PEDURUNGAN', 41585, 0),
(41658, 'SEMARANG SELATAN', 41585, 0),
(41669, 'CANDISARI', 41585, 0),
(41677, 'GAJAH MUNGKUR', 41585, 0),
(41686, 'TEMBALANG', 41585, 0),
(41699, 'BANYUMANIK', 41585, 0),
(41711, 'GUNUNGPATI', 41585, 0),
(41728, 'SEMARANG BARAT', 41585, 0),
(41745, 'MIJEN', 41585, 0),
(41760, 'NGALIYAN', 41585, 0),
(41771, 'TUGU', 41585, 0),
(41780, 'PEKALONGAN BARAT', 41779, 1),
(41794, 'PEKALONGAN TIMUR', 41779, 1),
(41808, 'PEKALONGAN UTARA', 41779, 1),
(41819, 'PEKALONGAN SELATAN', 41779, 1),
(41832, 'TEGAL BARAT', 41831, 0),
(41840, 'TEGAL TIMUR', 41831, 0),
(41846, 'TEGAL SELATAN', 41831, 0),
(41855, 'MARGADANA', 41831, 1),
(41865, 'TEMON', 41864, 0),
(41881, 'WATES', 41864, 0),
(41890, 'PANJATAN', 41864, 0),
(41902, 'GALUR', 41864, 0),
(41910, 'LENDAH', 41864, 0),
(41917, 'SENTOLO', 41864, 0),
(41926, 'PENGASIH', 41864, 0),
(41934, 'KOKAP', 41864, 0),
(41940, 'GIRIMULYO', 41864, 0),
(41945, 'NANGGULAN', 41864, 0),
(41952, 'SAMIGALUH', 41864, 0),
(41960, 'KALIBAWANG', 41864, 0),
(41966, 'SRANDAKAN', 41965, 0),
(41969, 'SANDEN', 41965, 0),
(41974, 'KRETEK', 41965, 0),
(41980, 'PUNDONG', 41965, 0),
(41984, 'BAMBANGLIPURO', 41965, 0),
(41988, 'PANDAK', 41965, 0),
(41993, 'PAJANGAN', 41965, 0),
(41997, 'BANTUL', 41965, 0),
(42003, 'JETIS', 41965, 0),
(42008, 'IMOGIRI', 41965, 0),
(42017, 'DLINGO', 41965, 0),
(42024, 'BANGUNTAPAN', 41965, 0),
(42033, 'PLERET', 41965, 0),
(42039, 'PIYUNGAN', 41965, 0),
(42043, 'SEWON', 41965, 0),
(42048, 'KASIHAN', 41965, 0),
(42053, 'SEDAYU', 41965, 0),
(42059, 'WONOSARI', 42058, 0),
(42074, 'NGLIPAR', 42058, 0),
(42082, 'PLAYEN', 42058, 0),
(42096, 'PATUK', 42058, 0),
(42108, 'PALIYAN', 42058, 0),
(42116, 'PANGGANG', 42058, 0),
(42123, 'TEPUS', 42058, 0),
(42129, 'SEMANU', 42058, 0),
(42135, 'KARANGMOJO', 42058, 0),
(42145, 'PONJONG', 42058, 0),
(42157, 'RONGKOP', 42058, 0),
(42166, 'SEMIN', 42058, 0),
(42177, 'NGAWEN', 42058, 0),
(42184, 'GEDANGSARI', 42058, 0),
(42192, 'SAPTOSARI', 42058, 0),
(42200, 'GIRISUBO', 42058, 0),
(42209, 'TANJUNGSARI', 42058, 0),
(42215, 'PURWOSARI', 42058, 0),
(42222, 'GAMPING', 42221, 1),
(42228, 'GODEAN', 42221, 1),
(42236, 'MOYUDAN', 42221, 1),
(42241, 'MINGGIR', 42221, 1),
(42247, 'SEYEGAN', 42221, 0),
(42253, 'MLATI', 42221, 1),
(42259, 'DEPOK', 42221, 0),
(42263, 'BERBAH', 42221, 0),
(42268, 'PRAMBANAN', 42221, 0),
(42275, 'KALASAN', 42221, 0),
(42280, 'NGEMPLAK', 42221, 0),
(42286, 'NGAGLIK', 42221, 1),
(42293, 'SLEMAN', 42221, 1),
(42299, 'TEMPEL', 42221, 1),
(42308, 'TURI', 42221, 1),
(42313, 'PAKEM', 42221, 1),
(42319, 'CANGKRINGAN', 42221, 0),
(42326, 'TEGALREJO', 42325, 0),
(42331, 'JETIS', 42325, 0),
(42335, 'GONDOKUSUMAN', 42325, 0),
(42341, 'DANUREJAN', 42325, 0),
(42345, 'GEDONGTENGEN', 42325, 0),
(42348, 'NGAMPILAN', 42325, 0),
(42351, 'WIROBRAJAN', 42325, 0),
(42355, 'MANTRIJERON', 42325, 0),
(42359, 'KRATON', 42325, 0),
(42363, 'GONDOMANAN', 42325, 0),
(42366, 'PAKUALAMAN', 42325, 0),
(42369, 'MERGANGSAN', 42325, 0),
(42373, 'UMBULHARJO', 42325, 0),
(42381, 'KOTAGEDE', 42325, 0),
(42387, 'DONOROJO', 42386, 1),
(42400, 'PRINGKUKU', 42386, 1),
(42414, 'PUNUNG', 42386, 1),
(42428, 'PACITAN', 42386, 1),
(42454, 'KEBONAGUNG', 42386, 1),
(42474, 'ARJOSARI', 42386, 1),
(42492, 'NAWANGAN', 42386, 1),
(42502, 'BANDAR', 42386, 1),
(42511, 'TEGALOMBO', 42386, 1),
(42523, 'TULAKAN', 42386, 1),
(42540, 'NGADIROJO', 42386, 1),
(42559, 'SUDIMORO', 42386, 1),
(42571, 'SLAHUNG', 42570, 1),
(42594, 'NGRAYUN', 42570, 1),
(42606, 'BUNGKAL', 42570, 0),
(42626, 'SAMBIT', 42570, 0),
(42642, 'SAWOO', 42570, 1),
(42657, 'SOOKO', 42570, 0),
(42664, 'PULUNG', 42570, 0),
(42683, 'MLARAK', 42570, 0),
(42699, 'JETIS', 42570, 0),
(42714, 'SIMAN', 42570, 0),
(42733, 'BALONG', 42570, 0),
(42754, 'KAUMAN', 42570, 0),
(42771, 'BADEGAN', 42570, 0),
(42782, 'SAMPUNG', 42570, 0),
(42794, 'SUKOREJO', 42570, 1),
(42813, 'BABADAN', 42570, 1),
(42829, 'PONOROGO', 42570, 1),
(42849, 'JENANGAN', 42570, 0),
(42867, 'NGEBEL', 42570, 0),
(42876, 'JAMBON', 42570, 0),
(42890, 'PUDAK', 42570, 0),
(42898, 'PANGGUL', 42897, 1),
(42916, 'MUNJUNGAN', 42897, 1),
(42928, 'PULE', 42897, 0),
(42939, 'DONGKO', 42897, 1),
(42950, 'TUGU', 42897, 0),
(42966, 'KARANGAN', 42897, 1),
(42979, 'KAMPAK', 42897, 1),
(42987, 'WATULIMO', 42897, 1),
(43000, 'BENDUNGAN', 42897, 1),
(43009, 'GANDUSARI', 42897, 0),
(43021, 'TRENGGALEK', 42897, 1),
(43035, 'POGALAN', 42897, 0),
(43046, 'DURENAN', 42897, 1),
(43061, 'SURUH', 42897, 1),
(43070, 'TULUNGAGUNG', 43069, 0),
(43085, 'BOYOLANGU', 43069, 0),
(43103, 'KEDUNGWARU', 43069, 0),
(43123, 'NGANTRU', 43069, 0),
(43137, 'KAUMAN', 43069, 0),
(43151, 'PAGERWOJO', 43069, 0),
(43163, 'SENDANG', 43069, 0),
(43175, 'KARANGREJO', 43069, 0),
(43189, 'GONDANG', 43069, 0),
(43210, 'SUMBERGEMPOL', 43069, 0),
(43228, 'NGUNUT', 43069, 0),
(43247, 'PUCANGLABAN', 43069, 0),
(43257, 'REJOTANGAN', 43069, 0),
(43274, 'KALIDAWIR', 43069, 0),
(43292, 'BESUKI', 43069, 0),
(43303, 'CAMPURDARAT', 43069, 0),
(43313, 'BANDUNG', 43069, 0),
(43332, 'PAKEL', 43069, 0),
(43352, 'TANGGUNGGUNUNG', 43069, 0),
(43361, 'WONODADI', 43360, 0),
(43373, 'UDANAWU', 43360, 0),
(43386, 'SRENGAT', 43360, 0),
(43402, 'KADEMANGAN', 43360, 0),
(43418, 'BAKUNG', 43360, 0),
(43430, 'PONGGOK', 43360, 0),
(43446, 'SANANKULON', 43360, 0),
(43459, 'WONOTIRTO', 43360, 0),
(43468, 'NGLEGOK', 43360, 0),
(43480, 'KANIGORO', 43360, 0),
(43493, 'GARUM', 43360, 0),
(43503, 'SUTOJAYAN', 43360, 0),
(43515, 'PANGGUNGREJO', 43360, 0),
(43526, 'TALUN', 43360, 0),
(43541, 'GANDUSARI', 43360, 0),
(43556, 'BINANGUN', 43360, 0),
(43569, 'WLINGI', 43360, 0),
(43579, 'DOKO', 43360, 0),
(43590, 'KESAMBEN', 43360, 0),
(43601, 'WATES', 43360, 0),
(43610, 'SELOREJO', 43360, 0),
(43621, 'SELOPURO', 43360, 0),
(43631, 'SEMEN', 43630, 0),
(43644, 'MOJO', 43630, 0),
(43665, 'KRAS', 43630, 0),
(43682, 'NGADILUWIH', 43630, 0),
(43699, 'KANDAT', 43630, 0),
(43712, 'WATES', 43630, 0),
(43724, 'NGANCAR', 43630, 0),
(43735, 'PUNCU', 43630, 0),
(43744, 'PLOSOKLATEN', 43630, 0),
(43760, 'GURAH', 43630, 0),
(43782, 'PAGU', 43630, 0),
(43796, 'GAMPENGREJO', 43630, 0),
(43808, 'GROGOL', 43630, 0),
(43818, 'PAPAR', 43630, 0),
(43836, 'PURWOASRI', 43630, 0),
(43860, 'PLEMAHAN', 43630, 0),
(43878, 'PARE', 43630, 0),
(43888, 'KEPUNG', 43630, 0),
(43899, 'KANDANGAN', 43630, 0),
(43912, 'TAROKAN', 43630, 0),
(43923, 'KUNJANG', 43630, 0),
(43936, 'BANYAKAN', 43630, 0),
(43946, 'RINGINREJO', 43630, 0),
(43958, 'KAYEN KIDUL', 43630, 0),
(43971, 'NGASEM', 43630, 0),
(43984, 'BADAS', 43630, 0),
(43994, 'DONOMULYO', 43993, 0),
(44005, 'PAGAK', 43993, 0),
(44014, 'BANTUR', 43993, 0),
(44025, 'SUMBERMANJING WETAN', 43993, 0),
(44041, 'DAMPIT', 43993, 0),
(44054, 'AMPELGADING', 43993, 0),
(44068, 'PONCOKUSUMO', 43993, 0),
(44086, 'WAJAK', 43993, 0),
(44100, 'TUREN', 43993, 0),
(44118, 'GONDANGLEGI', 43993, 0),
(44133, 'KALIPARE', 43993, 0),
(44143, 'SUMBERPUCUNG', 43993, 0),
(44151, 'KEPANJEN', 43993, 0),
(44170, 'BULULAWANG', 43993, 0),
(44185, 'TAJINAN', 43993, 0),
(44198, 'TUMPANG', 43993, 0),
(44214, 'JABUNG', 43993, 0),
(44230, 'PAKIS', 43993, 0),
(44246, 'PAKISAJI', 43993, 0),
(44259, 'NGAJUNG', 43993, 0),
(44269, 'WAGIR', 43993, 0),
(44282, 'DAU', 43993, 0),
(44293, 'KARANG PLOSO', 43993, 0),
(44303, 'SINGOSARI', 43993, 0),
(44321, 'LAWANG', 43993, 0),
(44334, 'PUJON', 43993, 0),
(44345, 'NGANTANG', 43993, 0),
(44359, 'KASEMBON', 43993, 0),
(44366, 'GEDANGAN', 43993, 0),
(44375, 'TIRTOYUDO', 43993, 0),
(44389, 'KROMENGAN', 43993, 0),
(44397, 'WONOSARI', 43993, 0),
(44406, 'PAGELARAN', 43993, 0),
(44418, 'TEMPURSARI', 44417, 0),
(44426, 'PRONOJIWO', 44417, 0),
(44433, 'CANDIPURO', 44417, 0),
(44444, 'PASIRIAN', 44417, 0),
(44456, 'TEMPEH', 44417, 0),
(44470, 'KUNIR', 44417, 0),
(44482, 'YOSOWILANGUN', 44417, 0),
(44494, 'ROWOKANGKUNG', 44417, 0),
(44502, 'TEKUNG', 44417, 0),
(44511, 'LUMAJANG', 44417, 0),
(44524, 'PASRUJAMBE', 44417, 0),
(44532, 'SENDURO', 44417, 0),
(44545, 'GUCIALIT', 44417, 0),
(44555, 'PADANG', 44417, 0),
(44565, 'SUKODONO', 44417, 0),
(44576, 'KEDUNGJAJANG', 44417, 0),
(44589, 'JATIROTO', 44417, 0),
(44596, 'RANDUAGUNG', 44417, 0),
(44609, 'KLAKAH', 44417, 0);
INSERT INTO `t_kecamatan` (`IDKecamatan`, `Nama`, `IDKabupaten`, `StatusSearch`) VALUES
(44622, 'RANUYOSO', 44417, 0),
(44634, 'SUMBERSUKO', 44417, 0),
(44644, 'JOMBANG', 44643, 0),
(44651, 'KENCONG', 44643, 0),
(44657, 'SUMBERBARU', 44643, 0),
(44668, 'GUMUKMAS', 44643, 0),
(44677, 'UMBULSARI', 44643, 0),
(44688, 'TANGGUL', 44643, 0),
(44697, 'SEMBORO', 44643, 0),
(44704, 'PUGER', 44643, 0),
(44717, 'BANGSALSARI', 44643, 0),
(44729, 'BALUNG', 44643, 0),
(44738, 'WULUHAN', 44643, 0),
(44746, 'AMBULU', 44643, 0),
(44754, 'RAMBIPUJI', 44643, 0),
(44763, 'PANTI', 44643, 0),
(44771, 'SUKORAMBI', 44643, 0),
(44777, 'JENGGAWAH', 44643, 0),
(44786, 'AJUNG', 44643, 0),
(44794, 'TEMPUREJO', 44643, 0),
(44803, 'KALIWATES', 44643, 0),
(44811, 'PATRANG', 44643, 0),
(44820, 'SUMBERSARI', 44643, 0),
(44828, 'ARJASA', 44643, 0),
(44835, 'MUMBULSARI', 44643, 0),
(44843, 'PAKUSARI', 44643, 0),
(44851, 'JELBUK', 44643, 0),
(44858, 'MAYANG', 44643, 0),
(44866, 'KALISAT', 44643, 0),
(44879, 'LEDOKOMBO', 44643, 0),
(44890, 'SUKOWONO', 44643, 0),
(44903, 'SILO', 44643, 0),
(44913, 'SUMBERJAMBE', 44643, 0),
(44924, 'PESANGGARAN', 44923, 0),
(44930, 'BANGOREJO', 44923, 0),
(44938, 'PURWOHARJO', 44923, 0),
(44947, 'TEGALDLIMO', 44923, 0),
(44957, 'MUNCAR', 44923, 0),
(44968, 'CLURING', 44923, 0),
(44978, 'GAMBIRAN', 44923, 0),
(44985, 'SRONO', 44923, 0),
(44996, 'GENTENG', 44923, 0),
(45002, 'GLENMORE', 44923, 0),
(45010, 'KALIBARU', 44923, 0),
(45017, 'SINGOJURUH', 44923, 0),
(45029, 'ROGOJAMPI', 44923, 0),
(45048, 'KABAT', 44923, 0),
(45065, 'GLAGAH', 44923, 0),
(45076, 'BANYUWANGI', 44923, 0),
(45095, 'GIRI', 44923, 0),
(45102, 'WONGSOREJO', 44923, 0),
(45115, 'SONGGON', 44923, 0),
(45125, 'SEMPU', 44923, 0),
(45133, 'KALIPURO', 44923, 0),
(45143, 'SILIRAGUNG', 44923, 0),
(45149, 'TEGALSARI', 44923, 0),
(45156, 'LICIN', 44923, 0),
(45166, 'MAESAN', 45165, 0),
(45179, 'TAMANAN', 45165, 0),
(45189, 'TLOGOSARI', 45165, 0),
(45200, 'SUKOSARI', 45165, 0),
(45205, 'PUJER', 45165, 0),
(45217, 'GRUJUGAN', 45165, 0),
(45229, 'CURAHDAMI', 45165, 0),
(45242, 'TENGGARANG', 45165, 0),
(45255, 'WONOSARI', 45165, 0),
(45268, 'TAPEN', 45165, 0),
(45278, 'BONDOWOSO', 45165, 0),
(45290, 'WRINGIN', 45165, 0),
(45304, 'TEGALAMPEL', 45165, 0),
(45313, 'KLABANG', 45165, 0),
(45325, 'CERMEE', 45165, 0),
(45340, 'PRAJEKAN', 45165, 0),
(45348, 'PAKEM', 45165, 0),
(45357, 'SUMBERWRINGIN', 45165, 0),
(45364, 'SEMPOL', 45165, 0),
(45371, 'BINAKAL', 45165, 0),
(45380, 'TAMAN KROCOK', 45165, 0),
(45388, 'JAMBESARI DARUS SHOLAH', 45165, 0),
(45398, 'BOTOLINGGO', 45165, 0),
(45408, 'JATIBANTENG', 45407, 1),
(45417, 'BESUKI', 45407, 1),
(45428, 'SUBOH', 45407, 1),
(45437, 'MLANDINGAN', 45407, 1),
(45445, 'KENDIT', 45407, 1),
(45453, 'PANARUKAN', 45407, 1),
(45462, 'SITUBONDO', 45407, 1),
(45469, 'PANJI', 45407, 1),
(45482, 'MANGARAN', 45407, 1),
(45489, 'KAPONGAN', 45407, 1),
(45500, 'ARJASA', 45407, 1),
(45509, 'JANGKAR', 45407, 1),
(45518, 'ASEMBAGUS', 45407, 1),
(45529, 'BANYUPUTIH', 45407, 1),
(45535, 'SUMBERMALANG', 45407, 1),
(45545, 'BANYUGLUGUR', 45407, 1),
(45553, 'BUNGATAN', 45407, 1),
(45562, 'SUKAPURA', 45561, 1),
(45575, 'SUMBER', 45561, 1),
(45585, 'KURIPAN', 45561, 1),
(45593, 'BANTARAN', 45561, 0),
(45604, 'LECES', 45561, 1),
(45615, 'BANYUANYAR', 45561, 1),
(45630, 'TIRIS', 45561, 1),
(45647, 'KRUCIL', 45561, 1),
(45662, 'GADING', 45561, 0),
(45682, 'PAKUNIRAN', 45561, 1),
(45700, 'KOTAANYAR', 45561, 1),
(45714, 'PAITON', 45561, 1),
(45735, 'BESUK', 45561, 1),
(45753, 'KRAKSAAN', 45561, 1),
(45772, 'KREJENGAN', 45561, 1),
(45790, 'PAJARAKAN', 45561, 1),
(45803, 'MARON', 45561, 1),
(45822, 'GENDING', 45561, 0),
(45836, 'DRINGU', 45561, 1),
(45851, 'TEGALSIWALAN', 45561, 1),
(45864, 'SUMBERASIH', 45561, 1),
(45878, 'WONOMERTO', 45561, 1),
(45890, 'TONGAS', 45561, 1),
(45905, 'LUMBANG', 45561, 1),
(45917, 'PURWODADI', 45916, 0),
(45931, 'TUTUR', 45916, 0),
(45944, 'PUSPO', 45916, 0),
(45952, 'LUMBANG', 45916, 0),
(45965, 'PASREPAN', 45916, 0),
(45983, 'KEJAYAN', 45916, 0),
(46009, 'WONOREJO', 45916, 0),
(46025, 'PURWOSARI', 45916, 0),
(46041, 'SUKOREJO', 45916, 0),
(46061, 'PRIGEN', 45916, 0),
(46076, 'PANDAAN', 45916, 0),
(46095, 'GEMPOL', 45916, 0),
(46111, 'BEJI', 45916, 0),
(46126, 'BANGIL', 45916, 0),
(46142, 'REMBANG', 45916, 0),
(46160, 'KRATON', 45916, 0),
(46186, 'POHJENTREK', 45916, 0),
(46196, 'GONDANGWETAN', 45916, 0),
(46217, 'WINONGAN', 45916, 0),
(46236, 'GRATI', 45916, 0),
(46252, 'NGULING', 45916, 0),
(46268, 'LEKOK', 45916, 0),
(46280, 'REJOSO', 45916, 0),
(46297, 'TOSARI', 45916, 0),
(46307, 'TARIK', 46306, 0),
(46328, 'PRAMBON', 46306, 0),
(46349, 'KREMBUNG', 46306, 0),
(46369, 'PORONG', 46306, 0),
(46389, 'JABON', 46306, 0),
(46405, 'TANGGULANGIN', 46306, 0),
(46425, 'CANDI', 46306, 0),
(46450, 'SIDOARJO', 46306, 0),
(46475, 'TULANGAN', 46306, 0),
(46498, 'WONOAYU', 46306, 0),
(46522, 'KRIAN', 46306, 0),
(46545, 'BALONGBENDO', 46306, 0),
(46566, 'TAMAN', 46306, 0),
(46591, 'SUKODONO', 46306, 0),
(46611, 'BUDURAN', 46306, 0),
(46627, 'GEDANGAN', 46306, 0),
(46643, 'SEDATI', 46306, 0),
(46660, 'WARU', 46306, 0),
(46679, 'JATIREJO', 46678, 1),
(46699, 'GONDANG', 46678, 1),
(46718, 'PACET', 46678, 1),
(46739, 'TRAWAS', 46678, 1),
(46753, 'NGORO', 46678, 1),
(46773, 'PUNGGING', 46678, 1),
(46793, 'KUTOREJO', 46678, 1),
(46811, 'MOJOSARI', 46678, 0),
(46831, 'DLANGGU', 46678, 1),
(46848, 'BANGSAL', 46678, 1),
(46866, 'PURI', 46678, 1),
(46883, 'TROWULAN', 46678, 1),
(46900, 'SOOKO', 46678, 1),
(46916, 'GEDEG', 46678, 1),
(46931, 'KEMLAGI', 46678, 1),
(46952, 'JETIS', 46678, 1),
(46969, 'DAWARBLANDONG', 46678, 1),
(46988, 'MOJOANYAR', 46678, 1),
(47002, 'PERAK', 47001, 0),
(47016, 'GUDO', 47001, 1),
(47035, 'NGORO', 47001, 0),
(47049, 'BARENG', 47001, 1),
(47063, 'WONOSALAM', 47001, 0),
(47073, 'MOJOAGUNG', 47001, 0),
(47092, 'MOJOWARNO', 47001, 1),
(47112, 'DIWEK', 47001, 0),
(47133, 'JOMBANG', 47001, 1),
(47154, 'PETERONGAN', 47001, 0),
(47169, 'SUMOBITO', 47001, 0),
(47191, 'KESAMBEN', 47001, 0),
(47206, 'TEMBELANG', 47001, 0),
(47222, 'PLOSO', 47001, 0),
(47236, 'PLANDAAN', 47001, 1),
(47250, 'KABUH', 47001, 0),
(47267, 'KUDU', 47001, 1),
(47279, 'BANDARKEDUNGMULYO', 47001, 0),
(47291, 'JOGOROTO', 47001, 0),
(47303, 'MEGALUH', 47001, 1),
(47317, 'NGUSIKAN', 47001, 0),
(47330, 'SAWAHAN', 47329, 1),
(47340, 'NGETOS', 47329, 1),
(47350, 'BERBEK', 47329, 1),
(47370, 'LOCERET', 47329, 1),
(47393, 'PACE', 47329, 1),
(47412, 'PRAMBON', 47329, 1),
(47427, 'NGRONGGOT', 47329, 1),
(47441, 'KERTOSONO', 47329, 1),
(47456, 'PATIANROWO', 47329, 1),
(47468, 'BARON', 47329, 1),
(47480, 'TANJUNGANOM', 47329, 1),
(47497, 'SUKOMORO', 47329, 1),
(47510, 'NGANJUK', 47329, 1),
(47526, 'BAGOR', 47329, 1),
(47548, 'WILANGAN', 47329, 1),
(47555, 'REJOSO', 47329, 1),
(47580, 'GONDANG', 47329, 1),
(47598, 'NGLUYU', 47329, 1),
(47605, 'LENGKONG', 47329, 1),
(47622, 'JATIKALEN', 47329, 1),
(47635, 'KEBONSARI', 47634, 0),
(47650, 'DOLOPO', 47634, 0),
(47663, 'GEGER', 47634, 0),
(47683, 'DAGANGAN', 47634, 0),
(47701, 'KARE', 47634, 0),
(47710, 'GEMARANG', 47634, 0),
(47718, 'WUNGU', 47634, 0),
(47733, 'MADIUN', 47634, 0),
(47747, 'JIWAN', 47634, 0),
(47762, 'BALEREJO', 47634, 0),
(47781, 'MEJAYAN', 47634, 0),
(47796, 'SARADAN', 47634, 0),
(47812, 'PILANGKENCENG', 47634, 0),
(47831, 'SAWAHAN', 47634, 0),
(47845, 'WONOASRI', 47634, 0),
(47857, 'PONCOL', 47856, 0),
(47866, 'PARANG', 47856, 0),
(47880, 'LEMBEYAN', 47856, 0),
(47891, 'TAKERAN', 47856, 0),
(47904, 'KAWEDANAN', 47856, 0),
(47925, 'MAGETAN', 47856, 0),
(47940, 'PLAOSAN', 47856, 0),
(47956, 'PANEKAN', 47856, 0),
(47974, 'SUKOMORO', 47856, 0),
(47989, 'BENDO', 47856, 0),
(48006, 'MAOSPATI', 47856, 0),
(48022, 'BARAT', 47856, 0),
(48037, 'KARANGREJO', 47856, 0),
(48051, 'KARAS', 47856, 0),
(48063, 'KARTOHARJO', 47856, 0),
(48076, 'NGARIBOYO', 47856, 0),
(48089, 'NGUNTORONADI', 47856, 0),
(48099, 'SIDOREJO', 47856, 0),
(48111, 'SINE', 48110, 1),
(48127, 'NGRAMBE', 48110, 1),
(48142, 'JOGOROGO', 48110, 1),
(48155, 'KENDAL', 48110, 1),
(48166, 'GENENG', 48110, 1),
(48180, 'KWADUNGAN', 48110, 1),
(48195, 'KARANGJATI', 48110, 1),
(48213, 'PADAS', 48110, 1),
(48226, 'NGAWI', 48110, 1),
(48243, 'PARON', 48110, 1),
(48258, 'KEDUNGGALAR', 48110, 1),
(48271, 'WIDODAREN', 48110, 1),
(48284, 'MANTINGAN', 48110, 1),
(48292, 'PANGKUR', 48110, 1),
(48302, 'BRINGIN', 48110, 1),
(48313, 'PITU', 48110, 1),
(48324, 'KARANGANYAR', 48110, 1),
(48332, 'GERIH', 48110, 1),
(48338, 'KASREMAN', 48110, 1),
(48348, 'NGRAHO', 48347, 0),
(48365, 'TAMBAKREJO', 48347, 0),
(48384, 'NGAMBON', 48347, 0),
(48390, 'NGASEM', 48347, 0),
(48414, 'BUBULAN', 48347, 0),
(48420, 'DANDER', 48347, 0),
(48437, 'SUGIHWARAS', 48347, 0),
(48455, 'KEDUNGADEM', 48347, 0),
(48479, 'KEPOH BARU', 48347, 0),
(48505, 'BAURENO', 48347, 0),
(48531, 'KANOR', 48347, 0),
(48557, 'SUMBEREJO', 48347, 0),
(48584, 'BALEN', 48347, 0),
(48608, 'KAPAS', 48347, 0),
(48630, 'BOJONEGORO', 48347, 0),
(48649, 'KALITIDU', 48347, 0),
(48674, 'MALO', 48347, 0),
(48695, 'PURWOSARI', 48347, 0),
(48708, 'PADANGAN', 48347, 0),
(48725, 'KASIMAN', 48347, 0),
(48736, 'TEMAYANG', 48347, 0),
(48749, 'MARGOMULYO', 48347, 0),
(48756, 'TRUCUK', 48347, 0),
(48769, 'SUKOSEWU', 48347, 0),
(48784, 'KEDEWAN', 48347, 0),
(48790, 'GONDANG', 48347, 0),
(48798, 'SEKAR', 48347, 0),
(48806, 'KENDURUAN', 48805, 0),
(48816, 'JATIROGO', 48805, 0),
(48835, 'BANGILAN', 48805, 0),
(48850, 'BANCAR', 48805, 0),
(48875, 'SENORI', 48805, 0),
(48888, 'TAMBAKBOYO', 48805, 0),
(48907, 'SINGGAHAN', 48805, 0),
(48920, 'KEREK', 48805, 0),
(48938, 'PARENGAN', 48805, 0),
(48957, 'MONTONG', 48805, 0),
(48971, 'SOKO', 48805, 0),
(48995, 'JENU', 48805, 0),
(49013, 'MERAKURAK', 48805, 0),
(49033, 'RENGEL', 48805, 0),
(49050, 'SEMANDING', 48805, 0),
(49068, 'TUBAN', 48805, 0),
(49086, 'PLUMPANG', 48805, 0),
(49105, 'PALANG', 48805, 0),
(49125, 'WIDANG', 48805, 0),
(49142, 'GRABAGAN', 48805, 0),
(49155, 'SUKORAME', 49154, 0),
(49165, 'BLULUK', 49154, 0),
(49175, 'MODO', 49154, 0),
(49193, 'NGIMBANG', 49154, 0),
(49213, 'BABAT', 49154, 1),
(49237, 'KEDUNGPRING', 49154, 0),
(49261, 'BRONDONG', 49154, 0),
(49272, 'LAREN', 49154, 1),
(49293, 'SEKARAN', 49154, 0),
(49315, 'MADURAN', 49154, 1),
(49333, 'SAMBENG', 49154, 1),
(49356, 'SUGIO', 49154, 1),
(49378, 'PUCUK', 49154, 0),
(49396, 'PACIRAN', 49154, 0),
(49414, 'SOLOKURO', 49154, 0),
(49425, 'MANTUP', 49154, 0),
(49441, 'SUKODADI', 49154, 0),
(49462, 'KARANGGENENG', 49154, 0),
(49481, 'KEMBANGBAHU', 49154, 0),
(49500, 'KALITENGAH', 49154, 1),
(49521, 'TURI', 49154, 1),
(49541, 'LAMONGAN', 49154, 1),
(49562, 'TIKUNG', 49154, 1),
(49576, 'KARANGBINANGUN', 49154, 0),
(49598, 'DEKET', 49154, 0),
(49616, 'GLAGAH', 49154, 1),
(49646, 'SARIREJO', 49154, 0),
(49657, 'DUKUN', 49656, 1),
(49684, 'BALONGPANGGANG', 49656, 1),
(49710, 'PANCENG', 49656, 1),
(49725, 'BENJENG', 49656, 1),
(49749, 'DUDUKSAMPEYAN', 49656, 1),
(49773, 'WRINGINANOM', 49656, 1),
(49790, 'UJUNGPANGKAH', 49656, 1),
(49804, 'KEDAMEAN', 49656, 1),
(49820, 'SIDAYU', 49656, 1),
(49842, 'MANYAR', 49656, 1),
(49866, 'CERME', 49656, 1),
(49892, 'BUNGAH', 49656, 1),
(49915, 'MENGANTI', 49656, 1),
(49938, 'KEBOMAS', 49656, 1),
(49960, 'DRIYOREJO', 49656, 1),
(49977, 'GRESIK', 49656, 1),
(49999, 'SANGKAPURA', 49656, 1),
(50017, 'TAMBAK', 49656, 1),
(50032, 'BANGKALAN', 50031, 0),
(50046, 'SOCAH', 50031, 0),
(50058, 'BURNEH', 50031, 0),
(50071, 'KAMAL', 50031, 0),
(50082, 'AROSBAYA', 50031, 0),
(50101, 'GEGER', 50031, 0),
(50115, 'KLAMPIS', 50031, 0),
(50138, 'SEPULU', 50031, 0),
(50154, 'TANJUNG BUMI', 50031, 0),
(50169, 'KOKOP', 50031, 0),
(50183, 'KWANYAR', 50031, 0),
(50200, 'LABANG', 50031, 0),
(50214, 'TANAH MERAH', 50031, 0),
(50238, 'TRAGAH', 50031, 0),
(50257, 'BLEGA', 50031, 0),
(50277, 'MODUNG', 50031, 0),
(50295, 'KONANG', 50031, 0),
(50309, 'GALIS', 50031, 0),
(50332, 'SRESEH', 50331, 0),
(50345, 'TORJUN', 50331, 0),
(50358, 'SAMPANG', 50331, 0),
(50377, 'CAMPLONG', 50331, 0),
(50392, 'OMBEN', 50331, 0),
(50413, 'KEDUNGDUNG', 50331, 0),
(50432, 'JRENGIK', 50331, 0),
(50447, 'TAMBELANGAN', 50331, 0),
(50458, 'BANYUATES', 50331, 0),
(50479, 'ROBATAL', 50331, 1),
(50489, 'SOKOBANAH', 50331, 0),
(50502, 'KETAPANG', 50331, 0),
(50517, 'PANGARENGAN', 50331, 0),
(50524, 'KARANGPENANG', 50331, 0),
(50533, 'TLANAKAN', 50532, 1),
(50551, 'PADEMAWU', 50532, 1),
(50574, 'GALIS', 50532, 1),
(50585, 'PAMEKASAN', 50532, 1),
(50604, 'PROPPO', 50532, 1),
(50632, 'PALENGA"AN', 50532, 1),
(50645, 'PEGANTENAN', 50532, 1),
(50659, 'LARANGAN', 50532, 1),
(50674, 'PAKONG', 50532, 1),
(50687, 'WARU', 50532, 1),
(50700, 'BATUMARMAR', 50532, 1),
(50714, 'KADUR', 50532, 1),
(50725, 'PASEAN', 50532, 1),
(50736, 'KOTA SUMENEP', 50735, 1),
(50753, 'KALIANGET', 50735, 1),
(50761, 'MANDING', 50735, 1),
(50773, 'TALANGO', 50735, 1),
(50782, 'BLUTO', 50735, 1),
(50803, 'SARONGGI', 50735, 1),
(50818, 'LENTENG', 50735, 1),
(50839, 'GILI GINTING', 50735, 1),
(50848, 'GULUK-GULUK', 50735, 1),
(50861, 'GANDING', 50735, 1),
(50876, 'PRAGAAN', 50735, 1),
(50891, 'AMBUNTEN', 50735, 1),
(50907, 'PASONGSONGAN', 50735, 1),
(50918, 'DASUK', 50735, 1),
(50934, 'RUBARU', 50735, 1),
(50946, 'BATANG BATANG', 50735, 1),
(50963, 'BATU PUTIH', 50735, 1),
(50978, 'DUNGKEK', 50735, 1),
(50994, 'GAPURA', 50735, 1),
(51012, 'GAYAM', 50735, 1),
(51023, 'NONGGUNONG', 50735, 1),
(51032, 'RA"AS', 50735, 1),
(51042, 'MASALEMBU', 50735, 1),
(51047, 'ARJASA', 50735, 1),
(51067, 'SAPEKEN', 50735, 1),
(51077, 'BATUAN', 50735, 1),
(51085, 'KANGAYAN', 50735, 1),
(51096, 'MOJOROTO', 51095, 1),
(51111, 'KOTA', 51095, 1),
(51129, 'PESANTREN', 51095, 0),
(51146, 'KEPANJENKIDUL', 51145, 1),
(51154, 'SUKOREJO', 51145, 1),
(51162, 'SANANWETAN', 51145, 1),
(51171, 'BLIMBING', 51170, 0),
(51183, 'KLOJEN', 51170, 0),
(51195, 'KEDUNGKANDANG', 51170, 0),
(51208, 'SUKUN', 51170, 0),
(51220, 'LOWOKWARU', 51170, 0),
(51234, 'KADEMANGAN', 51233, 1),
(51241, 'WONOASIH', 51233, 1),
(51248, 'MAYANGAN', 51233, 1),
(51269, 'GADINGREJO', 51268, 1),
(51281, 'PURWOREJO', 51268, 1),
(51292, 'BUGUL KIDUL', 51268, 1),
(51307, 'PRAJURIT KULON', 51306, 0),
(51316, 'MAGERSARI', 51306, 0),
(51328, 'KARTOHARJO', 51327, 1),
(51338, 'MANGUHARJO', 51327, 1),
(51348, 'TAMAN', 51327, 1),
(51359, 'KARANGPILANG', 51358, 0),
(51364, 'WONOCOLO', 51358, 0),
(51370, 'RUNGKUT', 51358, 0),
(51377, 'WONOKROMO', 51358, 0),
(51384, 'TEGALSARI', 51358, 0),
(51390, 'SAWAHAN', 51358, 0),
(51397, 'GENTENG', 51358, 0),
(51403, 'GUBENG', 51358, 0),
(51410, 'SUKOLILO', 51358, 0),
(51418, 'TAMBAKSARI', 51358, 0),
(51427, 'SIMOKERTO', 51358, 0),
(51433, 'PABEAN CANTIKAN', 51358, 0),
(51439, 'BUBUTAN', 51358, 0),
(51445, 'TANDES', 51358, 0),
(51452, 'KREMBANGAN', 51358, 0),
(51458, 'SEMAMPIR', 51358, 0),
(51464, 'KENJERAN', 51358, 0),
(51469, 'LAKARSANTRI', 51358, 0),
(51476, 'BENOWO', 51358, 0),
(51482, 'WIYUNG', 51358, 0),
(51487, 'DUKUHPAKIS', 51358, 0),
(51492, 'GAYUNGAN', 51358, 0),
(51497, 'JAMBANGAN', 51358, 0),
(51502, 'TENGGILIS MEJOYO', 51358, 0),
(51508, 'GUNUNG ANYAR', 51358, 0),
(51513, 'MULYOREJO', 51358, 0),
(51520, 'SUKOMANUNGGAL', 51358, 0),
(51527, 'ASEM ROWO', 51358, 0),
(51533, 'BULAK', 51358, 0),
(51539, 'PAKAL', 51358, 0),
(51545, 'SAMBIKEREP', 51358, 0),
(51551, 'BATU', 51550, 1),
(51560, 'BUMIAJI', 51550, 1),
(51570, 'JUNREJO', 51550, 1),
(51580, 'SUMUR', 51579, 1),
(51588, 'CIMANGGU', 51579, 1),
(51601, 'CIBALIUNG', 51579, 1),
(51611, 'CIKEUSIK', 51579, 1),
(51626, 'CIGEULIS', 51579, 0),
(51636, 'PANIMBANG', 51579, 1),
(51643, 'ANGSANA', 51579, 1),
(51653, 'MUNJUL', 51579, 1),
(51663, 'PAGELARAN', 51579, 1),
(51677, 'BOJONG', 51579, 1),
(51686, 'PICUNG', 51579, 0),
(51695, 'LABUAN', 51579, 0),
(51705, 'MENES', 51579, 1),
(51717, 'SAKETI', 51579, 1),
(51732, 'CIPEUCANG', 51579, 1),
(51743, 'JIPUT', 51579, 1),
(51757, 'MANDALAWANGI', 51579, 1),
(51773, 'CIMANUK', 51579, 1),
(51785, 'KADUHEJO', 51579, 1),
(51796, 'BANJAR', 51579, 1),
(51808, 'PANDEGLANG', 51579, 1),
(51813, 'CADASARI', 51579, 1),
(51825, 'CISATA', 51579, 1),
(51835, 'PATIA', 51579, 1),
(51845, 'KARANG TANJUNG', 51579, 1),
(51850, 'CIKEDAL', 51579, 1),
(51861, 'CIBITUNG', 51579, 1),
(51872, 'CARITA', 51579, 1),
(51883, 'SUKARESMI', 51579, 1),
(51894, 'MEKARJAYA', 51579, 0),
(51903, 'SINDANGRESMI', 51579, 0),
(51914, 'MALINGPING', 51913, 1),
(51929, 'PANGGARANGAN', 51913, 0),
(51941, 'BAYAH', 51913, 1),
(51953, 'CIPANAS', 51913, 1),
(51968, 'MUNCANG', 51913, 1),
(51981, 'LEUWIDAMAR', 51913, 1),
(51994, 'BOJONGMANIK', 51913, 1),
(52004, 'GUNUNGKENCANA', 51913, 0),
(52017, 'BANJARSARI', 51913, 1),
(52038, 'CILELES', 51913, 1),
(52051, 'CIMARGA', 51913, 1),
(52069, 'SAJIRA', 51913, 1),
(52085, 'MAJA', 51913, 1),
(52100, 'RANGKASBITUNG', 51913, 1),
(52117, 'WARUNGGUNUNG', 51913, 1),
(52130, 'CIJAKU', 51913, 1),
(52141, 'CIKULUR', 51913, 1),
(52155, 'CIBADAK', 51913, 1),
(52171, 'CIBEBER', 51913, 1),
(52194, 'CILOGRANG', 51913, 1),
(52205, 'WANASALAM', 51913, 1),
(52219, 'SOBANG', 51913, 1),
(52230, 'CURUG BITUNG', 51913, 1),
(52241, 'KALANGANYAR', 51913, 1),
(52249, 'LEBAKGEDONG', 51913, 1),
(52256, 'CIHARA', 51913, 1),
(52266, 'CIRINTEN', 51913, 1),
(52277, 'CIGEMLONG', 51913, 1),
(52288, 'BALARAJA', 52287, 0),
(52298, 'JAYANTI', 52287, 0),
(52307, 'TIGARAKSA', 52287, 0),
(52322, 'JAMBE', 52287, 0),
(52333, 'CISOKA', 52287, 0),
(52344, 'KRESEK', 52287, 0),
(52355, 'KRONJO', 52287, 0),
(52367, 'MAUK', 52287, 0),
(52380, 'KEMIRI', 52287, 0),
(52388, 'SUKADIRI', 52287, 0),
(52397, 'RAJEG', 52287, 0),
(52411, 'PASAR KEMIS', 52287, 0),
(52421, 'TELUKNAGA', 52287, 0),
(52435, 'KOSAMBI', 52287, 0),
(52446, 'PAKUHAJI', 52287, 0),
(52461, 'SEPATAN', 52287, 0),
(52470, 'CURUG', 52287, 0),
(52478, 'CIKUPA', 52287, 0),
(52493, 'PANONGAN', 52287, 0),
(52502, 'LEGOK', 52287, 0),
(52514, 'PAGEDANGAN', 52287, 0),
(52526, 'CISAUK', 52287, 0),
(52533, 'SUKAMULYA', 52287, 0),
(52542, 'KELAPA DUA', 52287, 0),
(52549, 'SINDANG JAYA', 52287, 0),
(52557, 'SEPATAN TIMUR', 52287, 0),
(52566, 'SOLEAR', 52287, 0),
(52574, 'GUNUNG KALER', 52287, 0),
(52584, 'MEKAR BARU', 52287, 0),
(52594, 'KRAMATWATU', 52593, 0),
(52610, 'WARINGINKURUNG', 52593, 0),
(52622, 'BOJONEGARA', 52593, 0),
(52633, 'PULO AMPEL', 52593, 0),
(52643, 'CIRUAS', 52593, 0),
(52661, 'KRAGILAN', 52593, 0),
(52676, 'PONTANG', 52593, 0),
(52692, 'TIRTAYASA', 52593, 0),
(52707, 'TANARA', 52593, 0),
(52717, 'CIKANDE', 52593, 0),
(52730, 'KIBIN', 52593, 0),
(52740, 'CARENANG', 52593, 0),
(52751, 'BINUANG', 52593, 0),
(52759, 'PETIR', 52593, 0),
(52773, 'TUNJUNG TEJA', 52593, 0),
(52783, 'BAROS', 52593, 0),
(52798, 'CIKEUSAL', 52593, 0),
(52814, 'PAMARAYAN', 52593, 0),
(52824, 'KOPO', 52593, 0),
(52835, 'JAWILAN', 52593, 0),
(52845, 'CIOMAS', 52593, 0),
(52857, 'PABUARAN', 52593, 0),
(52865, 'PADARINCANG', 52593, 0),
(52880, 'ANYAR', 52593, 0),
(52891, 'CINANGKA', 52593, 0),
(52905, 'MANCAK', 52593, 0),
(52919, 'GUNUNG SARI', 52593, 0),
(52927, 'BANDUNG', 52593, 0),
(52937, 'TANGERANG', 52936, 0),
(52946, 'JATIUWUNG', 52936, 0),
(52953, 'BATUCEPER', 52936, 0),
(52961, 'BENDA', 52936, 0),
(52967, 'CIPONDOH', 52936, 0),
(52978, 'CILEDUG', 52936, 0),
(52987, 'KARAWACI', 52936, 0),
(53004, 'PERIUK', 52936, 0),
(53010, 'CIBODAS', 52936, 0),
(53017, 'NEGLASARI', 52936, 0),
(53025, 'PINANG', 52936, 0),
(53037, 'KARANG TENGAH', 52936, 0),
(53045, 'LARANGAN', 52936, 0),
(53055, 'CIBEBER', 53054, 0),
(53062, 'CILEGON', 53054, 0),
(53068, 'PULOMERAK', 53054, 0),
(53073, 'CIWANDAN', 53054, 0),
(53080, 'JOMBANG', 53054, 0),
(53086, 'GEROGOL', 53054, 0),
(53091, 'PURWAKARTA', 53054, 0),
(53098, 'CITANGKIL', 53054, 0),
(53107, 'SERANG', 53106, 0),
(53120, 'KASEMEN', 53106, 0),
(53131, 'WALANTAKA', 53106, 0),
(53146, 'CURUG', 53106, 0),
(53157, 'CIPOCOK JAYA', 53106, 0),
(53166, 'TAKTAKAN', 53106, 0),
(53180, 'SERPONG', 53179, 1),
(53190, 'SERPONG UTARA', 53179, 0),
(53198, 'PONDOK AREN', 53179, 1),
(53210, 'CIPUTAT', 53179, 0),
(53218, 'CIPUTAT TIMUR', 53179, 1),
(53225, 'PAMULANG', 53179, 1),
(53234, 'SETU', 53179, 1),
(53243, 'NEGARA', 53242, 1),
(53256, 'MENDOYO', 53242, 1),
(53268, 'PEKUTATAN', 53242, 1),
(53277, 'MELAYA', 53242, 1),
(53288, 'JEMBRANA', 53242, 1),
(53300, 'SELEMADEG', 53299, 1),
(53311, 'SELEMADEG TIMUR', 53299, 1),
(53322, 'SELEMADEG BARAT', 53299, 1),
(53332, 'KERAMBITAN', 53299, 1),
(53348, 'TABANAN', 53299, 1),
(53361, 'KEDIRI', 53299, 1),
(53377, 'MARGA', 53299, 1),
(53393, 'PENEBEL', 53299, 1),
(53412, 'BATURITI', 53299, 1),
(53425, 'PUPUAN', 53299, 1),
(53440, 'KUTA', 53439, 0),
(53446, 'MENGWI', 53439, 0),
(53467, 'ABIANSEMAL', 53439, 0),
(53486, 'PETANG', 53439, 0),
(53494, 'KUTA SELATAN', 53439, 0),
(53501, 'KUTA UTARA', 53439, 0),
(53509, 'SUKAWATI', 53508, 1),
(53522, 'BLAHBATUH', 53508, 1),
(53532, 'GIANYAR', 53508, 1),
(53550, 'TAMPAKSIRING', 53508, 1),
(53559, 'UBUD', 53508, 1),
(53568, 'TEGALALLANG', 53508, 1),
(53576, 'PAYANGAN', 53508, 1),
(53587, 'NUSA PENIDA', 53586, 1),
(53604, 'BANJARANGKAN', 53586, 1),
(53618, 'KLUNGKUNG', 53586, 1),
(53637, 'DAWAN', 53586, 1),
(53651, 'SUSUT', 53650, 1),
(53661, 'BANGLI', 53650, 1),
(53671, 'TEMBUKU', 53650, 1),
(53678, 'KINTAMANI', 53650, 1),
(53728, 'RENDANG', 53727, 1),
(53735, 'SIDEMEN', 53727, 1),
(53746, 'MANGGIS', 53727, 1),
(53759, 'KARANGASEM', 53727, 1),
(53771, 'ABANG', 53727, 1),
(53786, 'BEBANDEM', 53727, 1),
(53795, 'SELAT', 53727, 1),
(53804, 'KUBU', 53727, 1),
(53815, 'GEROKGAK', 53814, 0),
(53830, 'SERIRIT', 53814, 0),
(53852, 'BUSUNG BIU', 53814, 0),
(53868, 'BANJAR', 53814, 0),
(53886, 'SUKASADA', 53814, 0),
(53902, 'BULELENG', 53814, 0),
(53932, 'SAWAN', 53814, 0),
(53947, 'KUBUTAMBAHAN', 53814, 0),
(53961, 'TEJAKULA', 53814, 0),
(53973, 'DENPASAR SELATAN', 53972, 0),
(53984, 'DENPASAR TIMUR', 53972, 0),
(53996, 'DENPASAR BARAT', 53972, 0),
(54008, 'DENPASAR UTARA', 53972, 0),
(54022, 'GERUNG', 54021, 1),
(54034, 'KEDIRI', 54021, 1),
(54045, 'NARMADA', 54021, 1),
(54062, 'SEKOTONG', 54021, 1),
(54069, 'LABUAPI', 54021, 1),
(54080, 'GUNUNGSARI', 54021, 1),
(54094, 'LINGSAR', 54021, 1),
(54105, 'LEMBAR', 54021, 1),
(54111, 'BATU LAYAR', 54021, 1),
(54118, 'KURIPAN', 54021, 1),
(54124, 'PRAYA', 54123, 1),
(54139, 'JONGGAT', 54123, 1),
(54153, 'BATUKLIANG', 54123, 1),
(54163, 'PUJUT', 54123, 1),
(54179, 'PRAYA BARAT', 54123, 1),
(54189, 'PRAYA TIMUR', 54123, 1),
(54200, 'JANAPRIA', 54123, 1),
(54211, 'PRINGGARATA', 54123, 1),
(54219, 'KOPANG', 54123, 1),
(54229, 'PRAYA TENGAH', 54123, 1),
(54240, 'PRAYA BARAT DAYA', 54123, 1),
(54251, 'BATUKLIANG UTARA', 54123, 1),
(54261, 'KERUAK', 54260, 1),
(54266, 'SAKRA', 54260, 1),
(54272, 'TERARA', 54260, 1),
(54280, 'SIKUR', 54260, 1),
(54288, 'MASBAGIK', 54260, 1),
(54296, 'SUKAMULIA', 54260, 1),
(54302, 'SELONG', 54260, 1),
(54314, 'PRINGGABAYA', 54260, 1),
(54322, 'AIKMEL', 54260, 1),
(54332, 'SAMBELIA', 54260, 1),
(54338, 'MONTONG GADING', 54260, 1),
(54344, 'PRINGGASELA', 54260, 1),
(54349, 'SURALAGA', 54260, 1),
(54356, 'WANASABA', 54260, 1),
(54363, 'SEMBALUN', 54260, 1),
(54368, 'SUWELA', 54260, 1),
(54375, 'LABUHAN HAJI', 54260, 1),
(54383, 'SAKRA TIMUR', 54260, 1),
(54389, 'SAKRA BARAT', 54260, 1),
(54395, 'JEROWARU', 54260, 1),
(54401, 'LUNYUK', 54400, 1),
(54409, 'ALAS', 54400, 1),
(54418, 'UTAN', 54400, 1),
(54428, 'BATU LANTEH', 54400, 1),
(54435, 'SUMBAWA', 54400, 1),
(54444, 'MOYO HILIR', 54400, 1),
(54455, 'MOYO HULU', 54400, 1),
(54468, 'ROPANG', 54400, 1),
(54474, 'LAPE', 54400, 1),
(54479, 'PLAMPANG', 54400, 1),
(54491, 'EMPANG', 54400, 1),
(54502, 'ALAS BARAT', 54400, 1),
(54511, 'LABUHAN BADAS', 54400, 1),
(54519, 'LABANGKA', 54400, 1),
(54525, 'BUER', 54400, 1),
(54532, 'RHEE', 54400, 1),
(54537, 'UNTER IWES', 54400, 1),
(54546, 'MOYO UTARA', 54400, 1),
(54553, 'MARONGE', 54400, 1),
(54558, 'TARANO', 54400, 1),
(54567, 'LOPOK', 54400, 1),
(54575, 'LENANGGUAR', 54400, 1),
(54580, 'ORONG TELU', 54400, 1),
(54585, 'LANTUNG', 54400, 1),
(54591, 'DOMPU', 54590, 1),
(54606, 'KEMPO', 54590, 1),
(54614, 'HU\'U', 54590, 1),
(54621, 'KILO', 54590, 1),
(54628, 'WOJA', 54590, 1),
(54641, 'PEKAT', 54590, 1),
(54650, 'MANGGELEWA', 54590, 1),
(54660, 'PAJO', 54590, 1),
(54667, 'MONTA', 54666, 1),
(54680, 'BOLO', 54666, 1),
(54693, 'WOHA', 54666, 1),
(54709, 'BELO', 54666, 1),
(54718, 'WAWO', 54666, 1),
(54728, 'SAPE', 54666, 1),
(54746, 'WERA', 54666, 1),
(54758, 'DONGGO', 54666, 1),
(54767, 'SANGGAR', 54666, 1),
(54774, 'AMBALAWI', 54666, 1),
(54781, 'LANGGUDU', 54666, 1),
(54794, 'LAMBU', 54666, 1),
(54807, 'MADAPANGGA', 54666, 1),
(54818, 'TAMBORA', 54666, 1),
(54824, 'SOROMANDI', 54666, 1),
(54831, 'PARADO', 54666, 1),
(54837, 'LAMBITU', 54666, 1),
(54843, 'PALIBELO', 54666, 1),
(54854, 'JEREWEH', 54853, 1),
(54859, 'TALIWANG', 54853, 1),
(54874, 'SETELUK', 54853, 1),
(54885, 'SEKONGKANG', 54853, 1),
(54893, 'BRANG REA', 54853, 1),
(54903, 'POTO TANO', 54853, 1),
(54912, 'BRANG ENE', 54853, 1),
(54919, 'MALUK', 54853, 1),
(54926, 'AMPENAN', 54925, 1),
(54937, 'MATARAM', 54925, 0),
(54947, 'CAKRANEGARA', 54925, 0),
(54958, 'SEKARBELA', 54925, 1),
(54964, 'SELAPARANG', 54925, 0),
(54974, 'SANDUBAYA', 54925, 0),
(54983, 'RASANAE BARAT', 54982, 1),
(54990, 'RASANAE TIMUR', 54982, 1),
(54998, 'ASAKOTA', 54982, 1),
(55003, 'RABA', 54982, 1),
(55015, 'MPUNDA', 54982, 1),
(55027, 'TANJUNG', 55026, 1),
(55035, 'GANGGA', 55026, 1),
(55041, 'KAYANGAN', 55026, 1),
(55050, 'BAYAN', 55026, 1),
(55060, 'PEMENANG', 55026, 1),
(55094, 'SEMAU', 55066, 0),
(55107, 'KUPANG BARAT', 55066, 0),
(55120, 'KUPANG TIMUR', 55066, 0),
(55138, 'SULAMU', 55066, 0),
(55146, 'KUPANG TENGAH', 55066, 0),
(55160, 'AMARASI', 55066, 0),
(55170, 'FATULEU', 55066, 0),
(55186, 'TAKARI', 55066, 0),
(55197, 'AMFOANG SELATAN', 55066, 0),
(55209, 'AMFOANG UTARA', 55066, 0),
(55237, 'NEKAMESE', 55066, 0),
(55250, 'AMARASI BARAT', 55066, 0),
(55259, 'AMARASI SELATAN', 55066, 0),
(55265, 'AMARASI TIMUR', 55066, 0),
(55270, 'AMABI OEFETO TIMUR', 55066, 0),
(55281, 'AMFOANG BARAT DAYA', 55066, 0),
(55286, 'AMFOANG BARAT LAUT', 55066, 0),
(55293, 'SEMAU SELATAN', 55066, 0),
(55300, 'TAEBENU', 55066, 0),
(55309, 'AMABI OEFETO', 55066, 0),
(55317, 'AMFOANG TIMUR', 55066, 0),
(55323, 'FATULEU BARAT', 55066, 0),
(55329, 'FATULEU TENGAH', 55066, 0),
(55338, 'AMFOANG TENGAH', 55066, 0),
(55348, 'KOTA SOE', 55347, 0),
(55362, 'MOLLO SELATAN', 55347, 0),
(55370, 'MOLLO UTARA', 55347, 0),
(55384, 'AMANUBAN TIMUR', 55347, 0),
(55395, 'AMANUBAN TENGAH', 55347, 0),
(55407, 'AMANUBAN SELATAN', 55347, 0),
(55418, 'AMANUBAN BARAT', 55347, 0),
(55426, 'AMANATUN SELATAN', 55347, 0),
(55440, 'AMANATUN UTARA', 55347, 0),
(55449, 'KI\'E', 55347, 0),
(55461, 'KUANFATU', 55347, 0),
(55469, 'FATUMNASI', 55347, 0),
(55474, 'POLEN', 55347, 0),
(55485, 'BATU PUTIH', 55347, 0),
(55493, 'BOKING', 55347, 0),
(55500, 'TOIANAS', 55347, 0),
(55508, 'NUNKOLO', 55347, 0),
(55518, 'OENINO', 55347, 0),
(55526, 'KOLBANO', 55347, 0),
(55538, 'KOT OLIN', 55347, 0),
(55547, 'KUALIN', 55347, 0),
(55555, 'MOLLO BARAT', 55347, 0),
(55561, 'KOK BAUN', 55347, 0),
(55568, 'NOEBANA', 55347, 0),
(55573, 'SANTIAN', 55347, 0),
(55578, 'NOEBEBA', 55347, 0),
(55585, 'KUATNANA', 55347, 0),
(55593, 'FAUTMOLO', 55347, 0),
(55598, 'FATUKOPA', 55347, 0),
(55603, 'MOLLO TENGAH', 55347, 0),
(55610, 'TOBU', 55347, 0),
(55615, 'NUNBENA', 55347, 0),
(55621, 'MIOMAFO TIMUR', 55620, 1),
(55633, 'MIOMAFO BARAT', 55620, 1),
(55646, 'BIBOKI SELATAN', 55620, 1),
(55655, 'NOEMUTI', 55620, 0),
(55668, 'KOTA KEFAMENANU', 55620, 1),
(55678, 'BIBOKI UTARA', 55620, 1),
(55686, 'BIBOKI ANLEU', 55620, 1),
(55696, 'INSANA', 55620, 1),
(55710, 'INSANA UTARA', 55620, 1),
(55716, 'NOEMUTI TIMUR', 55620, 1),
(55721, 'MIOMAFFO TENGAH', 55620, 1),
(55727, 'MUSI', 55620, 1),
(55734, 'MUTIS', 55620, 1),
(55739, 'BIKOMI SELATAN', 55620, 1),
(55748, 'BIKOMI TENGAH', 55620, 1),
(55757, 'BIKOMI NILULAT', 55620, 1),
(55764, 'BIKOMI UTARA', 55620, 1),
(55774, 'NAIBENU', 55620, 1),
(55779, 'INSANA FAFINESU', 55620, 1),
(55786, 'INSANA BARAT', 55620, 1),
(55794, 'INSANA TENGAH', 55620, 1),
(55800, 'BIBOKI TAN PAH', 55620, 1),
(55805, 'BIBOKI MOENLEU', 55620, 1),
(55813, 'BIBOKI FEOTLEU', 55620, 1),
(55820, 'LAMAKNEN', 55819, 1),
(55830, 'TASIFETOTIMUR', 55819, 1),
(55843, 'RAIHAT', 55819, 0),
(55850, 'TASIFETO BARAT', 55819, 1),
(55859, 'KAKULUK MESAK', 55819, 1),
(55866, 'MALAKA TIMUR', 55819, 1),
(55873, 'KOBALIMA', 55819, 1),
(55882, 'MALAKA TENGAH', 55819, 1),
(55900, 'SASITAMEAN', 55819, 1),
(55910, 'MALAKA BARAT', 55819, 1),
(55927, 'RINHAT', 55819, 0),
(55947, 'KOTA ATAMBUA', 55819, 0),
(55952, 'RAIMANUK', 55819, 0),
(55962, 'LAEN MANEN', 55819, 1),
(55972, 'WEWIKU', 55819, 1),
(55985, 'WELIMAN', 55819, 1),
(56000, 'LASIOLAT', 55819, 1),
(56008, 'LAMAKNEN SELATAN', 55819, 1),
(56017, 'IO KUFEU', 55819, 1),
(56025, 'BOTIN LEO BELE', 55819, 1),
(56031, 'ATAMBUA BARAT', 55819, 1),
(56036, 'ATAMBUA SELATAN', 55819, 1),
(56041, 'NANAET DUABESI', 55819, 1),
(56046, 'KOBALIMA TIMUR', 55819, 1),
(56052, 'TELUK MUTIARA', 56051, 0),
(56069, 'ALOR BARAT LAUT', 56051, 1),
(56089, 'ALOR BARAT DAYA', 56051, 1),
(56110, 'ALOR SELATAN', 56051, 0),
(56125, 'ALOR TIMUR', 56051, 0),
(56136, 'PANTAR', 56051, 1),
(56148, 'ALOR TENGAH UTARA', 56051, 1),
(56163, 'ALOR TIMUR LAUT', 56051, 1),
(56172, 'PANTAR BARAT', 56051, 1),
(56180, 'KABOLA', 56051, 1),
(56186, 'PULAU PURA', 56051, 1),
(56193, 'MATARU', 56051, 1),
(56201, 'PUREMAN', 56051, 1),
(56206, 'PANTAR TIMUR', 56051, 1),
(56218, 'LEMBUR', 56051, 1),
(56225, 'PANTAR TENGAH', 56051, 1),
(56236, 'PANTAR BARAT LAUT', 56051, 1),
(56245, 'WULANGGITANG', 56244, 1),
(56256, 'TITEHENA', 56244, 1),
(56269, 'LARANTUKA', 56244, 1),
(56286, 'ILE MANDIRI', 56244, 1),
(56295, 'TANJUNG BUNGA', 56244, 1),
(56310, 'SOLOR BARAT', 56244, 0),
(56329, 'SOLOR TIMUR', 56244, 0),
(56349, 'ADONARA BARAT', 56244, 1),
(56366, 'WOTAN ULUMANDO', 56244, 1),
(56379, 'ADONARA TIMUR', 56244, 1),
(56399, 'KELUBAGOLIT', 56244, 1),
(56412, 'WITIHAMA', 56244, 1),
(56426, 'ILE BOLENG', 56244, 1),
(56447, 'DEMON PAGONG', 56244, 1),
(56454, 'LEWOLEMA', 56244, 1),
(56462, 'ILE BURA', 56244, 1),
(56468, 'ADONARA', 56244, 0),
(56476, 'ADONARA TENGAH', 56244, 1),
(56490, 'PAGA', 56489, 1),
(56499, 'MEGO', 56489, 1),
(56510, 'LELA', 56489, 1),
(56520, 'NITA', 56489, 0),
(56533, 'ALOK', 56489, 1),
(56541, 'PALUE', 56489, 1),
(56550, 'NELLE', 56489, 1),
(56556, 'TALIBURA', 56489, 1),
(56569, 'WAIGETE', 56489, 1),
(56579, 'KEWAPANTE', 56489, 1),
(56588, 'BOLA', 56489, 1),
(56595, 'MAGEPANDA', 56489, 1),
(56601, 'WAIBLAMA', 56489, 1),
(56608, 'ALOK BARAT', 56489, 1),
(56613, 'ALOK TIMUR', 56489, 1),
(56624, 'KOTING', 56489, 1),
(56631, 'TANA WAWO', 56489, 1),
(56640, 'HEWOKLOANG', 56489, 1),
(56648, 'KANGAE', 56489, 1),
(56658, 'DORENG', 56489, 1),
(56666, 'MAPITARA', 56489, 1),
(56672, 'NANGAPANDA', 56671, 1),
(56691, 'PULAU ENDE', 56671, 1),
(56699, 'ENDE', 56671, 1),
(56718, 'ENDE SELATAN', 56671, 1),
(56724, 'NDONA', 56671, 1),
(56739, 'DETUSOKO', 56671, 1),
(56764, 'WEWARIA', 56671, 1),
(56782, 'WOLOWARU', 56671, 1),
(56798, 'WOLOJITA', 56671, 1),
(56805, 'MAUROLE', 56671, 1),
(56815, 'MAUKARO', 56671, 1),
(56826, 'LIO TIMUR', 56671, 1),
(56835, 'KOTA BARU', 56671, 1),
(56848, 'KELIMUTU', 56671, 1),
(56857, 'DETUKELI', 56671, 1),
(56871, 'NDONA TIMUR', 56671, 1),
(56878, 'NDORI', 56671, 1),
(56884, 'ENDE UTARA', 56671, 1),
(56892, 'ENDE TENGAH', 56671, 1),
(56897, 'ENDE TIMUR', 56671, 1),
(56905, 'AIMERE', 56904, 1),
(56918, 'GOLEWA', 56904, 1),
(56940, 'BAJAWA', 56904, 1),
(56958, 'SOA', 56904, 1),
(56966, 'RIUNG', 56904, 1),
(56979, 'JEREBUU', 56904, 1),
(56988, 'RIUNG BARAT', 56904, 1),
(56995, 'BAJAWA UTARA', 56904, 1),
(57003, 'WOLOMEZE', 56904, 1),
(57009, 'WAE RII', 57008, 0),
(57026, 'RUTENG', 57008, 0),
(57043, 'SATAR MESE', 57008, 0),
(57063, 'CIBAL', 57008, 0),
(57091, 'REOK', 57008, 0),
(57112, 'LANGKE REMBONG', 57008, 0),
(57124, 'SATAR MESE BARAT', 57008, 0),
(57145, 'RAHONG UTARA', 57008, 0),
(57158, 'LELAK', 57008, 0),
(57168, 'KOTA WAINGAPU', 57167, 0),
(57176, 'HAHARU', 57167, 0),
(57184, 'LEWA', 57167, 1),
(57193, 'NGGAHA ORI ANGU', 57167, 1),
(57202, 'TABUNDUNG', 57167, 0),
(57213, 'PINU PAHAR', 57167, 1),
(57220, 'PANDAWAI', 57167, 0),
(57228, 'UMALULU', 57167, 0),
(57239, 'RINDI', 57167, 1),
(57248, 'PAHUNGA LODU', 57167, 1),
(57257, 'WULLA WAIJELU', 57167, 0),
(57265, 'PABERIWAI', 57167, 0),
(57273, 'KARERA', 57167, 1),
(57281, 'KAHAUNGU ETI', 57167, 0),
(57291, 'MATAWAI LA PAWU', 57167, 0),
(57298, 'KAMBERA', 57167, 0),
(57307, 'KAMBATA MAPAMBUHANG', 57167, 0),
(57314, 'LEWA TIDAHU', 57167, 1),
(57321, 'KATALA HAMU LINGU', 57167, 1),
(57327, 'KANATANG', 57167, 0),
(57333, 'NGADU NGALA', 57167, 0),
(57339, 'MAHU', 57167, 0),
(57347, 'TANA RIGHU', 57346, 1),
(57359, 'LOLI', 57346, 1),
(57368, 'WANOKAKA', 57346, 1),
(57379, 'LAMBOYA', 57346, 1),
(57389, 'KOTA WAIKABUBAK', 57346, 1),
(57401, 'LABOYA BARAT', 57346, 1),
(57407, 'NAGA WUTUNG', 57406, 0),
(57422, 'ATADEI', 57406, 0),
(57438, 'ILE APE', 57406, 0),
(57455, 'LEBATUKAN', 57406, 0),
(57473, 'NUBATUKAN', 57406, 0),
(57491, 'OMESURI', 57406, 0),
(57513, 'BUYASURI', 57406, 0),
(57534, 'WULANDONI', 57406, 0),
(57550, 'ILE APE TIMUR', 57406, 0),
(57561, 'ROTE BARAT DAYA', 57560, 0),
(57575, 'ROTE BARAT LAUT', 57560, 0),
(57588, 'LOBALAIN', 57560, 0),
(57603, 'ROTE TENGAH', 57560, 0),
(57611, 'PANTAI BARU', 57560, 0),
(57623, 'ROTE TIMUR', 57560, 0),
(57634, 'ROTE BARAT', 57560, 0),
(57643, 'ROTE  SELATAN', 57560, 0),
(57650, 'MACANG PACAR', 57649, 1),
(57664, 'KUWUS', 57649, 1),
(57692, 'LEMBOR', 57649, 1),
(57714, 'SANO NGGOANG', 57649, 1),
(57739, 'KOMODO', 57649, 1),
(57756, 'BOLENG', 57649, 1),
(57766, 'WELAK', 57649, 1),
(57779, 'AESESA', 57778, 0),
(57798, 'NANGARORO', 57778, 0),
(57814, 'BOAWAE', 57778, 0),
(57838, 'MAUPONGGO', 57778, 0),
(57859, 'WOLOWAE', 57778, 0),
(57865, 'KEO TENGAH', 57778, 0),
(57880, 'AESESA SELATAN', 57778, 0),
(57887, 'KATIKU TANA', 57886, 0),
(57893, 'UMBU RATU NGGAY BARAT', 57886, 0),
(57905, 'MAMBORO', 57886, 0),
(57915, 'UMBU RATU NGGAY', 57886, 0),
(57927, 'KATIKU TANA SELATAN', 57886, 0),
(57936, 'LOURA', 57935, 1),
(57949, 'WEWEWA UTARA', 57935, 1),
(57956, 'WEWEWA TIMUR', 57935, 0),
(57977, 'WEWEWA BARAT', 57935, 1),
(57992, 'WEWEWA SELATAN', 57935, 0),
(58001, 'KODI BANGEDO', 57935, 0),
(58015, 'KODI', 57935, 0),
(58027, 'KODI UTARA', 57935, 1),
(58041, 'ALAK', 58040, 0),
(58054, 'MAULAFA', 58040, 0),
(58064, 'KELAPA LIMA', 58040, 0),
(58070, 'OEBOBO', 58040, 0),
(58079, 'KOTA RAJA', 58040, 0),
(58087, 'KOTA LAMA', 58040, 0),
(58099, 'BORONG', 58098, 0),
(58121, 'POCO RANAKA', 58098, 0),
(58150, 'LAMBA LEDA', 58098, 0),
(58167, 'SAMBI RAMPAS', 58098, 0),
(58179, 'ELAR', 58098, 0),
(58201, 'KOTA KOMBA', 58098, 0),
(58220, 'SABU BARAT', 58219, 0),
(58237, 'SABU TENGAH', 58219, 0),
(58245, 'SABU TIMUR', 58219, 0),
(58261, 'SABU LIAE', 58219, 0),
(58270, 'HAWU MEHARA', 58219, 0),
(58279, 'RAIJUA', 58219, 0),
(58287, 'SAMBAS', 58286, 1),
(58306, 'TELUK KERAMAT', 58286, 1),
(58331, 'JAWAI', 58286, 1),
(58343, 'TEBAS', 58286, 1),
(58367, 'PEMANGKAT', 58286, 1),
(58373, 'SEJANGKUNG', 58286, 1),
(58386, 'SELAKAU', 58286, 1),
(58396, 'PALOH', 58286, 1),
(58405, 'SAJINGAN BESAR', 58286, 1),
(58411, 'SUBAH', 58286, 1),
(58423, 'GALING', 58286, 1),
(58434, 'TEKARANG', 58286, 1),
(58442, 'SEMPARUK', 58286, 1),
(58448, 'SAJAD', 58286, 1),
(58453, 'SEBAWI', 58286, 1),
(58461, 'JAWAI SELATAN', 58286, 1),
(58471, 'TANGARAN', 58286, 1),
(58479, 'SALATIGA', 58286, 1),
(58485, 'SELAKAU TIMUR', 58286, 1),
(58491, 'MEMPAWAH HILIR', 58490, 1),
(58500, 'TOHO', 58490, 1),
(58509, 'SUNGAI PINYUH', 58490, 1),
(58519, 'SIANTAN', 58490, 1),
(58525, 'SUNGAI KUNYIT', 58490, 1),
(58538, 'SEGEDONG', 58490, 1),
(58545, 'ANJONGAN', 58490, 1),
(58551, 'SADANIANG', 58490, 1),
(58558, 'MEMPAWAH TIMUR', 58490, 1),
(58568, 'KAPUAS', 58567, 1),
(58594, 'MUKOK', 58567, 1),
(58603, 'NOYAN', 58567, 0),
(58609, 'JANGKANG', 58567, 1),
(58621, 'BONTI', 58567, 1),
(58631, 'BEDUAI', 58567, 1),
(58637, 'SEKAYAM', 58567, 1),
(58648, 'KEMBAYAN', 58567, 1),
(58660, 'PARINDU', 58567, 1),
(58675, 'TAYAN HULU', 58567, 1),
(58687, 'TAYAN HILIR', 58567, 1),
(58703, 'BALAI', 58567, 1),
(58716, 'TOBA', 58567, 1),
(58724, 'MELIAU', 58567, 1),
(58743, 'ENTIKONG', 58567, 1),
(58750, 'MATAN HILIR UTARA', 58749, 1),
(58756, 'MARAU', 58749, 1),
(58767, 'MANIS MATA', 58749, 1),
(58787, 'KENDAWANGAN', 58749, 1),
(58807, 'SANDAI', 58749, 1),
(58820, 'SUNGAI LAUR', 58749, 1),
(58839, 'SIMPANG HULU', 58749, 1),
(58854, 'NANGA TAYAP', 58749, 1),
(58873, 'MATAN HILIR SELATAN', 58749, 1),
(58885, 'TUMBANG TITI', 58749, 1),
(58911, 'JELAI HULU', 58749, 1),
(58931, 'BENUA KAYONG', 58749, 1),
(58943, 'DELTA PAWAN', 58749, 1),
(58953, 'MUARA PAWAN', 58749, 1),
(58962, 'SIMPANG DUA', 58749, 1),
(58968, 'SINGKUP', 58749, 1),
(58977, 'AIR UPAS', 58749, 1),
(58987, 'HULU SUNGAI', 58749, 1),
(59000, 'PEMAHAN', 58749, 1),
(59006, 'SUNGAI MELAYU RAYAK', 58749, 1),
(59019, 'SINTANG', 59018, 1),
(59035, 'TEMPUNAK', 59018, 1),
(59060, 'SEPAUK', 59018, 1),
(59094, 'KETUNGAU HILIR', 59018, 1),
(59112, 'KETUNGAU TENGAH', 59018, 0),
(59133, 'KETUNGAU HULU', 59018, 1),
(59152, 'DEDAI', 59018, 1),
(59173, 'KAYAN HILIR', 59018, 1),
(59200, 'KAYAN HULU', 59018, 1),
(59230, 'SERAWAI', 59018, 0),
(59255, 'AMBALAU', 59018, 0),
(59269, 'KELAM PERMAI', 59018, 1),
(59286, 'SUNGAI TEBELIAN', 59018, 1),
(59308, 'BINJAI HULU', 59018, 0),
(59321, 'PUTUSSIBAU UTARA', 59320, 0),
(59336, 'BIKA', 59320, 1),
(59345, 'EMBALOH HILIR', 59320, 1),
(59355, 'EMBALOH HULU', 59320, 1),
(59366, 'BUNUT HILIR', 59320, 1),
(59375, 'BUNUT HULU', 59320, 1),
(59383, 'JONGKONG', 59320, 1),
(59392, 'HULU GURUNG', 59320, 1),
(59402, 'SELIMBAU', 59320, 1),
(59416, 'SEMITAU', 59320, 1),
(59425, 'SEBERUANG', 59320, 1),
(59437, 'BATANG LUPAR', 59320, 0),
(59447, 'EMPANANG', 59320, 0),
(59454, 'BADAU', 59320, 1),
(59464, 'SILAT HILIR', 59320, 1),
(59476, 'SILAT HULU', 59320, 0),
(59488, 'PUTUSSIBAU SELATAN', 59320, 1),
(59505, 'KALIS', 59320, 1),
(59517, 'BOYAN TANJUNG', 59320, 1),
(59526, 'MENTEBAH', 59320, 1),
(59532, 'PENGKADAN', 59320, 1),
(59541, 'SUHAID', 59320, 1),
(59551, 'PURING KENCANA', 59320, 0),
(59558, 'SUNGAI RAYA', 59557, 1),
(59564, 'SAMALANTAN', 59557, 1),
(59572, 'LEDO', 59557, 1),
(59585, 'BENGKAYANG', 59557, 0),
(59592, 'SELUAS', 59557, 1),
(59599, 'SANGGAU LEDO', 59557, 1),
(59605, 'JAGOI BABANG', 59557, 1),
(59612, 'MONTERADO', 59557, 1),
(59624, 'TERIAK', 59557, 0),
(59643, 'SUTI SEMARANG', 59557, 0),
(59652, 'CAPKALA', 59557, 0),
(59659, 'SIDING', 59557, 1),
(59668, 'LUMAR', 59557, 0),
(59674, 'SUNGAI BETUNG', 59557, 1),
(59679, 'SUNGAI RAYA KEPULAUAN', 59557, 0),
(59685, 'LEMBAH BAWANG', 59557, 0),
(59694, 'TUJUH BELAS', 59557, 0),
(59700, 'NGABANG', 59699, 0),
(59720, 'MEMPAWAH HULU', 59699, 0),
(59738, 'MENJALIN', 59699, 1),
(59747, 'MANDOR', 59699, 0),
(59765, 'AIR BESAR', 59699, 0),
(59782, 'MENYUKE', 59699, 0),
(59799, 'SENGAH TEMILA', 59699, 0),
(59814, 'MERANTI', 59699, 1),
(59821, 'KUALA BEHE', 59699, 1),
(59833, 'SEBANGKI', 59699, 1),
(59839, 'JELIMPO', 59699, 0),
(59853, 'BANYUKE HULU', 59699, 1),
(59861, 'SOMPAK', 59699, 0),
(59870, 'SEKADAU HILIR', 59869, 0),
(59885, 'SEKADAU HULU', 59869, 0),
(59900, 'NANGA TAMAN', 59869, 0),
(59913, 'NANGA MAHAP', 59869, 0),
(59925, 'BELITANG HILIR', 59869, 0),
(59934, 'BELITANG HULU', 59869, 0),
(59947, 'BELITANG', 59869, 0),
(59954, 'BELIMBING', 59953, 1),
(59972, 'NANGA PINOH', 59953, 1),
(59990, 'ELLA HILIR', 59953, 1),
(60010, 'MENUKUNG', 59953, 1),
(60030, 'SAYAN', 59953, 1),
(60049, 'TANAH PINOH', 59953, 1),
(60062, 'SOKAN', 59953, 1),
(60081, 'BELIMBING HULU', 59953, 1),
(60090, 'PINOH UTARA', 59953, 1),
(60110, 'PINOH SELATAN', 59953, 1),
(60123, 'TANAH PINOH BARAT', 59953, 1),
(60135, 'SUKADANA', 60134, 1),
(60146, 'SIMPANG HILIR', 60134, 1),
(60159, 'TELUK BATANG', 60134, 1),
(60167, 'PULAU MAYA', 60134, 1),
(60176, 'SEPONTI', 60134, 1),
(60184, 'PONTIANAK SELATAN', 60183, 1),
(60190, 'PONTIANAK TIMUR', 60183, 1),
(60198, 'PONTIANAK BARAT', 60183, 1),
(60203, 'PONTIANAK UTARA', 60183, 1),
(60208, 'PONTIANAK KOTA', 60183, 1),
(60214, 'PONTIANAK TENGGARA', 60183, 1),
(60224, 'SINGKAWANG TENGAH', 60223, 1),
(60231, 'SINGKAWANG BARAT', 60223, 1),
(60236, 'SINGKAWANG TIMUR', 60223, 1),
(60242, 'SINGKAWANG UTARA', 60223, 1),
(60250, 'SINGKAWANG SELATAN', 60223, 1),
(60256, 'SUNGAI RAYA', 60255, 1),
(60271, 'KUALA MANDOR B', 60255, 1),
(60277, 'SUNGAI AMBAWANG', 60255, 1),
(60291, 'TERENTANG', 60255, 1),
(60301, 'BATU AMPAR', 60255, 1),
(60316, 'KUBU', 60255, 1),
(60336, 'RASAU JAYA', 60255, 1),
(60343, 'TELUK PAKEDAI', 60255, 1),
(60358, 'SUNGAI KAKAP', 60255, 1),
(60373, 'KUMAI', 60372, 1),
(60391, 'ARUT SELATAN', 60372, 1),
(60412, 'KOTAWARINGIN LAMA', 60372, 1),
(60430, 'ARUT UTARA', 60372, 1),
(60442, 'PANGKALAN LADA', 60372, 1),
(60454, 'PANGKALAN BANTENG', 60372, 1),
(60469, 'KOTA BESI', 60468, 0),
(60481, 'CEMPAGA', 60468, 0),
(60490, 'MENTAYA HULU', 60468, 0),
(60507, 'PARENGGEAN', 60468, 0),
(60532, 'BAAMANG', 60468, 0),
(60539, 'MENTAWA BARU KETAPANG', 60468, 0),
(60548, 'MENTAYA HILIR UTARA', 60468, 0),
(60556, 'MENTAYA HILIR SELATAN', 60468, 0),
(60567, 'PULAU HANAUT', 60468, 0),
(60578, 'ANTANG KALANG', 60468, 0),
(60609, 'TELUK SAMPIT', 60468, 0),
(60614, 'SERANAU', 60468, 0),
(60620, 'CEMPAGA HULU', 60468, 0),
(60631, 'TELAWANG', 60468, 0),
(60638, 'BUKIT SANTUAI', 60468, 0),
(60654, 'SELAT', 60653, 1),
(60674, 'KAPUAS HILIR', 60653, 1),
(60683, 'KAPUAS TIMUR', 60653, 0),
(60691, 'KAPUAS KUALA', 60653, 1),
(60710, 'KAPUAS BARAT', 60653, 1),
(60722, 'PULAU PETAK', 60653, 1),
(60731, 'KAPUAS MURUNG', 60653, 1),
(60768, 'BASARANG', 60653, 1),
(60783, 'MANTANGAI', 60653, 1),
(60815, 'TIMPAH', 60653, 1),
(60825, 'KAPUAS TENGAH', 60653, 1),
(60846, 'KAPUAS HULU', 60653, 1),
(60868, 'JENAMAS', 60867, 0),
(60874, 'DUSUN HILIR', 60867, 0),
(60885, 'KARAU KUALA', 60867, 0),
(60897, 'DUSUN UTARA', 60867, 0),
(60917, 'GN. BINTANG AWAI', 60867, 0),
(60939, 'DUSUN SELATAN', 60867, 0),
(60968, 'MONTALLAT', 60967, 0),
(60979, 'GUNUNG TIMANG', 60967, 0),
(60996, 'GUNUNG PUREI', 60967, 0),
(61008, 'TEWEH TIMUR', 60967, 0),
(61024, 'TEWEH TENGAH', 60967, 0),
(61052, 'LAHEI', 60967, 0),
(61078, 'KAMIPANG', 61077, 1),
(61088, 'KATINGAN HILIR', 61077, 1),
(61097, 'TEWANG SANGALANG GARING', 61077, 1),
(61108, 'PULAU MALAN', 61077, 1),
(61123, 'KATINGAN TENGAH', 61077, 1),
(61140, 'SANAMAN MANTIKEI', 61077, 1),
(61155, 'MARIKIT', 61077, 1),
(61174, 'KATINGAN HULU', 61077, 1),
(61197, 'MENDAWAI', 61077, 1),
(61205, 'KATINGAN KUALA', 61077, 0),
(61222, 'TASIK PAYAWAN', 61077, 1),
(61231, 'PETAK MALAI', 61077, 1),
(61239, 'BUKIT RAYA', 61077, 1),
(61252, 'SERUYAN HILIR', 61251, 1),
(61263, 'SERUYAN TENGAH', 61251, 1),
(61284, 'DANAU SEMBULUH', 61251, 1),
(61293, 'HANAU', 61251, 1),
(61301, 'SERUYAN HULU', 61251, 1),
(61322, 'SERUYAN HILIR TIMUR', 61251, 1),
(61329, 'SERUYAN RAYA', 61251, 1),
(61335, 'DANAU SELULUK', 61251, 1),
(61342, 'BATU AMPAR', 61251, 1),
(61352, 'SULING TAMBUN', 61251, 1),
(61363, 'SUKAMARA', 61362, 0),
(61372, 'JELAI', 61362, 0),
(61378, 'BALAI RIAM', 61362, 0),
(61387, 'PANTAI LUNCI', 61362, 0),
(61392, 'PERMATA KECUBUNG', 61362, 0),
(61401, 'LAMANDAU', 61400, 1),
(61412, 'DELANG', 61400, 1),
(61423, 'BULIK', 61400, 1),
(61436, 'BULIK TIMUR', 61400, 1),
(61449, 'MENTHOBI RAYA', 61400, 1),
(61461, 'SEMATU JAYA', 61400, 1),
(61469, 'BELANTIKAN RAYA', 61400, 1),
(61482, 'BATANG KAWA', 61400, 1),
(61493, 'KURUN', 61492, 0),
(61509, 'TEWAH', 61492, 0),
(61526, 'KAHAYAN HULU UTARA', 61492, 0),
(61539, 'RUNGAN', 61492, 0),
(61561, 'MANUHING', 61492, 0),
(61574, 'DAMANG BATU', 61492, 0),
(61583, 'MIRI MANASA', 61492, 0),
(61595, 'RUNGAN HULU', 61492, 0),
(61607, 'MAHUNING RAYA', 61492, 0),
(61615, 'PANDIH BATU', 61614, 1),
(61631, 'KAHAYAN KUALA', 61614, 1),
(61642, 'KAHAYAN TENGAH', 61614, 0),
(61657, 'BANAMA TINGANG', 61614, 0),
(61673, 'KAHAYAN HILIR', 61614, 1),
(61682, 'MALIKU', 61614, 1),
(61696, 'JABIREN', 61614, 1),
(61704, 'SEBANGAU KUALA', 61614, 1),
(61712, 'MURUNG', 61711, 1),
(61728, 'TANAH SIANG', 61711, 1),
(61756, 'LAUNG TUHUP', 61711, 1),
(61783, 'PERMATA INTAN', 61711, 1),
(61796, 'SUMBER BARITO', 61711, 1),
(61806, 'BARITO TUHUP RAYA', 61711, 1),
(61818, 'TANAH SIANG SELATAN', 61711, 1),
(61825, 'SUNGAI BABUAT', 61711, 1),
(61832, 'SERIBU RIAM', 61711, 1),
(61840, 'UUT MURUNG', 61711, 1),
(61847, 'DUSUN TIMUR', 61846, 1),
(61859, 'BANUA LIMA', 61846, 1),
(61866, 'PATANGKEP TUTUI', 61846, 0),
(61874, 'AWANG', 61846, 0),
(61883, 'DUSUN TENGAH', 61846, 1),
(61890, 'PEMATANG KARAU', 61846, 0),
(61901, 'PAJU EPAT', 61846, 0),
(61909, 'RAREN BATUAH', 61846, 0),
(61915, 'PAKU', 61846, 0),
(61921, 'KARUSEN JANANG', 61846, 1),
(61930, 'PAHANDUT', 61929, 0),
(61937, 'BUKIT BATU', 61929, 0),
(61945, 'JEKAN RAYA', 61929, 0),
(61950, 'SABANGAU', 61929, 0),
(61957, 'RAKUMPIT', 61929, 0),
(61967, 'TAKISUNG', 61966, 0),
(61980, 'JORONG', 61966, 0),
(61991, 'PELAIHARI', 61966, 0),
(62012, 'KURAU', 61966, 0),
(62024, 'BATI BATI', 61966, 0),
(62039, 'PANYIPATAN', 61966, 0),
(62050, 'KINTAP', 61966, 0),
(62065, 'TAMBANG ULANG', 61966, 0),
(62075, 'BATU AMPAR', 61966, 0),
(62090, 'BAJUIN', 61966, 0),
(62100, 'BUMI MAKMUR', 61966, 0),
(62113, 'PULAUSEMBILAN', 62112, 0),
(62119, 'PULAULAUT BARAT', 62112, 0),
(62141, 'PULAULAUT SELATAN', 62112, 0),
(62149, 'PULAULAUT TIMUR', 62112, 0),
(62164, 'PULAUSEBUKU', 62112, 0),
(62173, 'PULAULAUT UTARA', 62112, 0),
(62195, 'KELUMPANG SELATAN', 62112, 0),
(62205, 'KELUMPANG HULU', 62112, 0),
(62216, 'KELUMPANG TENGAH', 62112, 0),
(62230, 'KELUMPANG UTARA', 62112, 0),
(62238, 'PAMUKAN SELATAN', 62112, 0),
(62250, 'SAMPANAHAN', 62112, 0),
(62261, 'PAMUKAN UTARA', 62112, 0),
(62275, 'HAMPANG', 62112, 0),
(62284, 'SUNGAIDURIAN', 62112, 0),
(62292, 'KELUMPANG BARAT', 62112, 0),
(62299, 'PULAULAUT TENGAH', 62112, 0),
(62307, 'PULAULAUT KEPULAUAN', 62112, 0),
(62317, 'KELUMPANG HILIR', 62112, 0),
(62327, 'PAMUKAN BARAT', 62112, 0),
(62334, 'ALUH ALUH', 62333, 0),
(62354, 'KERTAK HANYAR', 62333, 0),
(62368, 'GAMBUT', 62333, 0),
(62383, 'SUNGAI TABUK', 62333, 0),
(62405, 'MARTAPURA', 62333, 0),
(62432, 'KARANG INTAN', 62333, 0),
(62459, 'ASTAMBUL', 62333, 0),
(62482, 'SIMPANG EMPAT', 62333, 0),
(62509, 'PENGAROM', 62333, 0),
(62522, 'SUNGAI PINANG', 62333, 0),
(62534, 'ARANIO', 62333, 0),
(62547, 'MATARAMAN', 62333, 0),
(62563, 'BERUNTUNG BARU', 62333, 0),
(62576, 'MARTAPURA BARAT', 62333, 0),
(62590, 'MARTAPURA TIMUR', 62333, 0),
(62611, 'SAMBUNG MAKMUR', 62333, 0),
(62619, 'PARAMASAN', 62333, 0),
(62624, 'TELAGA BAUNTUNG', 62333, 0),
(62629, 'TATAH MAKMUR', 62333, 0),
(62644, 'TABUNGANEN', 62643, 0),
(62659, 'TAMBAN', 62643, 0),
(62676, 'ANJIR PASAR', 62643, 0),
(62692, 'ANJIR MUARA', 62643, 0),
(62708, 'ALALAK', 62643, 0),
(62727, 'MANDASTANA', 62643, 0),
(62742, 'RANTAU BADAUH', 62643, 0),
(62752, 'BELAWANG', 62643, 0),
(62766, 'CERBON', 62643, 0),
(62775, 'BAKUMPAI', 62643, 0),
(62785, 'KURIPAN', 62643, 0),
(62795, 'TABUKAN', 62643, 0),
(62807, 'MEKARSARI', 62643, 0),
(62817, 'BARAMBAI', 62643, 0),
(62829, 'MARABAHAN', 62643, 0),
(62839, 'WANARAYA', 62643, 0),
(62853, 'JEJANGKIT', 62643, 0),
(62862, 'BINUANG', 62861, 1),
(62873, 'TAPIN SELATAN', 62861, 1),
(62884, 'TAPIN TENGAH', 62861, 1),
(62902, 'TAPIN UTARA', 62861, 1),
(62919, 'CANDI LARAS SELATAN', 62861, 1),
(62932, 'CANDI LARAS UTARA', 62861, 1),
(62946, 'BAKARANGAN', 62861, 0),
(62959, 'PIANI', 62861, 0),
(62968, 'BUNGUR', 62861, 1),
(62981, 'LOKPAIKAT', 62861, 1),
(62991, 'HATUNGUN', 62861, 1),
(63000, 'SALAM BABARIS', 62861, 0),
(63008, 'SUNGAI RAYA', 63007, 0),
(63027, 'PADANG BATUNG', 63007, 0),
(63045, 'TELAGA LANGSAT', 63007, 0),
(63057, 'ANGKINANG', 63007, 0),
(63069, 'KANDANGAN', 63007, 0),
(63088, 'SIMPUR', 63007, 0),
(63100, 'DAHA SELATAN', 63007, 0),
(63117, 'DAHA UTARA', 63007, 0),
(63137, 'KALUMPANG', 63007, 0),
(63147, 'LOKSADO', 63007, 0),
(63159, 'DAHA BARAT', 63007, 0),
(63168, 'HARUYAN', 63167, 1),
(63186, 'BATU BENAWA', 63167, 1),
(63201, 'LABUAN AMAS SELATAN', 63167, 1),
(63220, 'LABUAN AMAS UTARA', 63167, 1),
(63237, 'PANDAWAN', 63167, 1),
(63259, 'BARABAI', 63167, 1),
(63278, 'BATANG ALAI SELATAN', 63167, 1),
(63298, 'BATANG ALAI UTARA', 63167, 1),
(63313, 'HANTAKAN', 63167, 1),
(63326, 'BATANG ALAI TIMUR', 63167, 1),
(63338, 'LIMPASU', 63167, 1),
(63349, 'DANAU PANGGANG', 63348, 1),
(63366, 'BABIRIK', 63348, 1),
(63390, 'SUNGAI PANDAN', 63348, 1),
(63424, 'AMUNTAI SELATAN', 63348, 1),
(63455, 'AMUNTAI TENGAH', 63348, 1),
(63485, 'AMUNTAI UTARA', 63348, 1),
(63512, 'BANJANG', 63348, 1),
(63533, 'HAUR GADING', 63348, 1),
(63552, 'PAMINGGIR', 63348, 1),
(63560, 'SUNGAI TABUKAN', 63348, 1),
(63579, 'BANUA LAWAS', 63578, 0),
(63595, 'KELUA', 63578, 0),
(63608, 'TANTA', 63578, 0),
(63623, 'TANJUNG', 63578, 0),
(63639, 'HARUAI', 63578, 0),
(63653, 'MURUNG PUDAK', 63578, 0),
(63664, 'MUARA UYA', 63578, 0),
(63679, 'MUARA HARUS', 63578, 0),
(63687, 'PUGAAN', 63578, 0),
(63695, 'UPAU', 63578, 0),
(63702, 'JARO', 63578, 0),
(63712, 'BINTANG ARA', 63578, 0),
(63723, 'BATU LICIN', 63722, 0),
(63729, 'KUSAN HILIR', 63722, 0),
(63765, 'SUNGAI LOBAN', 63722, 0),
(63778, 'SATUI', 63722, 0),
(63793, 'KUSAN HULU', 63722, 0),
(63814, 'ANGSANA', 63722, 0),
(63823, 'KURANJI', 63722, 0),
(63830, 'KARANG BINTANG', 63722, 0),
(63841, 'SIMPANG EMPAT', 63722, 0),
(63854, 'MANTEWE', 63722, 0),
(63867, 'JUAI', 63866, 0),
(63889, 'HALONG', 63866, 0),
(63911, 'AWAYAN', 63866, 0),
(63935, 'BATU MANDI', 63866, 0),
(63954, 'LAMPIHONG', 63866, 0),
(63982, 'PARINGIN', 63866, 0),
(63999, 'PARINGIN SELATAN', 63866, 0),
(64016, 'TEBING TINGGI', 63866, 0),
(64028, 'BANJARMASIN SELATAN', 64027, 0),
(64041, 'BANJARMASIN TIMUR', 64027, 0),
(64051, 'BANJARMASIN BARAT', 64027, 0),
(64061, 'BANJARMASIN UTARA', 64027, 0),
(64072, 'BANJARMASIN TENGAH', 64027, 0),
(64086, 'LANDASAN ULIN', 64085, 0),
(64091, 'CEMPAKA', 64085, 0),
(64096, 'LIANG ANGGANG', 64085, 0),
(64101, 'BANJARBARU UTARA', 64085, 0),
(64106, 'BANJARBARU SELATAN', 64085, 0),
(64113, 'BATU SOPANG', 64112, 0),
(64122, 'TANJUNG HARAPAN', 64112, 0),
(64130, 'PASIR BALENGKONG', 64112, 0),
(64143, 'TANAH GROGOT', 64112, 0),
(64158, 'KUARO', 64112, 0),
(64170, 'LONG IKIS', 64112, 0),
(64194, 'MUARA KOMAM', 64112, 0),
(64207, 'LONG KALI', 64112, 0),
(64228, 'BATU ENGAU', 64112, 0),
(64238, 'MUARA SAMU', 64112, 0),
(64249, 'MUARA MUNTAI', 64248, 0),
(64263, 'LOA KULU', 64248, 0),
(64276, 'LOA JANAN', 64248, 0),
(64285, 'ANGGANA', 64248, 0),
(64294, 'MUARA BADAK', 64248, 0),
(64308, 'TENGGARONG', 64248, 0),
(64322, 'SEBULU', 64248, 0),
(64336, 'KOTA BANGUN', 64248, 0),
(64357, 'KENOHAN', 64248, 0),
(64366, 'KEMBANG JANGGUT', 64248, 0),
(64378, 'MUARA KAMAN', 64248, 0),
(64398, 'TABANG', 64248, 0),
(64418, 'SAMBOJA', 64248, 0),
(64442, 'MUARA JAWA', 64248, 0),
(64451, 'SANGA SANGA', 64248, 0),
(64457, 'TENGGARONG SEBERANG', 64248, 0),
(64476, 'MARANG KAYU', 64248, 0),
(64488, 'MUARA WIS', 64248, 0),
(64497, 'KELAY', 64496, 0),
(64512, 'TALISAYAN', 64496, 0),
(64522, 'SAMBALIUNG', 64496, 0),
(64537, 'SEGAH', 64496, 0),
(64549, 'TANJUNG REDEB', 64496, 0),
(64556, 'GUNUNG TABUR', 64496, 0),
(64568, 'PULAU DERAWAN', 64496, 0),
(64574, 'BIDUK-BIDUK', 64496, 0),
(64581, 'TELUK BAYUR', 64496, 0),
(64588, 'TABALAR', 64496, 0),
(64595, 'MARATUA', 64496, 0),
(64600, 'BATU PUTIH', 64496, 0),
(64608, 'BIATAN', 64496, 0),
(64618, 'TANJUNG PALAS', 64617, 1),
(64628, 'TANJUNG PALAS BARAT', 64617, 1),
(64634, 'TANJUNG PALAS UTARA', 64617, 1),
(64641, 'TANJUNG PALAS TIMUR', 64617, 1),
(64650, 'TANJUNG SELOR', 64617, 1),
(64660, 'TANJUNG PALAS TENGAH', 64617, 1),
(64664, 'PESO', 64617, 1),
(64675, 'PESO ILIR', 64617, 1),
(64682, 'SEKATAK', 64617, 1),
(64705, 'BUNYU', 64617, 1),
(64710, 'SEBATIK', 64709, 0),
(64723, 'NUNUKAN', 64709, 0),
(64733, 'SEMBAKUNG', 64709, 0),
(64754, 'LUMBIS', 64709, 0),
(64829, 'KRAYAN', 64709, 0),
(64890, 'SEBUKU', 64709, 0),
(64912, 'KRAYAN SELATAN', 64709, 0),
(64936, 'SEBATIK BARAT', 64709, 0),
(64944, 'NUNUKAN SELATAN', 64709, 0),
(64950, 'MENTARANG', 64949, 0),
(64965, 'MALINAU KOTA', 64949, 0),
(64972, 'PUJUNGAN', 64949, 0),
(64982, 'KAYAN HILIR', 64949, 0),
(64988, 'KAYAN HULU', 64949, 0),
(64994, 'MALINAU SELATAN', 64949, 0),
(65019, 'MALINAU UTARA', 64949, 0),
(65032, 'MALINAU BARAT', 64949, 0),
(65042, 'SUNGAI BOH', 64949, 0),
(65048, 'KAYAN SELATAN', 64949, 0),
(65054, 'BAHAU HULU', 64949, 0),
(65061, 'MENTARANG HULU', 64949, 0),
(65070, 'LONG APARI', 65069, 1),
(65081, 'LONG PAHANGAI', 65069, 1),
(65093, 'LONG BAGUN', 65069, 1),
(65105, 'LONG HUBUNG', 65069, 1),
(65114, 'LONG IRAM', 65069, 1),
(65126, 'MELAK', 65069, 1),
(65134, 'BARONG TONGKOK', 65069, 1),
(65156, 'DAMAI', 65069, 1),
(65171, 'MUARA LAWA', 65069, 1),
(65180, 'MUARA PAHU', 65069, 1),
(65193, 'JEMPANG', 65069, 1),
(65206, 'BONGAN', 65069, 1),
(65223, 'PENYINGGAHAN', 65069, 1),
(65229, 'BENTIAN BESAR', 65069, 1),
(65239, 'LINGGANG BIGUNG', 65069, 1),
(65249, 'NYUATAN', 65069, 1),
(65259, 'SILUQ NGURAI', 65069, 1),
(65275, 'MOOK MANAAR BULATN', 65069, 1),
(65289, 'TERING', 65069, 1),
(65302, 'SEKOLAQ DARAT', 65069, 1),
(65310, 'LAHAM', 65069, 1),
(65316, 'MUARA ANCALONG', 65315, 0),
(65325, 'MUARA WAHAU', 65315, 0),
(65336, 'MUARA BENGKAL', 65315, 0),
(65344, 'SANGATTA UTARA', 65315, 0),
(65349, 'SANGKULIRANG', 65315, 0),
(65365, 'BUSANG', 65315, 0),
(65372, 'TELEN', 65315, 0),
(65380, 'KOMBENG', 65315, 0),
(65388, 'BENGALON', 65315, 0),
(65400, 'KALIORANG', 65315, 0),
(65408, 'SANDARAN', 65315, 0),
(65416, 'SANGATTA SELATAN', 65315, 0),
(65421, 'TELUK PANDAN', 65315, 0),
(65428, 'RANTAU PULUNG', 65315, 0);
INSERT INTO `t_kecamatan` (`IDKecamatan`, `Nama`, `IDKabupaten`, `StatusSearch`) VALUES
(65437, 'KAUBUN', 65315, 0),
(65446, 'KARANGAN', 65315, 0),
(65454, 'BATU AMPAR', 65315, 0),
(65461, 'LONG MESANGAT', 65315, 0),
(65470, 'PENAJAM', 65469, 1),
(65494, 'WARU', 65469, 1),
(65499, 'BABULU', 65469, 0),
(65512, 'SEPAKU', 65469, 0),
(65529, 'BALIKPAPAN TIMUR', 65528, 0),
(65534, 'BALIKPAPAN BARAT', 65528, 0),
(65541, 'BALIKPAPAN UTARA', 65528, 0),
(65546, 'BALIKPAPAN TENGAH', 65528, 0),
(65554, 'BALIKPAPAN SELATAN', 65528, 0),
(65568, 'PALARAN', 65567, 0),
(65574, 'SAMARINDA SEBERANG', 65567, 0),
(65578, 'SAMARINDA ULU', 65567, 0),
(65587, 'SAMARINDA ILIR', 65567, 0),
(65593, 'SAMARINDA UTARA', 65567, 0),
(65599, 'SUNGAI KUNJANG', 65567, 0),
(65607, 'SAMBUTAN', 65567, 0),
(65613, 'SUNGAI PINANG', 65567, 0),
(65619, 'SAMARINDA KOTA', 65567, 0),
(65625, 'LOA JANAN ILIR', 65567, 0),
(65632, 'TARAKAN BARAT', 65631, 0),
(65638, 'TARAKAN TENGAH', 65631, 0),
(65644, 'TARAKAN TIMUR', 65631, 0),
(65652, 'TARAKAN UTARA', 65631, 0),
(65657, 'BONTANG UTARA', 65656, 1),
(65664, 'BONTANG SELATAN', 65656, 1),
(65671, 'BONTANG BARAT', 65656, 1),
(65676, 'SESAYAP', 65675, 0),
(65689, 'SESAYAP HILIR', 65675, 0),
(65698, 'TANA LIA', 65675, 0),
(65704, 'TUTUYAN', 65703, 0),
(65714, 'KOTABUNAN', 65703, 0),
(65722, 'NUANGAN', 65703, 0),
(65736, 'MODAYAG', 65703, 0),
(65754, 'MODAYAG BARAT', 65703, 0),
(65761, 'BOLAANG UKI', 65760, 0),
(65780, 'POSIGADAN', 65760, 0),
(65796, 'PINOLOSIAN', 65760, 0),
(65806, 'PINOLOSIAN TENGAH', 65760, 0),
(65812, 'PINOLOSIAN TIMUR', 65760, 0),
(65823, 'SANG TOMBOLANG', 65822, 1),
(65834, 'DUMOGA BARAT', 65822, 1),
(65846, 'DUMOGA TIMUR', 65822, 0),
(65864, 'DUMOGA UTARA', 65822, 1),
(65878, 'LOLAK', 65822, 0),
(65900, 'BOLAANG', 65822, 1),
(65908, 'LOLAYAN', 65822, 1),
(65923, 'PASSI BARAT', 65822, 0),
(65934, 'POIGAR', 65822, 1),
(65952, 'PASSI TIMUR', 65822, 0),
(65960, 'BOLAANG TIMUR', 65822, 1),
(65968, 'BILALANG', 65822, 1),
(65975, 'TONDANO BARAT', 65974, 0),
(65985, 'TONDANO TIMUR', 65974, 0),
(65997, 'ERIS', 65974, 0),
(66005, 'KOMBI', 65974, 0),
(66017, 'LEMBEAN TIMUR', 65974, 0),
(66025, 'KAKAS', 65974, 0),
(66046, 'TOMPASO', 65974, 0),
(66058, 'REMBOKEN', 65974, 0),
(66070, 'LANGOWAN TIMUR', 65974, 0),
(66078, 'LANGOWAN BARAT', 65974, 0),
(66089, 'SONDER', 65974, 0),
(66100, 'KAWANGKOAN', 65974, 0),
(66114, 'PINELENG', 65974, 0),
(66129, 'TOMBULU', 65974, 0),
(66138, 'TOMBARIRI', 65974, 0),
(66153, 'TONDANO UTARA', 65974, 0),
(66161, 'LANGOWAN SELATAN', 65974, 0),
(66171, 'TONDANO SELATAN', 65974, 0),
(66180, 'LANGOWAN UTARA', 65974, 0),
(66189, 'TABUKAN UTARA', 66188, 0),
(66214, 'NUSA TABUKAN', 66188, 0),
(66220, 'MANGANITU SELATAN', 66188, 0),
(66234, 'TATOARENG', 66188, 0),
(66242, 'TAMAKO', 66188, 0),
(66263, 'MANGANITU', 66188, 0),
(66282, 'TABUKAN TENGAH', 66188, 0),
(66301, 'TABUKAN SELATAN', 66188, 0),
(66316, 'KENDAHE', 66188, 0),
(66325, 'TAHUNA', 66188, 0),
(66334, 'TABUKAN SELATAN TENGAH', 66188, 0),
(66344, 'TABUKAN SELATAN TENGGARA', 66188, 0),
(66351, 'TAHUNA BARAT', 66188, 0),
(66358, 'TAHUNA TIMUR', 66188, 0),
(66367, 'KEPULAUAN MARORE', 66188, 0),
(66372, 'LIRUNG', 66371, 0),
(66380, 'BEO', 66371, 0),
(66387, 'RAINIS', 66371, 0),
(66399, 'ESSANG', 66371, 0),
(66408, 'NANUSA', 66371, 0),
(66418, 'KABARUAN', 66371, 0),
(66431, 'MELONGUANE', 66371, 0),
(66445, 'GEMEH', 66371, 0),
(66461, 'DAMAU', 66371, 0),
(66470, 'TAMPAN\' AMMA', 66371, 0),
(66482, 'SALIBABU', 66371, 0),
(66489, 'KALONGAN', 66371, 0),
(66495, 'MIANGAS', 66371, 0),
(66497, 'BEO UTARA', 66371, 0),
(66506, 'PULUTAN', 66371, 0),
(66512, 'MELONGUANE TIMUR', 66371, 0),
(66519, 'MORONGE', 66371, 0),
(66526, 'BEO SELATAN', 66371, 0),
(66534, 'ESSANG SELATAN', 66371, 0),
(66545, 'MODOINDING', 66544, 1),
(66554, 'TOMPASO BARU', 66544, 1),
(66565, 'RANOYAPO', 66544, 1),
(66577, 'MOTOLING', 66544, 1),
(66585, 'SINONSAYANG', 66544, 1),
(66596, 'TENGA', 66544, 1),
(66613, 'AMURANG', 66544, 1),
(66622, 'TUMPAAN', 66544, 1),
(66633, 'TARERAN', 66544, 1),
(66643, 'KUMELEMBUAI', 66544, 1),
(66651, 'MAESAAN', 66544, 1),
(66661, 'AMURANG BARAT', 66544, 1),
(66671, 'AMURANG TIMUR', 66544, 1),
(66680, 'TATAPAAN', 66544, 1),
(66692, 'MOTOLING BARAT', 66544, 1),
(66701, 'MOTOLING TIMUR', 66544, 0),
(66710, 'SULUUN TARERAN', 66544, 1),
(66719, 'KEMA', 66718, 0),
(66729, 'KAUDITAN', 66718, 0),
(66742, 'AIRMADIDI', 66718, 0),
(66752, 'WORI', 66718, 0),
(66772, 'DIMEMBE', 66718, 0),
(66784, 'LIKUPANG BARAT', 66718, 0),
(66803, 'LIKUPANG TIMUR', 66718, 0),
(66819, 'KALAWAT', 66718, 0),
(66832, 'TALAWAAN', 66718, 0),
(66845, 'LIKUPANG SELATAN', 66718, 0),
(66854, 'RATAHAN', 66853, 0),
(66870, 'PUSOMAEN', 66853, 0),
(66879, 'BELANG', 66853, 0),
(66890, 'RATATOTOK', 66853, 0),
(66900, 'TOMBATU', 66853, 0),
(66918, 'TOULUAAN', 66853, 0),
(66937, 'SANGKUB', 66936, 0),
(66949, 'BINTAUNA', 66936, 0),
(66965, 'BOLANGITANG TIMUR', 66936, 0),
(66982, 'BOLANGITANG BARAT', 66936, 0),
(66999, 'KAIDIPANG', 66936, 0),
(67013, 'PINOGALUMAN', 66936, 0),
(67036, 'SIAU TIMUR', 67035, 0),
(67051, 'SIAU BARAT', 67035, 0),
(67062, 'TAGULANDANG', 67035, 0),
(67077, 'SIAU TIMUR SELATAN', 67035, 0),
(67090, 'SIAU BARAT SELATAN', 67035, 0),
(67098, 'TAGULANDANG UTARA', 67035, 0),
(67105, 'BIARO', 67035, 0),
(67111, 'SIAU BARAT UTARA', 67035, 0),
(67119, 'SIAU TENGAH', 67035, 0),
(67124, 'TAGULANDANG SELATAN', 67035, 0),
(67131, 'BUNAKEN', 67130, 0),
(67140, 'TUMINITING', 67130, 0),
(67151, 'SINGKIL', 67130, 1),
(67161, 'WENANG', 67130, 1),
(67174, 'TIKALA', 67130, 0),
(67187, 'SARIO', 67130, 0),
(67195, 'WANEA', 67130, 1),
(67205, 'MAPANGET', 67130, 0),
(67217, 'MALALAYANG', 67130, 0),
(67228, 'LEMBEH SELATAN', 67227, 1),
(67236, 'MADIDIR', 67227, 1),
(67245, 'RANOWULU', 67227, 1),
(67257, 'AERTEMBAGA', 67227, 1),
(67268, 'MATUARI', 67227, 1),
(67277, 'GIRIAN', 67227, 1),
(67285, 'MAESA', 67227, 1),
(67294, 'LEMBEH UTARA', 67227, 1),
(67306, 'TOMOHON SELATAN', 67305, 0),
(67319, 'TOMOHON TENGAH', 67305, 1),
(67329, 'TOMOHON UTARA', 67305, 0),
(67340, 'TOMOHON BARAT', 67305, 0),
(67349, 'TOMOHON TIMUR', 67305, 1),
(67356, 'KOTAMOBAGU UTARA', 67355, 0),
(67365, 'KOTAMOBAGU TIMUR', 67355, 0),
(67376, 'KOTAMOBAGU SELATAN', 67355, 1),
(67386, 'KOTAMOBAGU BARAT', 67355, 0),
(67395, 'SIGI BIROMARU', 67394, 0),
(67413, 'PALOLO', 67394, 0),
(67433, 'NOKILALAKI', 67394, 0),
(67439, 'LINDU', 67394, 0),
(67444, 'KULAWI', 67394, 0),
(67457, 'KULAWI SELATAN', 67394, 0),
(67468, 'PIPIKORO', 67394, 0),
(67480, 'GUMBASA', 67394, 0),
(67487, 'DOLO SELATAN', 67394, 0),
(67499, 'TANAMBULAVA', 67394, 0),
(67504, 'DOLO BARAT', 67394, 0),
(67515, 'DOLO', 67394, 0),
(67527, 'KINOVARO', 67394, 0),
(67536, 'MARAWOLA', 67394, 0),
(67547, 'MARAWOLA BARAT', 67394, 0),
(67559, 'BATUI', 67558, 1),
(67573, 'BUNTA', 67558, 1),
(67593, 'KINTOM', 67558, 1),
(67608, 'LUWUK', 67558, 1),
(67630, 'LAMALA', 67558, 0),
(67650, 'BALANTAK', 67558, 0),
(67669, 'PAGIMANA', 67558, 1),
(67702, 'BUALEMO', 67558, 0),
(67719, 'TOILI', 67558, 1),
(67742, 'MASAMA', 67558, 1),
(67754, 'LUWUK TIMUR', 67558, 1),
(67767, 'TOILI BARAT', 67558, 1),
(67784, 'NUHON', 67558, 0),
(67803, 'MOILONG', 67558, 1),
(67820, 'BATUI SELATAN', 67558, 1),
(67831, 'LOBU', 67558, 0),
(67841, 'SIMPANG RAYA', 67558, 1),
(67854, 'BALANTAK SELATAN', 67558, 0),
(67867, 'POSO KOTA', 67866, 1),
(67872, 'POSO PESISIR', 67866, 1),
(67887, 'LAGE', 67866, 1),
(67902, 'PAMONA UTARA', 67866, 0),
(67923, 'PAMONA TIMUR', 67866, 1),
(67936, 'PAMONA SELATAN', 67866, 1),
(67949, 'LORE UTARA', 67866, 1),
(67957, 'LORE TENGAH', 67866, 0),
(67966, 'LORE SELATAN', 67866, 1),
(67975, 'POSO PESISIR UTARA', 67866, 1),
(67985, 'POSO PESISIR SELATAN', 67866, 1),
(67994, 'PAMONA BARAT', 67866, 1),
(68000, 'POSO KOTA SELATAN', 67866, 1),
(68006, 'POSO KOTA UTARA', 67866, 1),
(68013, 'LORE BARAT', 67866, 1),
(68020, 'LORE TIMUR', 67866, 1),
(68025, 'LORE PIORE', 67866, 0),
(68031, 'PAMONA TENGGARA', 67866, 0),
(68042, 'RIO PAKAVA', 68041, 1),
(68057, 'DOMPELAS SOJOL', 68041, 1),
(68070, 'BANAWA', 68041, 1),
(68085, 'LABUAN', 68041, 0),
(68092, 'SINDUE', 68041, 0),
(68106, 'SIRENJA', 68041, 1),
(68119, 'BALAESANG', 68041, 0),
(68130, 'SOJOL', 68041, 0),
(68140, 'BANAWA SELATAN', 68041, 1),
(68156, 'TANANTOVEA', 68041, 1),
(68165, 'PANEMBANI', 68041, 1),
(68172, 'SINDUE TOMBUSABORA', 68041, 0),
(68178, 'SINDUE TOBATA', 68041, 0),
(68184, 'BANAWA TENGAH', 68041, 1),
(68192, 'SOJOL UTARA', 68041, 0),
(68197, 'BALAESANG TANJUNG', 68041, 0),
(68207, 'DAMPAL SELATAN', 68206, 0),
(68217, 'DAMPAL UTARA', 68206, 0),
(68226, 'DONDO', 68206, 0),
(68239, 'BASIDONDO', 68206, 0),
(68247, 'OGODEIDE', 68206, 0),
(68259, 'LAMPASIO', 68206, 0),
(68268, 'BAOLAN', 68206, 0),
(68282, 'GALANG', 68206, 0),
(68294, 'TOLI-TOLI UTARA', 68206, 0),
(68304, 'DAKO PEMEAN', 68206, 0),
(68310, 'MOMUNU', 68309, 0),
(68326, 'BOKAT', 68309, 0),
(68342, 'BUNOBOGU', 68309, 1),
(68351, 'PALELEH', 68309, 0),
(68364, 'TILOAN', 68309, 1),
(68374, 'BUKAL', 68309, 0),
(68387, 'GADUNG', 68309, 1),
(68398, 'KARAMAT', 68309, 1),
(68406, 'PALELEH BARAT', 68309, 1),
(68414, 'BIAU', 68309, 1),
(68422, 'LAKEA', 68309, 1),
(68429, 'MORIS ATAS', 68428, 0),
(68450, 'LEMBO', 68428, 0),
(68475, 'PETASIA', 68428, 0),
(68504, 'BUNGKU UTARA', 68428, 0),
(68525, 'BUNGKU TENGAH', 68428, 0),
(68555, 'BUNGKU SELATAN', 68428, 0),
(68589, 'MENUI KEPULAUAN', 68428, 0),
(68608, 'BUNGKU BARAT', 68428, 0),
(68619, 'BUMI RAYA', 68428, 0),
(68633, 'BAHODOPI', 68428, 0),
(68646, 'SOYO JAYA', 68428, 0),
(68656, 'WITA PONDA', 68428, 0),
(68666, 'MAMOSALATO', 68428, 0),
(68682, 'LABOBO', 68681, 0),
(68690, 'BANGGAI', 68681, 0),
(68701, 'TOTIKUM', 68681, 0),
(68713, 'TINANGKUNG', 68681, 0),
(68725, 'LIANG', 68681, 0),
(68741, 'BULAGI', 68681, 0),
(68757, 'BUKO', 68681, 0),
(68768, 'BOKAN KEPULAUAN', 68681, 0),
(68784, 'BULAGI SELATAN', 68681, 0),
(68799, 'BANGGAI UTARA', 68681, 0),
(68806, 'TINANGKUNG SELATAN', 68681, 0),
(68816, 'BANGKURUNG', 68681, 0),
(68827, 'BANGGAI TENGAH', 68681, 0),
(68834, 'BANGGAI SELATAN', 68681, 0),
(68840, 'TOTIKUM SELATAN', 68681, 0),
(68848, 'PELING TENGAH', 68681, 0),
(68860, 'BULAGI UTARA', 68681, 0),
(68872, 'BUKO SELATAN', 68681, 0),
(68881, 'TINANGKUNG UTARA', 68681, 0),
(68888, 'PARIGI', 68887, 0),
(68899, 'AMPIBABO', 68887, 0),
(68911, 'TINOMBO', 68887, 0),
(68926, 'MOUTONG', 68887, 0),
(68938, 'TOMINI', 68887, 0),
(68948, 'SAUSU', 68887, 0),
(68957, 'BOLANO LAMBUNU', 68887, 0),
(68980, 'KASIMBAR', 68887, 0),
(68989, 'TORUE', 68887, 0),
(68996, 'TINOMBO SELATAN', 68887, 0),
(69011, 'PARIGI SELATAN', 68887, 0),
(69020, 'MEPANGA', 68887, 0),
(69031, 'TORIBULU', 68887, 0),
(69039, 'TAOPA', 68887, 0),
(69047, 'BALINGGI', 68887, 0),
(69054, 'PARIGI BARAT', 68887, 0),
(69060, 'SINIU', 68887, 0),
(69067, 'PALASA', 68887, 0),
(69076, 'PARIGI UTARA', 68887, 0),
(69082, 'PARIGI TENGAH', 68887, 0),
(69090, 'UNA UNA', 69089, 0),
(69104, 'TOGEAN', 69089, 1),
(69119, 'WALEA KEPULAUAN', 69089, 1),
(69133, 'AMPANA TETE', 69089, 1),
(69151, 'AMPANA KOTA', 69089, 0),
(69163, 'ULUBONGKA', 69089, 0),
(69181, 'TOJO BARAT', 69089, 0),
(69195, 'TOJO', 69089, 1),
(69212, 'WALEA BESAR', 69089, 1),
(69221, 'PALU TIMUR', 69220, 0),
(69230, 'PALU BARAT', 69220, 0),
(69246, 'PALU SELATAN', 69220, 0),
(69259, 'PALU UTARA', 69220, 0),
(69270, 'RANTEPAO', 69269, 0),
(69282, 'SESEAN', 69269, 1),
(69292, 'NANGGALA', 69269, 0),
(69302, 'RINDINGALLO', 69269, 1),
(69312, 'BUNTAO\'', 69269, 1),
(69319, 'SA\'DAN', 69269, 1),
(69330, 'SANGGALANGI', 69269, 1),
(69337, 'SOPAI', 69269, 1),
(69346, 'TIKALA', 69269, 1),
(69354, 'BALUSU', 69269, 1),
(69362, 'TALLUNGLIPU', 69269, 1),
(69370, 'DENDE\' PIONGAN NAPO', 69269, 1),
(69379, 'BUNTU PEPASAN', 69269, 1),
(69393, 'BARUPPU\'', 69269, 1),
(69398, 'KESU\'', 69269, 1),
(69406, 'TONDON', 69269, 1),
(69411, 'BANGKELEKILA\'', 69269, 1),
(69416, 'RANTEBUA', 69269, 1),
(69424, 'SESEAN SULOARA', 69269, 1),
(69430, 'KAPALA PITU', 69269, 1),
(69437, 'AWAN RANTE KARUA', 69269, 1),
(69443, 'BENTENG', 69442, 0),
(69447, 'BONTOHARU', 69442, 0),
(69456, 'BONTOMATENE', 69442, 0),
(69469, 'BONTOMANAI', 69442, 0),
(69478, 'BONTOSIKUYU', 69442, 0),
(69490, 'PASIMASUNGGU', 69442, 0),
(69497, 'PASIMARANNU', 69442, 0),
(69504, 'TAKA BONERATE', 69442, 0),
(69513, 'PASILAMBENA', 69442, 0),
(69519, 'PASIMASUNGGU TIMUR', 69442, 0),
(69524, 'BUKI', 69442, 0),
(69532, 'GANTARANG', 69531, 1),
(69553, 'UJUNG BULU', 69531, 1),
(69563, 'BONTO BAHARI', 69531, 1),
(69572, 'BONTO TIRO', 69531, 1),
(69585, 'HERLANG', 69531, 1),
(69594, 'KAJANG', 69531, 1),
(69614, 'BULUKUMPA', 69531, 1),
(69631, 'KINDANG', 69531, 1),
(69641, 'UJUNGLOE', 69531, 1),
(69654, 'RILAUALE', 69531, 1),
(69669, 'BISSAPPU', 69668, 1),
(69681, 'BANTAENG', 69668, 1),
(69691, 'EREMERASA', 69668, 1),
(69701, 'TOMPO BULU', 69668, 1),
(69712, 'PAJUKUKANG', 69668, 1),
(69723, 'ULUERE', 69668, 1),
(69730, 'GANTARANG KEKE', 69668, 1),
(69737, 'SINOA', 69668, 1),
(69745, 'BANGKALA', 69744, 1),
(69760, 'TAMALATEA', 69744, 1),
(69773, 'BINAMU', 69744, 0),
(69787, 'BATANG', 69744, 1),
(69794, 'KELARA', 69744, 0),
(69805, 'BANGKALA BARAT', 69744, 1),
(69814, 'BONTORAMBA', 69744, 1),
(69827, 'TURATEA', 69744, 1),
(69839, 'ARUNGKEKE', 69744, 1),
(69847, 'RUMBIA', 69744, 1),
(69860, 'TAROWANG', 69744, 1),
(69870, 'MAPPAKASUNGGU', 69869, 1),
(69877, 'MANGARABOMBANG', 69869, 1),
(69890, 'POLOMBANGKENG SELATAN', 69869, 1),
(69899, 'POLOMBANGKENG UTARA', 69869, 1),
(69915, 'GALESONG SELATAN', 69869, 1),
(69925, 'GALESONG UTARA', 69869, 1),
(69934, 'PATTALLASSANG', 69869, 1),
(69943, 'SANROBONE', 69869, 1),
(69949, 'GALESONG', 69869, 1),
(69963, 'BONTONOMPO', 69962, 1),
(69978, 'BAJENG', 69962, 1),
(69993, 'TOMPOBULLU', 69962, 1),
(70002, 'TINGGIMONCONG', 69962, 1),
(70010, 'PARANGLOE', 69962, 1),
(70018, 'BONTOMARANNU', 69962, 1),
(70028, 'PALANGGA', 69962, 0),
(70045, 'SOMBA UPU', 69962, 1),
(70060, 'BUNGAYA', 69962, 1),
(70069, 'TOMBOLOPAO', 69962, 1),
(70079, 'BIRINGBULU', 69962, 1),
(70091, 'BAROMBONG', 69962, 1),
(70099, 'PATTALASANG', 69962, 1),
(70108, 'MANUJU', 69962, 1),
(70116, 'BONTOLEMPANGANG', 69962, 1),
(70125, 'BONTONOMPO SELATAN', 69962, 1),
(70135, 'PARIGI', 69962, 1),
(70141, 'BAJENG BARAT', 69962, 1),
(70150, 'SINJAI BARAT', 70149, 0),
(70160, 'SINJAI  SELATAN', 70149, 0),
(70172, 'SINJAI TIMUR', 70149, 0),
(70186, 'SINJAI TENGAH', 70149, 0),
(70198, 'SINJAI UTARA', 70149, 0),
(70205, 'BULUPODDO', 70149, 0),
(70213, 'SINJAI BORONG', 70149, 0),
(70222, 'TELLU LIMPOE', 70149, 0),
(70234, 'PULAU SEMBILAN', 70149, 0),
(70240, 'BONTOCANI', 70239, 0),
(70252, 'KAHU', 70239, 0),
(70273, 'KAJUARA', 70239, 0),
(70292, 'SALOMEKKO', 70239, 0),
(70301, 'TONRA', 70239, 0),
(70313, 'LIBURENG', 70239, 0),
(70334, 'MARE', 70239, 0),
(70353, 'SIBULUE', 70239, 0),
(70374, 'BAREBBO', 70239, 0),
(70393, 'CINA', 70239, 0),
(70406, 'PONRE', 70239, 0),
(70416, 'LAPPARIAJA', 70239, 0),
(70426, 'LAMURU', 70239, 0),
(70439, 'ULAWENG', 70239, 0),
(70455, 'PALAKKA', 70239, 0),
(70471, 'AWANGPONE', 70239, 0),
(70490, 'TELLU SIATTINGE', 70239, 0),
(70508, 'AJANGALE', 70239, 0),
(70523, 'DUA BOCCOE', 70239, 0),
(70546, 'CENRANA', 70239, 0),
(70563, 'TANETE RIATTANG', 70239, 0),
(70572, 'TANETE RIATTANG BARAT', 70239, 0),
(70581, 'TANETE RIATTANG TIMUR', 70239, 0),
(70590, 'AMALI', 70239, 0),
(70606, 'TELLULIMPOE', 70239, 0),
(70618, 'BENGO', 70239, 0),
(70628, 'PATIMPENG', 70239, 0),
(70640, 'MANDAI', 70639, 1),
(70647, 'CAMBA', 70639, 1),
(70656, 'BANTIMURUNG', 70639, 1),
(70665, 'MAROS BARU', 70639, 1),
(70673, 'BONTOA', 70639, 1),
(70683, 'MALLLAWA', 70639, 1),
(70695, 'TANRALILI', 70639, 1),
(70704, 'MARUSU', 70639, 1),
(70712, 'SIMBANG', 70639, 1),
(70719, 'CENRANA', 70639, 1),
(70727, 'TOMPOBULU', 70639, 1),
(70736, 'LAU', 70639, 1),
(70743, 'MONCONG LOE', 70639, 1),
(70749, 'TURIKALE', 70639, 1),
(70758, 'LIUKANG TANGAYA', 70757, 0),
(70768, 'LIUKANG KALMAS', 70757, 0),
(70776, 'LIUKANG TUPABBIRING', 70757, 0),
(70785, 'PANGKAJENE', 70757, 0),
(70795, 'BALOCCI', 70757, 0),
(70801, 'BUNGORO', 70757, 0),
(70810, 'LABAKKANG', 70757, 0),
(70824, 'MARANG', 70757, 0),
(70835, 'SEGERI', 70757, 0),
(70842, 'MINASA TENE', 70757, 0),
(70851, 'MANDALLE', 70757, 0),
(70858, 'TONDONG TALLASA', 70757, 0),
(70865, 'LIUKANG TUPABBIRING UTARA', 70757, 0),
(70874, 'TANETE RIAJA', 70873, 0),
(70882, 'TANETE RILAU', 70873, 0),
(70893, 'BARRU', 70873, 0),
(70904, 'SOPPENG RIAJA', 70873, 0),
(70912, 'MALLUSETASI', 70873, 0),
(70921, 'PUJANANTING', 70873, 0),
(70928, 'BALUSU', 70873, 0),
(70936, 'MARIORIWAWO', 70935, 0),
(70950, 'LILIRIAJA', 70935, 0),
(70959, 'LILIRILAU', 70935, 0),
(70972, 'LALABATA', 70935, 0),
(70983, 'MARIORIAWA', 70935, 0),
(70994, 'DONRI DONRI', 70935, 0),
(71004, 'GANRA', 70935, 0),
(71009, 'CITTA', 70935, 0),
(71015, 'SABANGPARU', 71014, 0),
(71031, 'PAMMANA', 71014, 0),
(71047, 'TAKKALALLA', 71014, 0),
(71061, 'SAJOANGING', 71014, 0),
(71071, 'MAJAULENG', 71014, 0),
(71090, 'TEMPE', 71014, 0),
(71107, 'BELAWA', 71014, 0),
(71118, 'TANASITOLO', 71014, 0),
(71138, 'MANIANGPAJO', 71014, 0),
(71147, 'PITUMPANUA', 71014, 0),
(71162, 'BOLA', 71014, 0),
(71175, 'PENRANG', 71014, 0),
(71187, 'GILIRENG', 71014, 0),
(71198, 'KEERA', 71014, 0),
(71210, 'PANCA LAUTANG', 71209, 0),
(71221, 'TELLU LIMPOE', 71209, 0),
(71231, 'WATANG PULU', 71209, 0),
(71242, 'BARANTI', 71209, 0),
(71252, 'PANCA RIJANG', 71209, 0),
(71261, 'KULO', 71209, 0),
(71268, 'MARITENGNGAE', 71209, 0),
(71281, 'WT. SIDENRENG', 71209, 0),
(71290, 'DUA PITUE', 71209, 0),
(71301, 'PITU RIAWA', 71209, 0),
(71314, 'PITU RIASE', 71209, 0),
(71328, 'MATIRRO SOMPE', 71327, 0),
(71338, 'SUPPA', 71327, 0),
(71349, 'MATTIRO BULU', 71327, 0),
(71359, 'WATANG SAWITO', 71327, 0),
(71368, 'PATAMPANUA', 71327, 0),
(71379, 'DUAMPANUA', 71327, 0),
(71394, 'LEMBANG', 71327, 0),
(71409, 'CEMPA', 71327, 0),
(71417, 'TIROANG', 71327, 0),
(71423, 'LANRISANG', 71327, 0),
(71431, 'BATU LAPPA', 71327, 0),
(71438, 'MAIWA', 71437, 1),
(71461, 'ENREKANG', 71437, 1),
(71480, 'BARAKA', 71437, 1),
(71496, 'ANGGERAJA', 71437, 1),
(71512, 'ALLA', 71437, 1),
(71521, 'BUNGIN', 71437, 1),
(71528, 'CENDANA', 71437, 1),
(71536, 'CURIO', 71437, 1),
(71548, 'MALUA', 71437, 1),
(71557, 'BUNTU BATU', 71437, 0),
(71566, 'MASALLE', 71437, 1),
(71573, 'BAROKO', 71437, 1),
(71580, 'BASSE SANGTEMPE', 71579, 1),
(71605, 'LAROMPONG', 71579, 1),
(71619, 'SULI', 71579, 1),
(71633, 'BAJO', 71579, 1),
(71646, 'BUA PONRANG', 71579, 1),
(71657, 'WALENRANG', 71579, 1),
(71667, 'BELOPA', 71579, 1),
(71677, 'BUA', 71579, 1),
(71693, 'LAMASI', 71579, 1),
(71704, 'LAROMPONG SELATAN', 71579, 1),
(71715, 'PONRANG', 71579, 1),
(71726, 'LATIMOJONG', 71579, 1),
(71739, 'KAMANRE', 71579, 1),
(71748, 'BELOPA UTARA', 71579, 1),
(71757, 'WALENRANG BARAT', 71579, 1),
(71764, 'WALENRANG UTARA', 71579, 1),
(71776, 'WALENRANG TIMUR', 71579, 1),
(71785, 'LAMASI TIMUR', 71579, 1),
(71795, 'SULI BARAT', 71579, 1),
(71804, 'BAJO BARAT', 71579, 1),
(71814, 'PONRANG SELATAN', 71579, 1),
(71829, 'SALUPUTI', 71828, 0),
(71839, 'BITTUANG', 71828, 0),
(71855, 'BONGGAKARADENG', 71828, 0),
(71862, 'MAKALE', 71828, 0),
(71878, 'SIMBUANG', 71828, 0),
(71885, 'RANTETAYO', 71828, 0),
(71892, 'MENGKENDEK', 71828, 0),
(71910, 'SANGALLA', 71828, 0),
(71916, 'GANDANGBATU SILLANAN', 71828, 0),
(71929, 'REMBON', 71828, 0),
(71943, 'MAKALE UTARA', 71828, 0),
(71949, 'MAPPAK', 71828, 0),
(71956, 'MAKALE SELATAN', 71828, 0),
(71965, 'MASANDA', 71828, 0),
(71974, 'SANGALLA SELATAN', 71828, 0),
(71980, 'SANGALLA UTARA', 71828, 0),
(71987, 'MALIMBONG BALEPE', 71828, 0),
(71994, 'RANO', 71828, 0),
(72000, 'KURRA', 71828, 0),
(72008, 'MALANGKE', 72007, 1),
(72023, 'BONE BONE', 72007, 1),
(72044, 'MASAMBA', 72007, 1),
(72064, 'SABBANG', 72007, 1),
(72085, 'LIMBONG', 72007, 1),
(72093, 'SUKAMAJU', 72007, 1),
(72119, 'SEKO', 72007, 1),
(72132, 'MALANGKE BARAT', 72007, 1),
(72146, 'RAMPI', 72007, 1),
(72153, 'MAPPEDECENG', 72007, 1),
(72169, 'BAEBUNTA', 72007, 1),
(72191, 'MANGKUTANA', 72190, 1),
(72200, 'NUHA', 72190, 1),
(72206, 'TOWUTI', 72190, 1),
(72220, 'MALILI', 72190, 1),
(72236, 'ANGKONA', 72190, 1),
(72245, 'WOTU', 72190, 1),
(72258, 'BURAU', 72190, 1),
(72274, 'TOMONI', 72190, 0),
(72287, 'KALAENA', 72190, 1),
(72293, 'TOMONI TIMUR', 72190, 1),
(72302, 'WASUPONDA', 72190, 1),
(72310, 'MARISO', 72309, 0),
(72320, 'MAMAJANG', 72309, 0),
(72334, 'MAKASAR', 72309, 0),
(72349, 'UJUNG PANDANG', 72309, 0),
(72360, 'WAJO', 72309, 0),
(72369, 'BONTOALA', 72309, 0),
(72382, 'TALLO', 72309, 0),
(72398, 'UJUNG TANAH', 72309, 0),
(72411, 'PANAKUKKANG', 72309, 0),
(72423, 'TAMALATE', 72309, 0),
(72434, 'BIRINGKANAYA', 72309, 0),
(72442, 'MANGGALA', 72309, 0),
(72449, 'RAPPOCINI', 72309, 0),
(72460, 'TAMALANREA', 72309, 0),
(72468, 'BACUKIKI', 72467, 1),
(72472, 'UJUNG', 72467, 1),
(72478, 'SOREANG', 72467, 1),
(72486, 'BACUKIKI BARAT', 72467, 1),
(72494, 'WARA', 72493, 1),
(72501, 'WARA UTARA', 72493, 1),
(72508, 'WARA SELATAN', 72493, 1),
(72513, 'TELLUWANUA', 72493, 1),
(72521, 'WARA TIMUR', 72493, 1),
(72529, 'WARA BARAT', 72493, 1),
(72535, 'SENDANA', 72493, 1),
(72540, 'MUNGKAJANG', 72493, 0),
(72545, 'BARA', 72493, 1),
(72553, 'WUNDULAKO', 72552, 0),
(72565, 'TIRAWUTA', 72552, 0),
(72579, 'MOWEWE', 72552, 0),
(72588, 'KOLAKA', 72552, 0),
(72596, 'POMALAA', 72552, 0),
(72609, 'WATUBANGGA', 72552, 0),
(72622, 'LADONGI', 72552, 0),
(72636, 'WOLO', 72552, 0),
(72656, 'BAULA', 72552, 0),
(72666, 'ULUIWOI', 72552, 0),
(72680, 'LATAMBAGA', 72552, 0),
(72688, 'TANGGETADA', 72552, 0),
(72702, 'LAMBANDIA', 72552, 0),
(72723, 'SAMATURU', 72552, 0),
(72739, 'TINONDO', 72552, 0),
(72748, 'POLI-POLIA', 72552, 0),
(72757, 'LALOLAE', 72552, 0),
(72763, 'TOARI', 72552, 0),
(72770, 'POLINGGONA', 72552, 0),
(72777, 'LOEA', 72552, 0),
(72787, 'LAMBUYA', 72786, 1),
(72797, 'UNAAHA', 72786, 1),
(72807, 'WAWOTOBI', 72786, 1),
(72827, 'PONDIDAHA', 72786, 1),
(72843, 'SAMPARA', 72786, 1),
(72865, 'WAWONII BARAT', 72786, 1),
(72874, 'WAWONII TIMUR', 72786, 1),
(72880, 'ABUKI', 72786, 1),
(72897, 'SOROPIA', 72786, 1),
(72909, 'WAWONII SELATAN', 72786, 1),
(72916, 'WAWONII UTARA', 72786, 1),
(72926, 'TONGAUNA', 72786, 1),
(72944, 'LATOMA', 72786, 1),
(72955, 'PURIALA', 72786, 1),
(72968, 'UEPAI', 72786, 1),
(72985, 'WONGGEDUKU', 72786, 1),
(73010, 'BESULUTU', 72786, 1),
(73023, 'BONDOALA', 72786, 1),
(73039, 'ROUTA', 72786, 1),
(73046, 'ANGGABERI', 72786, 1),
(73052, 'MELUHU', 72786, 1),
(73061, 'AMONGGEDO', 72786, 1),
(73075, 'WAWONII TENGAH', 72786, 1),
(73083, 'ASINUA', 72786, 1),
(73089, 'KONAWE', 72786, 1),
(73099, 'KAPOIALA', 72786, 1),
(73110, 'WAWONII TENGGARA', 72786, 1),
(73120, 'WAWONII TIMUR LAUT', 72786, 1),
(73130, 'LALONGGASUMEETO', 72786, 1),
(73141, 'ONEMBUTE', 72786, 1),
(73151, 'MAGINTI', 73150, 0),
(73160, 'TIWORO TENGAH', 73150, 0),
(73169, 'TIWORO KEPULAUAN', 73150, 0),
(73179, 'SEWERGADI', 73150, 0),
(73190, 'KUSAMBI', 73150, 0),
(73201, 'NAPABALANO', 73150, 0),
(73208, 'MALIGANO', 73150, 0),
(73215, 'WAKORUMBA SELATAN', 73150, 0),
(73221, 'LASALEPA', 73150, 0),
(73229, 'BATALAIWARU', 73150, 0),
(73234, 'KATOBU', 73150, 0),
(73243, 'DURUKA', 73150, 0),
(73251, 'LOHIA', 73150, 0),
(73261, 'WATOPUTE', 73150, 0),
(73270, 'KONTUNAGA', 73150, 0),
(73277, 'BARANGKA', 73150, 0),
(73286, 'LAWA', 73150, 0),
(73295, 'KABANGKA', 73150, 0),
(73305, 'KABAWO', 73150, 0),
(73317, 'PARIGI', 73150, 0),
(73329, 'BONE', 73150, 0),
(73335, 'TONGKUNO', 73150, 0),
(73348, 'PASIR PUTIH', 73150, 0),
(73355, 'KONTU KOWUNA', 73150, 0),
(73362, 'MAROBO', 73150, 0),
(73368, 'TONGKUNO SELATAN', 73150, 0),
(73375, 'PASI KOLAGA', 73150, 0),
(73380, 'BATUKARA', 73150, 0),
(73385, 'WA DAGA', 73150, 0),
(73393, 'NAPANO KUSAMBI', 73150, 0),
(73400, 'TOWEA', 73150, 0),
(73406, 'TIWORO SELATAN', 73150, 0),
(73412, 'TIWORO UTARA', 73150, 0),
(73421, 'MAWASANGKA', 73420, 0),
(73439, 'MAWASANGKA TIMUR', 73420, 0),
(73448, 'LAKUDO', 73420, 0),
(73463, 'G U', 73420, 0),
(73474, 'BATAUGA', 73420, 0),
(73485, 'SAMPOLAWA', 73420, 0),
(73498, 'PASARWAJO', 73420, 0),
(73519, 'TELAGA RAYA', 73420, 0),
(73526, 'KADATUA', 73420, 0),
(73537, 'SIOMPU', 73420, 0),
(73546, 'BATU ATAS', 73420, 0),
(73554, 'KAPONTORI', 73420, 0),
(73571, 'LASALIMU', 73420, 0),
(73583, 'LASALIMU SELATAN', 73420, 0),
(73597, 'MAWASANGKA TENGAH', 73420, 0),
(73607, 'SIOMPU BARAT', 73420, 0),
(73614, 'SANGIA WAMBULU', 73420, 0),
(73621, 'LAPANDEWA', 73420, 0),
(73628, 'WABULA', 73420, 0),
(73634, 'WOLOWA', 73420, 0),
(73640, 'SIOTAPINA', 73420, 0),
(73651, 'TINANGGEA', 73650, 0),
(73673, 'ANGATA', 73650, 0),
(73697, 'ANDOOLO', 73650, 0),
(73718, 'PALANGGA', 73650, 0),
(73734, 'LANDONO', 73650, 0),
(73756, 'LAINEA', 73650, 0),
(73769, 'KONDA', 73650, 0),
(73786, 'RANOMEETO', 73650, 0),
(73799, 'KOLONO', 73650, 0),
(73830, 'MORAMO', 73650, 0),
(73851, 'LAONTI', 73650, 0),
(73872, 'LALEMBUU', 73650, 0),
(73891, 'BENUA', 73650, 0),
(73904, 'PALANGGA SELATAN', 73650, 0),
(73915, 'MOWILA', 73650, 0),
(73936, 'MORAMO UTARA', 73650, 0),
(73947, 'BUKE', 73650, 0),
(73963, 'WOLASI', 73650, 0),
(73971, 'LAEYA', 73650, 0),
(73989, 'BAITO', 73650, 0),
(73998, 'BASALA', 73650, 0),
(74008, 'RANOMEETO BARAT', 73650, 0),
(74019, 'POLEANG', 74018, 0),
(74030, 'POLEANG TIMUR', 74018, 0),
(74036, 'RAROWATU', 74018, 0),
(74045, 'RUMBIA', 74018, 0),
(74051, 'KABAENA', 74018, 0),
(74056, 'KABAENA TIMUR', 74018, 0),
(74064, 'POLEANG BARAT', 74018, 0),
(74074, 'MATA OLEO', 74018, 0),
(74085, 'RAROWATU UTARA', 74018, 0),
(74094, 'POLEANG UTARA', 74018, 0),
(74103, 'POLEANG SELATAN', 74018, 0),
(74109, 'POLEANG TENGGARA', 74018, 0),
(74114, 'KABAENA SELATAN', 74018, 0),
(74119, 'KABAENA BARAT', 74018, 0),
(74125, 'KABAENA UTARA', 74018, 0),
(74132, 'KABAENA TENGAH', 74018, 0),
(74140, 'KEP. MASALOKA RAYA', 74018, 0),
(74146, 'RUMBIA TENGAH', 74018, 0),
(74152, 'POLEANG TENGAH', 74018, 0),
(74157, 'TONTONUNU', 74018, 0),
(74163, 'LANTARI JAYA', 74018, 0),
(74173, 'MATA USU', 74018, 0),
(74180, 'WANGI-WANGI', 74179, 0),
(74201, 'KALEDUPA', 74179, 0),
(74218, 'TOMIA', 74179, 0),
(74229, 'BINONGKO', 74179, 0),
(74239, 'WANGI WANGI SELATAN', 74179, 0),
(74261, 'KALEDUPA SELATAN', 74179, 0),
(74272, 'TOMIA TIMUR', 74179, 0),
(74282, 'TOGO BINONGKO', 74179, 0),
(74289, 'LASUSUA', 74288, 0),
(74302, 'PAKUE', 74288, 0),
(74314, 'BATU PUTIH', 74288, 0),
(74326, 'RANTE ANGIN', 74288, 0),
(74334, 'KODEOHA', 74288, 0),
(74347, 'NGAPA', 74288, 0),
(74360, 'WAWO', 74288, 0),
(74368, 'LAMBAI', 74288, 0),
(74376, 'WATUNOHU', 74288, 0),
(74385, 'PAKUE TENGAH', 74288, 0),
(74396, 'PAKUE UTARA', 74288, 0),
(74406, 'POREHU', 74288, 0),
(74415, 'KATOI', 74288, 0),
(74422, 'TIWU', 74288, 0),
(74430, 'TOLALA', 74288, 0),
(74438, 'ASERA', 74437, 1),
(74459, 'WIWIRANO', 74437, 0),
(74469, 'LANGGIKIMA', 74437, 0),
(74476, 'MOLAWE', 74437, 1),
(74484, 'LASOLO', 74437, 0),
(74502, 'LEMBO', 74437, 0),
(74512, 'SAWA', 74437, 0),
(74526, 'KULISUSU', 74525, 0),
(74541, 'KAMBOWA', 74525, 0),
(74550, 'BONEGUNU', 74525, 0),
(74561, 'KULISUSU BARAT', 74525, 0),
(74571, 'KULISUSU UTARA', 74525, 0),
(74581, 'WAKORUMBA UTARA', 74525, 0),
(74591, 'MANDONGA', 74590, 0),
(74598, 'KENDARI', 74590, 0),
(74608, 'BARUGA', 74590, 0),
(74613, 'POASIA', 74590, 0),
(74618, 'KENDARI BARAT', 74590, 0),
(74628, 'ABELI', 74590, 0),
(74642, 'PUUWATU', 74590, 0),
(74649, 'KADIA', 74590, 0),
(74655, 'WUA-WUA', 74590, 0),
(74660, 'KAMBU', 74590, 0),
(74666, 'BETOAMBARI', 74665, 0),
(74672, 'WOLIO', 74665, 0),
(74680, 'SORA WALIO', 74665, 0),
(74685, 'BUNGI', 74665, 0),
(74691, 'KOKALUKUNA', 74665, 0),
(74698, 'MURHUM', 74665, 0),
(74710, 'LEA-LEA', 74665, 0),
(74718, 'LIMBOTO', 74717, 1),
(74733, 'TELAGA', 74717, 1),
(74743, 'BATUDAA', 74717, 1),
(74752, 'TIBAWA', 74717, 1),
(74769, 'BATUDAA PANTAI', 74717, 1),
(74779, 'BOLIYOHUTO', 74717, 1),
(74793, 'TELAGA BIRU', 74717, 1),
(74809, 'BONGOMEME', 74717, 1),
(74835, 'TOLANGOHULA', 74717, 1),
(74851, 'MOOTILANGO', 74717, 1),
(74862, 'PULUBALA', 74717, 1),
(74874, 'LIMBOTO BARAT', 74717, 1),
(74885, 'TILANGO', 74717, 1),
(74894, 'TABONGO', 74717, 1),
(74904, 'BILUHU', 74717, 1),
(74913, 'ASPARAGA', 74717, 1),
(74924, 'TALAGA JAYA', 74717, 1),
(74930, 'BILATO', 74717, 1),
(74942, 'PAGUYAMAN', 74941, 1),
(74965, 'WONOSARI', 74941, 1),
(74980, 'DULUPI', 74941, 1),
(74989, 'TILAMUTA', 74941, 1),
(75002, 'MANANGGU', 74941, 1),
(75012, 'BOTUMOITO', 74941, 1),
(75022, 'PAGUYAMAN PANTAI', 74941, 1),
(75032, 'TAPA', 75031, 1),
(75040, 'KABILA', 75031, 1),
(75053, 'SUWAWA', 75031, 1),
(75062, 'BONEPANTAI', 75031, 1),
(75075, 'BULANGO UTARA', 75031, 1),
(75085, 'TILONGKABILA', 75031, 1),
(75097, 'BOTUPINGGE', 75031, 1),
(75104, 'KABILA BONE', 75031, 1),
(75114, 'BONE RAYA', 75031, 1),
(75123, 'BONE', 75031, 1),
(75134, 'SUWAWA TIMUR', 75031, 1),
(75141, 'SUWAWA SELATAN', 75031, 1),
(75148, 'SUWAWA TENGAH', 75031, 1),
(75154, 'BULANGO ULU', 75031, 1),
(75161, 'BULANGO SELATAN', 75031, 1),
(75170, 'BULANGO TIMUR', 75031, 1),
(75176, 'BULAWA', 75031, 1),
(75184, 'POPAYATO', 75183, 1),
(75195, 'LEMITO', 75183, 1),
(75204, 'RANDANGAN', 75183, 1),
(75218, 'MARISA', 75183, 1),
(75227, 'PAGUAT', 75183, 1),
(75239, 'PATILANGGIO', 75183, 1),
(75246, 'TALUDITI', 75183, 1),
(75254, 'DENGILO', 75183, 1),
(75260, 'BUNTULIA', 75183, 1),
(75268, 'DUHIADAA', 75183, 1),
(75277, 'WANGGARASI', 75183, 1),
(75285, 'POPAYATO TIMUR', 75183, 1),
(75293, 'POPAYATO BARAT', 75183, 1),
(75302, 'ATINGGOLA', 75301, 1),
(75315, 'KWANDANG', 75301, 1),
(75330, 'ANGGREK', 75301, 1),
(75341, 'SUMALATA', 75301, 1),
(75352, 'TOLINGGULA', 75301, 1),
(75366, 'KOTA BARAT', 75365, 1),
(75374, 'KOTA SELATAN', 75365, 1),
(75380, 'KOTA UTARA', 75365, 1),
(75387, 'DUNGINGI', 75365, 1),
(75393, 'KOTA TIMUR', 75365, 1),
(75400, 'KOTA TENGAH', 75365, 1),
(75407, 'SIPATANA', 75365, 1),
(75413, 'DUMBO RAYA', 75365, 1),
(75419, 'HULONTHALANGI', 75365, 1),
(75427, 'BAMBALAMOTU', 75426, 0),
(75434, 'PASANGKAYU', 75426, 0),
(75441, 'BARAS', 75426, 0),
(75448, 'SARUDU', 75426, 0),
(75454, 'DAPURANG', 75426, 0),
(75460, 'DURIPOKU', 75426, 0),
(75465, 'BULU TABA', 75426, 0),
(75473, 'TIKKE RAYA', 75426, 0),
(75479, 'PEDONGGA', 75426, 0),
(75484, 'BAMBAIRA', 75426, 0),
(75489, 'SARJO', 75426, 0),
(75494, 'LARIANG', 75426, 0),
(75503, 'MAMUJU', 75502, 0),
(75512, 'TAPALANG', 75502, 0),
(75522, 'KALUKKU', 75502, 0),
(75536, 'KALUMPANG', 75502, 0),
(75549, 'BUDONG-BUDONG', 75502, 0),
(75561, 'PANGALE', 75502, 0),
(75571, 'PAPALANG', 75502, 0),
(75581, 'SAMPAGA', 75502, 0),
(75589, 'TOPOYO', 75502, 0),
(75605, 'KAROSSA', 75502, 0),
(75617, 'TOMMO', 75502, 0),
(75632, 'SIMBORO DAN KEPULAUAN', 75502, 0),
(75643, 'TAPALANG BARAT', 75502, 0),
(75651, 'TOBADAK', 75502, 0),
(75660, 'BONEHAU', 75502, 0),
(75671, 'MAMBI', 75670, 0),
(75693, 'ARALLE', 75670, 0),
(75716, 'MAMASA', 75670, 0),
(75729, 'PANA', 75670, 0),
(75743, 'TABULAHAN', 75670, 0),
(75758, 'SUMARORONG', 75670, 0),
(75769, 'MESSAWA', 75670, 0),
(75779, 'SESENAPADANG', 75670, 0),
(75790, 'TANDUK KALUA', 75670, 0),
(75803, 'TABANG', 75670, 0),
(75811, 'BAMBANG', 75670, 0),
(75832, 'BALLA', 75670, 0),
(75841, 'NOSU', 75670, 0),
(75849, 'TAWALIAN', 75670, 0),
(75854, 'RANTEBULAHAN TIMUR', 75670, 0),
(75864, 'TINAMBUNG', 75863, 1),
(75873, 'CAMPALAGIAN', 75863, 1),
(75892, 'WONOMULYO', 75863, 1),
(75907, 'POLEWALI', 75863, 1),
(75917, 'TUTAR', 75863, 1),
(75931, 'BINUANG', 75863, 1),
(75942, 'TAPANGO', 75863, 1),
(75957, 'MAPILLI', 75863, 1),
(75970, 'MATANGNGA', 75863, 1),
(75978, 'LUYO', 75863, 1),
(75990, 'LIMBORO', 75863, 1),
(76002, 'BALANIPA', 75863, 1),
(76014, 'ANREAPI', 75863, 1),
(76020, 'MATAKALI', 75863, 1),
(76028, 'ALLU', 75863, 1),
(76037, 'BULO', 75863, 1),
(76048, 'BANGGAE', 76047, 1),
(76053, 'PAMBOANG', 76047, 1),
(76061, 'SENDANA', 76047, 1),
(76068, 'MALUNDA', 76047, 1),
(76075, 'ULUMUNDA', 76047, 1),
(76080, 'TAMMERODO SENDANA', 76047, 1),
(76085, 'TUBO SENDANA', 76047, 0),
(76090, 'BANGGAE TIMUR', 76047, 1),
(76098, 'MOA LAKOR', 76097, 0),
(76111, 'DAMER', 76097, 0),
(76119, 'MNDONA HIERA', 76097, 0),
(76131, 'PULAU-PULAU BABAR', 76097, 0),
(76149, 'PULAU-PULAU BABAR TIMUR', 76097, 0),
(76178, 'WETAR', 76097, 0),
(76202, 'PULAU-PULAU TERSELATAN', 76097, 1),
(76215, 'PULAU LETI', 76097, 0),
(76224, 'NAMROLE', 76223, 0),
(76235, 'WAESAMA', 76223, 0),
(76244, 'AMBALAU', 76223, 0),
(76252, 'KEPALA MADAN', 76223, 0),
(76263, 'LEKSULA', 76223, 0),
(76285, 'AMAHAI', 76284, 0),
(76297, 'TEON NILA SERUA', 76284, 0),
(76315, 'SERAM UTARA', 76284, 0),
(76347, 'BANDA', 76284, 0),
(76360, 'TEHORU', 76284, 0),
(76381, 'SAPARUA', 76284, 0),
(76398, 'PULAU HARUKU', 76284, 0),
(76410, 'SALAHUTU', 76284, 0),
(76417, 'LEIHITU', 76284, 0),
(76429, 'NUSA LAUT', 76284, 0),
(76437, 'KOTA MASOHI', 76284, 0),
(76443, 'SERAM UTARA BARAT', 76284, 0),
(76456, 'TELUK ELPAPUTIH', 76284, 0),
(76464, 'LEIHITU BARAT', 76284, 0),
(76471, 'KEI KECIL', 76470, 0),
(76494, 'KEI BESAR', 76470, 0),
(76516, 'KEI BESAR SELATAN', 76470, 0),
(76531, 'KEI BESAR UTARA TIMUR', 76470, 0),
(76545, 'KEI KECIL TIMUR', 76470, 0),
(76559, 'KEI KECIL BARAT', 76470, 0),
(76569, 'TANIMBAR SELATAN', 76568, 0),
(76581, 'SELARU', 76568, 0),
(76588, 'WER TAMRIAN', 76568, 0),
(76597, 'WER MAKTIAN', 76568, 0),
(76606, 'TANIMBAR UTARA', 76568, 0),
(76615, 'YARU', 76568, 0),
(76622, 'WUAR LABOBAR', 76568, 0),
(76635, 'KORMOMOLIN', 76568, 0),
(76645, 'NIRUNMAS', 76568, 0),
(76652, 'NAMLEA', 76651, 0),
(76664, 'AIR BUAYA', 76651, 0),
(76673, 'WAEAPO', 76651, 0),
(76692, 'WAPLAU', 76651, 0),
(76702, 'BATABUAL', 76651, 0),
(76709, 'BULA', 76708, 0),
(76719, 'SERAM TIMUR', 76708, 0),
(76730, 'WERINAMA', 76708, 0),
(76741, 'PULAU GORONG', 76708, 0),
(76753, 'WAKATE', 76708, 0),
(76763, 'TUTUK TOLU', 76708, 0),
(76772, 'KAIRATU', 76771, 0),
(76802, 'SERAM BARAT', 76771, 0),
(76815, 'TANIWEL', 76771, 1),
(76850, 'HUAMUAL', 76771, 0),
(76869, 'PULAU-PULAU ARU', 76868, 0),
(76886, 'ARU SELATAN', 76868, 0),
(76906, 'ARU TENGAH', 76868, 0),
(76930, 'ARU UTARA', 76868, 0),
(76960, 'ARU TENGAH TIMUR', 76868, 0),
(76974, 'ARU TENGAH SELATAN', 76868, 0),
(76982, 'ARU SELATAN TIMUR', 76868, 0),
(76996, 'NUSANIWE', 76995, 0),
(77010, 'SIRIMAU', 76995, 0),
(77025, 'BAGUALA', 76995, 0),
(77033, 'TELUK AMBON', 76995, 0),
(77042, 'LEITIMUR SELATAN', 76995, 0),
(77052, 'PULAU DULLAH UTARA', 77051, 0),
(77061, 'PULAU DULLAH SELATAN', 77051, 0),
(77067, 'TAYANDO TAM', 77051, 0),
(77073, 'PULAU-PULAU KUR', 77051, 0),
(77087, 'MOROTAI SELATAN', 77086, 0),
(77108, 'MOROTAI SELATAN BARAT', 77086, 0),
(77126, 'MOROTAI JAYA', 77086, 0),
(77136, 'MOROTAI UTARA', 77086, 0),
(77146, 'MOROTAI TIMUR', 77086, 0),
(77156, 'JAILOLO', 77155, 1),
(77186, 'LOLODA', 77155, 1),
(77209, 'IBU', 77155, 1),
(77223, 'SAHU', 77155, 1),
(77240, 'JAILOLO SELATAN', 77155, 0),
(77259, 'JAILOLO TIMUR', 77155, 0),
(77266, 'IBU UTARA', 77155, 1),
(77280, 'IBU SELATAN', 77155, 1),
(77294, 'SAHU TIMUR', 77155, 1),
(77312, 'WEDA', 77311, 0),
(77322, 'PATANI', 77311, 0),
(77332, 'PULAU GEBE', 77311, 0),
(77339, 'WEDA UTARA', 77311, 0),
(77347, 'WEDA SELATAN', 77311, 0),
(77355, 'PATANI UTARA', 77311, 0),
(77365, 'GALELA', 77364, 0),
(77373, 'TOBELO', 77364, 0),
(77384, 'TOBELO SELATAN', 77364, 0),
(77398, 'KAO', 77364, 0),
(77413, 'MALIFUT', 77364, 0),
(77436, 'LOLODA UTARA', 77364, 0),
(77455, 'TOBELO UTARA', 77364, 0),
(77466, 'TOBELO TENGAH', 77364, 0),
(77476, 'TOBELO TIMUR', 77364, 0),
(77483, 'TOBELO BARAT', 77364, 0),
(77489, 'GALELA BARAT', 77364, 0),
(77499, 'GALELA UTARA', 77364, 0),
(77512, 'GALELA SELATAN', 77364, 0),
(77520, 'LOLODA KEPULAUAN', 77364, 0),
(77531, 'KAO UTARA', 77364, 0),
(77544, 'KAO BARAT', 77364, 0),
(77566, 'KAO TELUK', 77364, 0),
(77579, 'PULAU MAKIAN', 77578, 0),
(77595, 'KAYOA', 77578, 0),
(77610, 'GANE TIMUR', 77578, 1),
(77623, 'GANE BARAT', 77578, 0),
(77634, 'OBI SELATAN', 77578, 0),
(77643, 'OBI', 77578, 1),
(77653, 'BACAN TIMUR', 77578, 0),
(77664, 'BACAN', 77578, 1),
(77679, 'BACAN BARAT', 77578, 0),
(77687, 'MAKIAN BARAT', 77578, 1),
(77695, 'KAYOA BARAT', 77578, 1),
(77700, 'KAYOA SELATAN', 77578, 1),
(77707, 'KAYOA UTARA', 77578, 1),
(77714, 'BACAN BARAT UTARA', 77578, 0),
(77723, 'KASIRUTA BARAT', 77578, 0),
(77734, 'KASIRUTA TIMUR', 77578, 1),
(77743, 'BACAN SELATAN', 77578, 0),
(77754, 'KEPULAUAN BOTANGLOMANG', 77578, 1),
(77763, 'MANDIOLI SELATAN', 77578, 0),
(77770, 'MANDIOLI UTARA', 77578, 0),
(77777, 'BACAN TIMUR SELATAN', 77578, 0),
(77785, 'BACAN TIMUR TENGAH', 77578, 0),
(77793, 'GANE BARAT SELATAN', 77578, 0),
(77802, 'GANE BARAT UTARA', 77578, 1),
(77815, 'KEPULAUAN JORONGA', 77578, 1),
(77823, 'GANE TIMUR SELATAN', 77578, 0),
(77829, 'GANE TIMUR TENGAH', 77578, 0),
(77838, 'OBI BARAT', 77578, 0),
(77845, 'OBI TIMUR', 77578, 0),
(77850, 'OBI UTARA', 77578, 0),
(77859, 'MANGOLI TIMUR', 77858, 0),
(77863, 'SANANA', 77858, 0),
(77875, 'SULABESI BARAT', 77858, 0),
(77879, 'TALIABU BARAT', 77858, 0),
(77884, 'TALIABU TIMUR SELATAN', 77858, 0),
(77890, 'MANGOLI BARAT', 77858, 0),
(77895, 'SULABESI TENGAH', 77858, 0),
(77901, 'SULABESI TIMUR', 77858, 0),
(77906, 'SULABESI SELATAN', 77858, 0),
(77910, 'MANGOLI UTARA TIMUR', 77858, 0),
(77914, 'MANGOLI TENGAH', 77858, 0),
(77920, 'MANGOLI SELATAN', 77858, 0),
(77925, 'MANGOLI UTARA', 77858, 0),
(77928, 'TALIABU -TIMUR', 77858, 0),
(77932, 'TALIABU UTARA', 77858, 0),
(77940, 'TALIABU BARAT LAUT', 77858, 0),
(77942, 'TALIABU SELATAN', 77858, 0),
(77948, 'SANANA UTARA', 77858, 0),
(77952, 'LEDE', 77858, 0),
(77957, 'WASILE', 77956, 0),
(77964, 'MABA', 77956, 0),
(77972, 'MABA SELATAN', 77956, 0),
(77979, 'WASILE SELATAN', 77956, 0),
(77994, 'WASILE TENGAH', 77956, 0),
(78003, 'WASILE UTARA', 77956, 0),
(78010, 'WASILE TIMUR', 77956, 0),
(78017, 'MABA TENGAH', 77956, 0),
(78026, 'MABA UTARA', 77956, 0),
(78034, 'KOTA MABA', 77956, 0),
(78041, 'PULAU TERNATE', 78040, 0),
(78059, 'KOTA TERNATE SELATAN', 78040, 0),
(78077, 'KOTA TERNATE UTARA', 78040, 0),
(78092, 'PULAU MOTI', 78040, 0),
(78099, 'PULAU BATANG DUA', 78040, 0),
(78106, 'KOTA TERNATE TENGAH', 78040, 0),
(78123, 'TIDORE', 78122, 1),
(78135, 'OBA UTARA', 78122, 1),
(78148, 'OBA', 78122, 1),
(78158, 'TIDORE SELATAN', 78122, 1),
(78167, 'TIDORE UTARA', 78122, 1),
(78180, 'OBA TENGAH', 78122, 1),
(78190, 'OBA SELATAN', 78122, 1),
(78198, 'TIDORE TIMUR', 78122, 1),
(78205, 'SUGAPA', 78204, 0),
(78222, 'HOMEYO', 78204, 0),
(78241, 'WANDAI', 78204, 0),
(78251, 'BIANDOGA', 78204, 0),
(78267, 'AGISIGA', 78204, 0),
(78280, 'HITADIPA', 78204, 0),
(78290, 'TIGI', 78289, 0),
(78298, 'TIGI TIMUR', 78289, 0),
(78305, 'BOWOBADO', 78289, 0),
(78309, 'TIGI BARAT', 78289, 0),
(78322, 'KAPIRAYA', 78289, 0),
(78325, 'KARUBAGA', 78324, 0),
(78352, 'BOKONDINI', 78324, 0),
(78367, 'KANGGIME', 78324, 0),
(78386, 'KEMBU', 78324, 0),
(78404, 'GOYAGE', 78324, 0),
(78424, 'WUNIM', 78324, 0),
(78439, 'WINA', 78324, 0),
(78453, 'UMAGI', 78324, 0),
(78466, 'PANAGA', 78324, 0),
(78480, 'WONIKI', 78324, 0),
(78501, 'KUBU', 78324, 0),
(78527, 'KONDA/ KONDAGA', 78324, 0),
(78546, 'NELAWI', 78324, 0),
(78569, 'KUARI', 78324, 0),
(78588, 'BOKONERI', 78324, 0),
(78606, 'BEWANI', 78324, 0),
(78621, 'NABUNAGE', 78324, 0),
(78647, 'GILUBANDU', 78324, 0),
(78661, 'NUNGGAWI', 78324, 0),
(78688, 'GUNDAGI', 78324, 0),
(78707, 'NUMBA', 78324, 0),
(78725, 'TIMORI', 78324, 0),
(78740, 'DUNDU', 78324, 0),
(78755, 'GEYA', 78324, 0),
(78776, 'EGIAM', 78324, 0),
(78788, 'POGANERI', 78324, 0),
(78808, 'KAMBONERI', 78324, 0),
(78821, 'AIRGARAM', 78324, 0),
(78830, 'WARI/TAIYEVE II', 78324, 0),
(78850, 'DOW', 78324, 0),
(78863, 'INGGERUS', 78862, 0),
(78877, 'MASIREI', 78862, 0),
(78886, 'RISEI SAYATI', 78862, 0),
(78890, 'WAPOGA', 78862, 0),
(78897, 'WAROPEN BAWAH', 78862, 0),
(78910, 'KIRIHI', 78862, 0),
(78928, 'MANDOBO', 78927, 0),
(78942, 'MINDIPTANA', 78927, 0),
(78964, 'WAROPKO', 78927, 0),
(78979, 'KOUH', 78927, 0),
(78998, 'JAIR', 78927, 0),
(79009, 'BOMAKIA', 78927, 0),
(79020, 'OBAA', 79019, 1),
(79038, 'NAMBIOMAN BAPAI', 79019, 1),
(79051, 'CITAK-MITAK', 79019, 1),
(79065, 'EDERA', 79019, 1),
(79084, 'HAJU', 79019, 1),
(79103, 'ASSUE', 79019, 1),
(79119, 'KAIBAR', 79019, 1),
(79131, 'PASSUE', 79019, 1),
(79141, 'MINYAMUR', 79019, 1),
(79152, 'VENAHA', 79019, 1),
(79164, 'AGATS', 79163, 0),
(79174, 'ATSJ', 79163, 0),
(79197, 'SAWA ERMA', 79163, 0),
(79234, 'AKAT', 79163, 0),
(79244, 'FAYIT', 79163, 0),
(79257, 'PANTAI KASUARI', 79163, 0),
(79293, 'SUATOR', 79163, 0),
(79311, 'SUPIORI SELATAN', 79310, 0),
(79319, 'SUPIORI UTARA', 79310, 0),
(79325, 'SUPIORI TIMUR', 79310, 0),
(79336, 'KEPULAUAN ARURI', 79310, 0),
(79346, 'SUPIORI BARAT', 79310, 0),
(79355, 'MAMBERAMO TENGAH', 79354, 0),
(79367, 'MAMBERAMO HULU', 79354, 0),
(79376, 'RUFAER', 79354, 0),
(79383, 'MAMBERAMO TENGAH TIMUR', 79354, 0),
(79391, 'MAMBERAMO HILIR', 79354, 0),
(79399, 'WAROPEN ATAS', 79354, 0),
(79408, 'BENUKI', 79354, 0),
(79415, 'SAWAI', 79354, 0),
(79422, 'JAYAPURA UTARA', 79421, 0),
(79431, 'JAYAPURA SELATAN', 79421, 0),
(79439, 'ABEPURA', 79421, 0),
(79451, 'MUARA TAMI', 79421, 0),
(79460, 'HERAM', 79421, 0),
(79467, 'KOBAGMA', 79466, 0),
(79483, 'KELILA', 79466, 0),
(79503, 'ERAGAYAM', 79466, 0),
(79519, 'MEGAMBILIS', 79466, 0),
(79524, 'ILUGWA', 79466, 0),
(79532, 'ELELIM', 79531, 0),
(79537, 'APALAPSILI', 79531, 0),
(79542, 'ABENAHO', 79531, 0),
(79553, 'BENAWA', 79531, 0),
(79558, 'WELAREK', 79531, 0),
(79630, 'KENYAM', 79629, 0),
(79632, 'MAPENDUMA', 79629, 0),
(79637, 'YIGI', 79629, 0),
(79642, 'WOSAK', 79629, 0),
(79647, 'MUGI', 79629, 0),
(79651, 'MBUWA', 79629, 0),
(79656, 'GESELMA', 79629, 0),
(79661, 'GEAREK', 79629, 0),
(79664, 'ILAGA', 79663, 1),
(79680, 'WANGBE', 79663, 1),
(79692, 'BEOGA', 79663, 1),
(79705, 'DOUFO', 79663, 1),
(79711, 'POGOMA', 79663, 1),
(79722, 'SINAK', 79663, 1),
(79735, 'AGANDUGUME', 79663, 1),
(79739, 'GOME', 79663, 1),
(79753, 'KAMU', 79752, 0),
(79777, 'KAMU UTARA', 79752, 0),
(79782, 'SUKIKAI SELATAN', 79752, 0),
(79803, 'KAMU SELATAN', 79752, 0),
(79811, 'KAMU TIMUR', 79752, 0),
(79819, 'MAPIA TENGAH', 79752, 0),
(79827, 'MERAUKE', 79826, 0),
(79838, 'MUTING', 79826, 0),
(79851, 'OKABA', 79826, 0),
(79860, 'KIMAAM', 79826, 0),
(79872, 'SEMANGGA', 79826, 0),
(79883, 'TANAH MIRING', 79826, 0),
(79897, 'JAGEBOB', 79826, 0),
(79912, 'SOTA', 79826, 0),
(79918, 'ULILIN', 79826, 0),
(79930, 'ELIKOBAL', 79826, 0),
(79943, 'KURIK', 79826, 0),
(79953, 'NAUKENJERAI', 79826, 0),
(79959, 'KAPTEL', 79826, 0),
(79964, 'TUBANG', 79826, 0),
(79971, 'NGGUTI', 79826, 0),
(79977, 'TABONJI', 79826, 0),
(79987, 'WAAN', 79826, 0),
(79996, 'ILWAYAB', 79826, 0),
(80001, 'MALIND', 79826, 0),
(80009, 'ANIMHA', 79826, 0),
(80016, 'WAMENA', 80015, 0),
(80031, 'ASOLOGAIMA', 80015, 0),
(80052, 'KURULU', 80015, 0),
(80070, 'MUSATFAK', 80015, 0),
(80075, 'ASOLOKOBAL', 80015, 0),
(80085, 'WALELAGAMA', 80015, 0),
(80094, 'HUBIKOSI', 80015, 0),
(80100, 'PELEBAGA', 80015, 0),
(80113, 'BOLAKME', 80015, 0),
(80129, 'YALENGGA', 80015, 0),
(80135, 'WOLO', 80015, 0),
(80145, 'SENTANI', 80144, 1),
(80156, 'SENTANI TIMUR', 80144, 1),
(80164, 'DEPAPRE', 80144, 1),
(80173, 'SENTANI BARAT', 80144, 1),
(80179, 'KEMTUK', 80144, 1),
(80191, 'KEMTUK GRESI', 80144, 1),
(80204, 'NIMBORAN', 80144, 1),
(80219, 'NIMBOKRANG', 80144, 1),
(80229, 'UNURUM GUAY', 80144, 1),
(80236, 'DEMTA', 80144, 1),
(80244, 'KAUREH', 80144, 1),
(80249, 'EBUNGFA', 80144, 1),
(80255, 'WAIBU', 80144, 1),
(80263, 'NAMBLUONG', 80144, 1),
(80273, 'YAPSI', 80144, 1),
(80283, 'AIRU', 80144, 1),
(80293, 'RAVENI RARA', 80144, 1),
(80298, 'GRESI  SELATAN', 80144, 1),
(80303, 'YOKARI', 80144, 1),
(80310, 'NABIRE', 80309, 0),
(80323, 'NAPAN', 80309, 0),
(80332, 'YAUR', 80309, 0),
(80337, 'UWAPA', 80309, 0),
(80354, 'WANGGAR', 80309, 0),
(80360, 'SIRIWO', 80309, 0),
(80367, 'MAKIMI', 80309, 0),
(80374, 'TELUK UMAR', 80309, 0),
(80379, 'TELUK KIMI', 80309, 0),
(80385, 'YARO', 80309, 0),
(80392, 'WAPOGA', 80309, 0),
(80396, 'NABIRE BARAT', 80309, 0),
(80403, 'YAPEN SELATAN', 80402, 0),
(80418, 'YAPEN BARAT', 80402, 0),
(80427, 'YAPEN TIMUR', 80402, 0),
(80437, 'ANGKAISERA', 80402, 0),
(80452, 'POOM', 80402, 0),
(80459, 'KOSIWO', 80402, 0),
(80470, 'YAPEN UTARA', 80402, 0),
(80477, 'RAIMBAWI', 80402, 0),
(80489, 'TELUK AMPIMOI', 80402, 0),
(80499, 'KEPULAUAN AMBAI', 80402, 0),
(80510, 'WONAWA', 80402, 0),
(80517, 'WINDESI', 80402, 0),
(80527, 'BIAK KOTA', 80526, 0),
(80543, 'BIAK UTARA', 80526, 0),
(80562, 'BIAK TIMUR', 80526, 0),
(80593, 'NUMFOR BARAT', 80526, 0),
(80612, 'NUMFOR TIMUR', 80526, 0),
(80628, 'BIAK BARAT', 80526, 0),
(80657, 'WARSA', 80526, 0),
(80678, 'PADAIDO', 80526, 0),
(80698, 'YENDIDORI', 80526, 0),
(80713, 'SAMOFA', 80526, 0),
(80725, 'MULIA', 80724, 0),
(80781, 'ILU', 80724, 0),
(80839, 'FAWI', 80724, 0),
(80852, 'PANIAI TIMUR', 80851, 0),
(80871, 'PANIAI BARAT', 80851, 0),
(80884, 'TIGI', 80851, 0),
(80892, 'ARADIDE', 80851, 0),
(80901, 'SUGAPA', 80851, 0),
(80913, 'HOMEO', 80851, 0),
(80924, 'BOGABAIDA', 80851, 0),
(80931, 'BIANDOGA', 80851, 0),
(80938, 'BIBIDA', 80851, 0),
(80941, 'TIGI TIMUR', 80851, 0),
(80946, 'AGISIGA', 80851, 0),
(80953, 'DUMADAMA', 80851, 0),
(80956, 'SIRIWO', 80851, 0),
(80960, 'BOWOBADO', 80851, 0),
(80964, 'KAPIRAYA', 80851, 0),
(80966, 'HITADIPA', 80851, 0),
(80970, 'WANDAI', 80851, 0),
(80972, 'TIGI BARAT', 80851, 0),
(80984, 'KEBO', 80851, 0),
(80996, 'YATAMO', 80851, 0),
(81001, 'EKADIDE', 80851, 0),
(81008, 'MIMIKA BARU', 81007, 0),
(81020, 'AGIMUGA', 81007, 0),
(81025, 'MIMIKA TIMUR', 81007, 0),
(81034, 'MIMIKA BARAT', 81007, 0),
(81045, 'JITA', 81007, 0),
(81051, 'JILA', 81007, 0),
(81060, 'MIMIKA TIMUR JAUH', 81007, 0),
(81066, 'MIMIKA TIMUR TENGAH', 81007, 0),
(81072, 'KUALA KENCANA', 81007, 0),
(81080, 'TEMBAGAPURA', 81007, 0),
(81089, 'MIMIKA BARAT JAUH', 81007, 0),
(81095, 'MIMIKA BARAT TENGAH', 81007, 0),
(81105, 'SARMI', 81104, 0),
(81113, 'TOR ATAS', 81104, 0),
(81122, 'PANTAI BARAT', 81104, 0),
(81134, 'PANTAI TIMUR', 81104, 0),
(81141, 'BONGGO', 81104, 0),
(81152, 'APAWER HULU', 81104, 0),
(81161, 'SARMI SELATAN', 81104, 0),
(81167, 'SARMI TIMUR', 81104, 0),
(81174, 'PANTAI TIMUR BAGIAN BARAT', 81104, 0),
(81185, 'BONGGO TIMUR', 81104, 0),
(81193, 'WARIS', 81192, 0),
(81200, 'ARSO', 81192, 0),
(81218, 'SENGGI', 81192, 0),
(81225, 'WEB', 81192, 0),
(81232, 'SKANTO', 81192, 0),
(81241, 'ARSO TIMUR', 81192, 0),
(81253, 'TOWE', 81192, 0),
(81262, 'OKSIBIL', 81261, 0),
(81279, 'KIWIROK', 81261, 0),
(81302, 'OKBIBAB', 81261, 0),
(81318, 'IWUR', 81261, 0),
(81332, 'BATOM', 81261, 0),
(81342, 'BORME', 81261, 0),
(81358, 'KURIMA', 81357, 0),
(81381, 'ANGGRUK', 81357, 0),
(81391, 'NINIA', 81357, 0),
(81402, 'SILIMO', 81357, 0),
(81423, 'SAMENAGE', 81357, 0),
(81433, 'NALCA', 81357, 0),
(81443, 'DEKAI', 81357, 0),
(81456, 'OBIO', 81357, 0),
(81468, 'SURU SURU', 81357, 0),
(81481, 'WUSAMA', 81357, 0),
(81486, 'AMUMA', 81357, 0),
(81500, 'MUSAIK', 81357, 0),
(81511, 'PASEMA', 81357, 0),
(81519, 'HOGIO', 81357, 0),
(81528, 'MUGI', 81357, 0),
(81543, 'SOBA', 81357, 0),
(81550, 'WERIMA', 81357, 0),
(81565, 'TANGMA', 81357, 0),
(81576, 'UKHA', 81357, 0),
(81588, 'PANGGEMA', 81357, 0),
(81602, 'KOSAREK', 81357, 0),
(81614, 'NIPSAN', 81357, 0),
(81618, 'UBAHAK', 81357, 0),
(81636, 'PRONGGOLI', 81357, 0),
(81645, 'WALMA', 81357, 0),
(81654, 'YAHULIAMBUT', 81357, 0),
(81656, 'HEREAPINI', 81357, 0),
(81660, 'UBALIHI', 81357, 0),
(81672, 'TALAMBO', 81357, 0),
(81682, 'PULDAMA', 81357, 0),
(81684, 'ENDOMEN', 81357, 0),
(81693, 'KONA', 81357, 0),
(81695, 'DIRWEMNA', 81357, 0),
(81701, 'HOLUON', 81357, 0),
(81709, 'LOLAT', 81357, 0),
(81718, 'SOLOIKMA', 81357, 0),
(81727, 'SELA', 81357, 0),
(81744, 'KORUPUN', 81357, 0),
(81757, 'LANGDA', 81357, 0),
(81767, 'BOMELA', 81357, 0),
(81773, 'SUNTAMON', 81357, 0),
(81782, 'SEREDELA', 81357, 0),
(81792, 'SOBAHAM', 81357, 0),
(81806, 'KABIANGGAMA', 81357, 0),
(81814, 'KWELEMDUA', 81357, 0),
(81825, 'KWIKMA', 81357, 0),
(81836, 'HILIPUK', 81357, 0),
(81844, 'DURAM', 81357, 0),
(81849, 'YOGOSEM', 81357, 0),
(81857, 'KAYO', 81357, 0),
(81865, 'SUMO', 81357, 0),
(81879, 'AIFAT', 81878, 0),
(81890, 'AIFAT UTARA', 81878, 0),
(81901, 'AIFAT TIMUR', 81878, 0),
(81911, 'AIFAT SELATAN', 81878, 0),
(81919, 'AITINYO BARAT', 81878, 0),
(81927, 'AITINYO', 81878, 0),
(81940, 'AITINYO UTARA', 81878, 0),
(81951, 'AYAMARU', 81878, 0),
(81969, 'AYAMARU UTARA', 81878, 0),
(81978, 'AYAMARU TIMUR', 81878, 0),
(81984, 'MARE', 81878, 0),
(81993, 'FEF', 81992, 0),
(81995, 'MIYAH', 81992, 0),
(82001, 'YEMBUN', 81992, 0),
(82006, 'KWOOR', 81992, 0),
(82009, 'SAUSAPOR', 81992, 0),
(82017, 'ABUN', 81992, 0),
(82023, 'MAKBON', 82022, 1),
(82038, 'BERAUR', 82022, 0),
(82044, 'SALAWATI', 82022, 1),
(82051, 'SEGET', 82022, 1),
(82059, 'AIMAS', 82022, 1),
(82068, 'KLAMONO', 82022, 1),
(82082, 'SAYOSA', 82022, 1),
(82088, 'SEGUN', 82022, 1),
(82095, 'MAYAMUK', 82022, 1),
(82103, 'SALAWATI SELATAN', 82022, 1),
(82109, 'KLABOT', 82022, 1),
(82117, 'KLAWAK', 82022, 1),
(82127, 'MAUDUS', 82022, 1),
(82131, 'MARIAT', 82022, 1),
(82137, 'KLAYILI', 82022, 1),
(82141, 'KLASO', 82022, 1),
(82146, 'MOISEGEN', 82022, 1),
(82155, 'RANSIKI', 82154, 0),
(82169, 'WARMARE', 82154, 0),
(82188, 'PRAFI', 82154, 0),
(82205, 'MASNI', 82154, 0),
(82239, 'ORANSBARI', 82154, 0),
(82263, 'ANGGI', 82154, 0),
(82277, 'SURUREY', 82154, 0),
(82298, 'MINYAMBOUW', 82154, 0),
(82349, 'MANOKWARI BARAT', 82154, 0),
(82360, 'MANOKWARI TIMUR', 82154, 0),
(82368, 'MANOKWARI UTARA', 82154, 0),
(82391, 'MANOKWARI SELATAN', 82154, 0),
(82410, 'TESTEGA', 82154, 0),
(82426, 'TANAH RUBUH', 82154, 0),
(82451, 'NENEY', 82154, 0),
(82459, 'MOMI - WAREN', 82154, 0),
(82467, 'TOHOTA', 82154, 0),
(82472, 'SIDEY', 82154, 0),
(82489, 'TAIGE', 82154, 0),
(82501, 'MEMBEY', 82154, 0),
(82509, 'ANGGI GIDA', 82154, 0),
(82517, 'DIDOHU', 82154, 0),
(82532, 'DATARAN ISIM', 82154, 0),
(82553, 'CATUBOUW', 82154, 0),
(82575, 'HINK', 82154, 0),
(82606, 'FAK-FAK', 82605, 0),
(82618, 'FAK-FAK BARAT', 82605, 0),
(82627, 'FAK-FAK TIMUR', 82605, 0),
(82641, 'KOKAS', 82605, 0),
(82661, 'FAK-FAK TENGAH', 82605, 0),
(82674, 'KARAS', 82605, 0),
(82682, 'BOMBERAY', 82605, 0),
(82692, 'KRAMONGMONGGA', 82605, 0),
(82707, 'TELUK PATIPI', 82605, 0),
(82725, 'TEMINABUAN', 82724, 0),
(82741, 'INANWATAN', 82724, 0),
(82749, 'SAWIAT', 82724, 0),
(82762, 'KOKODA', 82724, 0),
(82778, 'MOSWAREN', 82724, 0),
(82785, 'SEREMUK', 82724, 0),
(82793, 'WAYER', 82724, 0),
(82802, 'KAIS', 82724, 0),
(82815, 'KONDA', 82724, 0),
(82821, 'METEMANI', 82724, 0),
(82828, 'KOKODA UTARA', 82724, 0),
(82835, 'SAIFI', 82724, 0),
(82845, 'FKOUR', 82724, 0),
(82851, 'MISOOL (MISOOL UTARA)', 82850, 0),
(82857, 'WAIGEO UTARA', 82850, 0),
(82864, 'WAIGEO SELATAN', 82850, 0),
(82871, 'SALAWATI UTARA', 82850, 0),
(82882, 'AYAU', 82850, 0),
(82890, 'MISOOL TIMUR', 82850, 0),
(82895, 'WAIGEO BARAT', 82850, 0),
(82901, 'WAIGEO TIMUR', 82850, 0),
(82906, 'TELUK MAYALIBIT', 82850, 0),
(82917, 'KOFIAU', 82850, 0),
(82922, 'MEOS MANSAR', 82850, 0),
(82938, 'MISOOL SELATAN', 82850, 0),
(82943, 'WARWARBOMI', 82850, 0),
(82948, 'WAIGEO BARAT KEPULAUAN', 82850, 0),
(82954, 'MISOOL BARAT', 82850, 0),
(82960, 'KEPULAUAN SEMBILAN', 82850, 0),
(82966, 'BINTUNI', 82965, 1),
(82975, 'MERDEY', 82965, 1),
(82985, 'BABO', 82965, 1),
(82990, 'ARANDAY', 82965, 1),
(82995, 'MOSKONA SELATAN', 82965, 1),
(83001, 'MOSKONA UTARA', 82965, 1),
(83006, 'WAMESA', 82965, 1),
(83011, 'FAFURWAR', 82965, 1),
(83015, 'TEMBUNI', 82965, 1),
(83020, 'KURI', 82965, 1),
(83026, 'MANIMERI', 82965, 1),
(83033, 'TUHIBA', 82965, 1),
(83039, 'DATARAN BEIMES', 82965, 1),
(83046, 'SUMURI', 82965, 1),
(83052, 'KAITARO', 82965, 1),
(83058, 'AROBA', 82965, 1),
(83064, 'MASYETA', 82965, 1),
(83069, 'BISCOOP', 82965, 1),
(83077, 'TOMU', 82965, 1),
(83082, 'KAMUNDAN', 82965, 1),
(83087, 'WERIAGAR', 82965, 1),
(83093, 'MOSKONA BARAT', 82965, 1),
(83098, 'MEYADO', 82965, 1),
(83103, 'MOSKONA TIMUR', 82965, 1),
(83108, 'WASIOR', 83107, 0),
(83119, 'WINDESI', 83107, 0),
(83125, 'TELUK DUAIRI', 83107, 1),
(83130, 'RASIEI', 83107, 0),
(83140, 'WAMESA', 83107, 0),
(83144, 'RUMBERPON', 83107, 0),
(83151, 'NAIKERE', 83107, 0),
(83157, 'WONDIBOY', 83107, 1),
(83162, 'SOUG JAYA', 83107, 0),
(83168, 'KURI WAMESA', 83107, 0),
(83175, 'NIKIWAR', 83107, 1),
(83181, 'ROSWAR', 83107, 0),
(83186, 'ROON', 83107, 0),
(83195, 'KAIMANA', 83194, 0),
(83215, 'BURUWAY', 83194, 0),
(83226, 'TELUK ARGUNI ATAS', 83194, 0),
(83252, 'TELUK ETNA', 83194, 0),
(83258, 'KAMBRAU', 83194, 0),
(83266, 'TELUK ARGUNI BAWAH', 83194, 0),
(83282, 'YAMOR', 83194, 0),
(83290, 'SORONG', 83289, 0),
(83296, 'SORONG TIMUR', 83289, 0),
(83303, 'SORONG BARAT', 83289, 0),
(83309, 'SORONG KEPULAUAN', 83289, 0),
(83314, 'SORONG UTARA', 83289, 0),
(83320, 'SORONG MANOI', 83289, 1),
(83401, 'DUMOGA', 65822, 1),
(83406, 'BARUMUN SELATAN', 12606, 0),
(83407, 'AEK NABARA BARUMUN', 12606, 0),
(83408, 'BONATUA LUNASI', 10020, 1),
(83409, 'PARMAKSIAN', 10020, 1),
(83410, 'SEMBILAN KOTO', 13608, 0),
(83411, 'TIMPEH', 13608, 0),
(83412, 'KOTO SALAK', 13608, 0),
(83413, 'TIUMANG', 13608, 0),
(83414, 'PADANG LAWEH', 13608, 0),
(83415, 'ASAM JUJUHAN', 13608, 0),
(83416, 'KOTO BESAR', 13608, 0),
(83417, 'LAMPOSI TIGO NAGORI', 13933, 0),
(83418, 'PAYAKUMBUH SELATAN', 13933, 0),
(83421, 'DUMAI KOTA', 15846, 1),
(83422, 'DUMAI SELATAN', 15846, 1),
(83423, 'BUKITKERMAN', 15961, 0),
(83425, 'TUNGKAL JAYA', 18942, 0),
(83426, 'LAWANG WETAN', 18942, 0),
(83427, 'BABAT SUPAT', 18942, 0),
(83429, 'SUAK TAPEH', 19172, 0),
(83430, 'SEMBAWA', 19172, 0),
(83431, 'SIKAP DALAM', 20345, 0),
(83432, 'MERIGI KELINDANG', 20803, 1),
(83433, 'MERIGI SAKTI', 20803, 1),
(83434, 'PONDOK KUBANG', 20803, 1),
(83435, 'BANG HAJI', 20803, 1);
INSERT INTO `t_kecamatan` (`IDKecamatan`, `Nama`, `IDKabupaten`, `StatusSearch`) VALUES
(83438, 'HULU PALIK', 21265, 1),
(83439, 'AIR PADANG', 21265, 1),
(83440, 'TOPOS', 22052, 1),
(83441, 'BINGIN KUNING', 22052, 1),
(83442, 'LEBONG SAKTI', 22052, 1),
(83443, 'PELABAI', 22052, 1),
(83444, 'AMEN', 22052, 1),
(83445, 'URAM JAYA', 22052, 1),
(83446, 'PINANG BELAPIS', 22052, 1),
(83447, 'SINGARAN PATI', 22252, 1),
(83451, 'INDRA JAYA', 5286, 1),
(83452, 'DARUL HIKMAH', 5286, 1),
(83453, 'PASIE RAYA', 5286, 0),
(83454, 'TRIPA MAKMUR', 5463, 1),
(83455, 'TEUPAH TENGAH', 4086, 0),
(83456, 'SIMEULUE CUT', 4086, 0),
(83457, 'BEUTONG ATEUH BANGGALANG', 5463, 1),
(83458, 'SOGAE\'ADU', 7960, 1),
(83459, 'ULUNOYO', 10646, 0),
(83460, 'HURUNA', 10646, 0),
(83461, 'O\'O\'U', 10646, 0),
(83462, 'ONOHAZUMBA', 10646, 0),
(83463, 'HILISALAWA\'AHE', 10646, 0),
(83464, 'ULUSUSUA', 10646, 1),
(83465, 'SIDUA\'ORI', 10646, 1),
(83466, 'SOMAMBAWA', 10646, 1),
(83467, 'BORONADU', 10646, 0),
(83468, 'SIMUK', 10646, 0),
(83469, 'PULAU-PULAU BATU BARAT', 10646, 0),
(83470, 'PULAU-PULAU BATU UTARA', 10646, 0),
(83471, 'TANAH MASA', 10646, 0),
(83472, 'SIHAPAS BARUMUN', 12606, 0),
(83473, 'AIRPURA', 12921, 0),
(83474, 'RANAH AMPEK HULU TAPAN', 12921, 0),
(83475, 'SILAUT', 12921, 0),
(83476, 'KUBU BABUSSALAM', 15254, 1),
(83477, 'KUANTAN HILIR SEBERANG', 15553, 1),
(83478, 'SENTAJO RAYA', 15553, 1),
(83479, 'PUCUK RANTAU', 15553, 1),
(83480, 'PULAUMERBAU', 14087, 0),
(83481, 'TEBING TINGGI TIMUR', 14087, 0),
(83482, 'TASIK PUTRI PUYU', 14087, 0),
(83483, 'RANGSANG PESISIR', 14087, 0),
(83484, 'AIR HANGAT BARAT', 15961, 0),
(83485, 'BAHAR UTARA', 16699, 1),
(83486, 'PONDOK TINGGI', 15886, 1),
(83487, 'KOTO BARU', 15886, 1),
(83488, 'SUNGAIBUNGKAL', 15886, 1),
(83489, 'BELIMBING', 17895, 0),
(83490, 'BELINDA DARAT', 17895, 0),
(83491, 'LUBAI ULU', 17895, 0),
(83492, 'SUKAMERINDU', 18244, 0),
(83493, 'SUMBER MARGA TELANG', 19172, 0),
(83494, 'AIR KUMBANG', 19172, 0),
(83495, 'SALING', 20345, 0),
(83496, 'PENDOPO BARAT', 20345, 0),
(83497, 'ARMA JAYA', 21265, 0),
(83499, 'ULOK KUPAI', 21265, 0),
(83501, 'MARGA PUNDUH', 24850, 0),
(83502, 'WAY KHILAU', 24850, 0),
(83503, 'PAGELARAN UTARA', 22329, 1),
(83504, 'LABUHAN RATU', 24709, 1),
(83505, 'WAY HALIM', 24709, 1),
(83506, 'LANGKAPURA', 24709, 1),
(83507, 'ENGGAL', 24709, 1),
(83508, 'KEDAMAIAN', 24709, 1),
(83509, 'TELUKBETUNG TIMUR', 24709, 1),
(83510, 'BUMI WARAS', 24709, 1),
(83511, 'KEPULAUAN PONGOK', 25120, 0),
(83512, 'GABEK', 25363, 1),
(83513, 'GIRIMAYA', 25363, 1),
(83514, 'MERAL BARAT', 25533, 1),
(83515, 'UNGAR', 25533, 1),
(83516, 'BELAT', 25533, 1),
(83517, 'SINGKEP PESISIR', 25683, 1),
(83518, 'LINGGA TIMUR', 25683, 1),
(83519, 'SELAYAR', 25683, 1),
(83521, 'SAGULING', 31896, 0),
(83522, 'KEDUNGREJA', 32677, 0),
(83523, 'KROYA', 32677, 0),
(83524, 'MAOS', 32677, 0),
(83525, 'JERUKLEGI', 32677, 0),
(83526, 'WANAREJA', 32677, 0),
(83527, 'DAYEUHLUHUR', 32677, 0),
(83528, 'SAMPANG', 32677, 0),
(83529, 'CIPARI', 32677, 0),
(83530, 'PATIMUAN', 32677, 0),
(83531, 'BANTARSARI', 32677, 0),
(83532, 'CILACAP SELATAN', 32677, 0),
(83533, 'CILACAP TENGAH', 32677, 0),
(83534, 'CILACAP UTARA', 32677, 0),
(83535, 'KAMPUNG LAUT', 32677, 0),
(83538, 'KANIGARAN', 51233, 1),
(83539, 'KEDOPAK', 51233, 1),
(83540, 'PANGGUNGREJO', 51268, 1),
(83541, 'GOLEWA SELATAN', 56904, 1),
(83542, 'GOLEWA BARAT', 56904, 1),
(83543, 'INERIE', 56904, 1),
(83544, 'REOK BARAT', 57008, 0),
(83545, 'CIBAL BARAT', 57008, 0),
(83546, 'NDAO NUSE', 57560, 0),
(83547, 'LANDU LEKO', 57560, 0),
(83548, 'NDOSO', 57649, 1),
(83549, 'LEMBOR SELATAN', 57649, 1),
(83550, 'MBELILING', 57649, 1),
(83551, 'KOTA TAMBOLAKA', 57935, 1),
(83552, 'WEWEWA TENGAH', 57935, 0),
(83553, 'KODI BALAGHAR', 57935, 1),
(83554, 'RANA MESE', 58098, 0),
(83555, 'POCO RANAKA TIMUR', 58098, 0),
(83556, 'ELAR SELATAN', 58098, 0),
(83557, 'KOTA WAISAI', 82850, 0),
(83558, 'TIPLOL MAYALIBIT', 82850, 0),
(83559, 'BATANTA UTARA', 82850, 0),
(83560, 'SALAWATI BARAT', 82850, 0),
(83561, 'SALAWATI TENGAH', 82850, 0),
(83562, 'SUPNIN', 82850, 0),
(83563, 'KEPULAUAN AYAU', 82850, 0),
(83564, 'BATANTA SELATAN', 82850, 0),
(83565, 'SYUJAK', 81992, 0),
(83566, 'AMBERBAKEN', 81992, 0),
(83567, 'KEBAR', 81992, 0),
(83568, 'SENOPI', 81992, 0),
(83569, 'MUBRANI', 81992, 0),
(83570, 'MORAID', 81992, 0),
(83571, 'AYAMARU BARAT', 81878, 0),
(83572, 'AYAMARU TENGAH', 81878, 0),
(83573, 'AYAMARU SELATAN', 81878, 0),
(83574, 'AYAMARU JAYA', 81878, 0),
(83575, 'AYAMARU UTARA TIMUR', 81878, 0),
(83576, 'AYAMARU TIMUR SELATAN', 81878, 0),
(83577, 'AYAMARU SELATAN JAYA', 81878, 0),
(83578, 'AITINYO TENGAH', 81878, 0),
(83579, 'AITINYO RAYA', 81878, 0),
(83580, 'MARE SELATAN', 81878, 0),
(83581, 'AIFAT TIMUR TENGAH', 81878, 0),
(83582, 'AIFAT TIMUR JAUH', 81878, 0),
(83583, 'AIFAT TIMUR SELATAN', 81878, 0),
(83585, 'WAME', 80015, 0),
(83586, 'WESAPUT', 80015, 0),
(83587, 'TRIKORA', 80015, 0),
(83588, 'NAPUA', 80015, 0),
(83589, 'WALAIK', 80015, 0),
(83590, 'WOUMA', 80015, 0),
(83591, 'HUBIKIAK', 80015, 0),
(83592, 'IBELE', 80015, 0),
(83593, 'TAELAREK', 80015, 0),
(83594, 'ITLAY HISAGE', 80015, 0),
(83595, 'SIEPKOSI', 80015, 0),
(83596, 'USILIMO', 80015, 0),
(83598, 'LIBAREK', 80015, 0),
(83599, 'WADANGKU', 80015, 0),
(83600, 'PISUGI', 80015, 0),
(83601, 'KORAGI', 80015, 0),
(83602, 'TAGIME', 80015, 0),
(83603, 'MOLAGALOME', 80015, 0),
(83604, 'TAGINERI', 80015, 0),
(83605, 'SILO KARNO DOGA', 80015, 0),
(83606, 'PIRAMID', 80015, 0),
(83607, 'MULIAMA', 80015, 0),
(83608, 'BUGI', 80015, 0),
(83609, 'BIPIRI', 80015, 0),
(83610, 'WELESI', 80015, 0),
(83611, 'ASOTIPO', 80015, 0),
(83612, 'MAIMA', 80015, 0),
(83613, 'MOORA', 80309, 0),
(83614, 'DIPA', 80309, 0),
(83615, 'MENOU', 80309, 0),
(83616, 'PULAU KURUDU', 80402, 0),
(83617, 'PULAU YERUI', 80402, 0),
(83618, 'YAWOSI', 80526, 0),
(83619, 'ANDEY', 80526, 0),
(83620, 'SWANDIWE', 80526, 0),
(83621, 'BRUYADORI', 80526, 0),
(83622, 'ORKERI', 80526, 0),
(83623, 'POIRU', 80526, 0),
(83624, 'AIMANDO PADAIDO', 80526, 0),
(83625, 'ORIDEK', 80526, 0),
(83626, 'SEBATIK TIMUR', 64709, 0),
(83627, 'SEBATIK UTARA', 64709, 0),
(83628, 'SEBATIK TENGAH', 64709, 0),
(83629, 'SEI MENGGARIS', 64709, 0),
(83630, 'TULIN ONSOI', 64709, 0),
(83631, 'LUMBIS OGONG', 64709, 0),
(83632, 'MEWOLUK', 80724, 0),
(83633, 'YAMO', 80724, 0),
(83635, 'JIGONIKME', 80724, 0),
(83636, 'TORERE', 80724, 0),
(83637, 'TINGGINAMBUT', 80724, 0),
(83638, 'MALINAU SELATAN HILIR', 64949, 0),
(83639, 'MALINAU SELATAN HULU', 64949, 0),
(83640, 'SUNGAI TUBU', 64949, 0),
(83646, 'BETAYAU', 65675, 0),
(83647, 'BALIKPAPAN KOTA', 65528, 0),
(83648, 'KIWIROK TIMUR', 81261, 0),
(83649, 'ABOY', 81261, 0),
(83650, 'PEPERA', 81261, 0),
(83651, 'BIME', 81261, 0),
(83652, 'ALEMSOM', 81261, 0),
(83653, 'OKBAPE', 81261, 0),
(83654, 'KALOMDOL', 81261, 0),
(83655, 'OKSOP', 81261, 0),
(83656, 'SERAMBAKON', 81261, 0),
(83657, 'OK AOM', 81261, 0),
(83658, 'KAWOR', 81261, 0),
(83659, 'AWINBON', 81261, 0),
(83660, 'TARUP', 81261, 0),
(83661, 'OKHIKA', 81261, 0),
(83662, 'OKSAMOL', 81261, 0),
(83663, 'OKLIP', 81261, 0),
(83664, 'OKBEMTAU', 81261, 0),
(83665, 'OKSEBANG', 81261, 0),
(83666, 'OKBAB', 81261, 0),
(83667, 'BATANI', 81261, 0),
(83668, 'WEIME', 81261, 0),
(83669, 'MURKIM', 81261, 0),
(83670, 'MOFINOP', 81261, 0),
(83671, 'JETFA', 81261, 0),
(83672, 'PULAULAUT TANJUNG SELAYAR', 62112, 0),
(83673, 'TEIRAPLU', 81261, 0),
(83674, 'EIPUMEK', 81261, 0),
(83675, 'PAMEK', 81261, 0),
(83676, 'NONGME', 81261, 0),
(83677, 'KOMBUT', 78927, 0),
(83678, 'INIYANDIT', 78927, 0),
(83679, 'ARIMOP', 78927, 0),
(83680, 'FOFI', 78927, 0),
(83681, 'TUALAN HULU', 60468, 0),
(83682, 'AMBATKWI', 78927, 0),
(83683, 'TELAGA ANTANG', 60468, 0),
(83684, 'MANGGELUM', 78927, 0),
(83685, 'FIRIWAGE', 78927, 0),
(83686, 'YANIRUMA', 78927, 0),
(83687, 'SUBUR', 78927, 0),
(83688, 'KOMBAY', 78927, 0),
(83689, 'TAMBAN CATUR', 60653, 1),
(83690, 'NINATI', 78927, 0),
(83691, 'SESNUK', 78927, 0),
(83692, 'KI', 78927, 0),
(83693, 'PASAK TALAWANG', 60653, 1),
(83694, 'KAWAGIT', 78927, 0),
(83695, 'MANDAU TALAWANG', 60653, 1),
(83696, 'DADAHUP', 60653, 1),
(83697, 'BATAGUH', 60653, 1),
(83698, 'SYAHCAME', 79019, 1),
(83699, 'YAKOMI', 79019, 1),
(83700, 'BAMGI', 79019, 1),
(83701, 'TEWEH BARU', 60967, 0),
(83702, 'PASSUE BAWAH', 79019, 1),
(83703, 'TEWEH SELATAN', 60967, 0),
(83704, 'TI  ZAIN', 79019, 1),
(83705, 'LAHEI BARAT', 60967, 0),
(83706, 'JOERAT', 79163, 0),
(83707, 'PULAU TIGA', 79163, 0),
(83709, 'DER KOUMUR', 79163, 0),
(83710, 'KOPAY', 79163, 0),
(83711, 'SAFAN', 79163, 0),
(83712, 'SIRETS', 79163, 0),
(83713, 'AYIP', 79163, 0),
(83714, 'BETCBAMU', 79163, 0),
(83715, 'SURU-SURU', 79163, 0),
(83716, 'SEPANG SIMIN', 61492, 0),
(83717, 'KOLF BRAZA', 79163, 0),
(83718, 'RUNGAN BARAT', 61492, 0),
(83719, 'UNIR SIRAU', 79163, 0),
(83720, 'TIOM', 79564, 0),
(83721, 'PIRIME', 79564, 0),
(83722, 'MAKKI', 79564, 0),
(83723, 'GAMELIA', 79564, 0),
(83724, 'DIMBA', 79564, 0),
(83725, 'MELAGINERI', 79564, 0),
(83726, 'BALINGGA', 79564, 0),
(83727, 'TIOMNERI', 79564, 0),
(83728, 'KUYAWAGE', 79564, 0),
(83729, 'KEPULAUAN KARIMATA', 60134, 1),
(83730, 'KOROPTAK', 79629, 0),
(83731, 'KEGAYEM', 79629, 0),
(83732, 'PARO', 79629, 0),
(83733, 'MEBAROK', 79629, 0),
(83734, 'YENGGELO', 79629, 0),
(83735, 'KILMID', 79629, 0),
(83736, 'ALAMA', 79629, 0),
(83737, 'YAL', 79629, 0),
(83738, 'MAM', 79629, 0),
(83739, 'DAL', 79629, 0),
(83740, 'NIRKURI', 79629, 0),
(83741, 'INIKGAL', 79629, 0),
(83742, 'INIYE', 79629, 0),
(83743, 'MBULMU YALMA', 79629, 0),
(83744, 'MBUA TENGAH', 79629, 0),
(83745, 'EMBETPEN', 79629, 0),
(83746, 'KORA', 79629, 0),
(83747, 'WUSI', 79629, 0),
(83748, 'PIJA', 79629, 0),
(83749, 'MOBA', 79629, 0),
(83750, 'WUTPAGA', 79629, 0),
(83751, 'NENGGEAGIN', 79629, 0),
(83752, 'PASIR PUTIH', 79629, 0),
(83753, 'KREPKURI', 79629, 0),
(83754, 'MAPIA', 79752, 0),
(83755, 'PIYAIYE', 79752, 0),
(83756, 'MAPIA BARAT', 79752, 0),
(83759, 'DOGIYAI', 79752, 0),
(83760, 'KEP. BALA BALAKANG', 75502, 0),
(83761, 'BUNTUMALANGKA', 75670, 0),
(83762, 'MEHALAAN', 75670, 0),
(83763, 'BASSE SANGTEMPE UTARA', 71579, 1),
(83764, 'TANA LILI', 72007, 1),
(83765, 'PALETEANG', 71327, 0),
(83766, 'BATUPOARO', 74665, 0),
(83767, 'OHEO', 74437, 1),
(83768, 'ANDOWIA', 74437, 0),
(83769, 'MOTUI', 74437, 1),
(83770, 'GENTUMA RAYA', 75301, 1),
(83771, 'TOMOLITO', 75301, 1),
(83772, 'PONELO KEPULAUAN', 75301, 1),
(83773, 'MONANO', 75301, 1),
(83774, 'BIAU', 75301, 1),
(83775, 'SUMALATA TIMUR', 75301, 1),
(83776, 'PINOGU', 75031, 1),
(83777, 'DUNGALIYO', 74717, 1),
(83778, 'DUMOGA TENGAH', 65822, 0),
(83779, 'DUMOGA TENGGARA', 65822, 1),
(83780, 'KAKAS BARAT', 65974, 0),
(83781, 'KAWANGKOAN UTARA', 65974, 0),
(83782, 'KAWANGKOAN BARAT', 65974, 0),
(83783, 'MANDOLANG', 65974, 0),
(83784, 'TOMBARIRI TIMUR', 65974, 0),
(83785, 'TOMPASO BARAT', 65974, 0),
(83786, 'TOULUAAN SELATAN', 66853, 0),
(83787, 'SILIAN RAYA', 66853, 0),
(83788, 'TOMBATU TIMUR', 66853, 0),
(83789, 'TOMBATU UTARA', 66853, 0),
(83790, 'PASAN', 66853, 0),
(83791, 'RATAHAN TIMUR', 66853, 0),
(83792, 'BUNAKEN KEPULAUAN', 67130, 0),
(83793, 'PAAL DUA', 67130, 0),
(83794, 'BALANTAK UTARA', 67558, 1),
(83795, 'LUWUK SELATAN', 67558, 0),
(83796, 'LUWUK UTARA', 67558, 1),
(83797, 'MANTOH', 67558, 1),
(83798, 'NAMBO', 67558, 1),
(83799, 'PAMONA PUSELEMBA', 67866, 0),
(83801, 'MORI UTARA', 68428, 0),
(83802, 'BUNGKU PESISIR', 68428, 0),
(83803, 'LEMBO RAYA', 68428, 0),
(83804, 'PETASIA TIMUR', 68428, 0),
(83805, 'BUNGKU TIMUR', 68428, 0),
(83806, 'PETASIA BARAT', 68428, 0),
(83807, 'ULUJADI', 69220, 0),
(83808, 'TATANGA', 69220, 0),
(83809, 'TAWAELI', 69220, 0),
(83810, 'MANTIKULORE', 69220, 0),
(83811, 'MIHING RAYA', 61492, 0),
(83812, 'TELUTIH', 76284, 0),
(83813, 'SERAM UTARA TIMUR SETI', 76284, 0),
(83814, 'SERAM UTARA TIMUR KOBI', 76284, 0),
(83815, 'SAPARUA TIMUR', 76284, 0),
(83821, 'MOLU MARU', 76568, 0),
(83822, 'FENA LEISELA', 76651, 0),
(83823, 'LOLONG GUBA', 76651, 0),
(83824, 'WAELATA', 76651, 0),
(83825, 'TELUK KAIELY', 76651, 0),
(83826, 'LILIALY', 76651, 0),
(83827, 'SIWALALAT', 76708, 0),
(83828, 'KILMURY', 76708, 0),
(83829, 'PULAU PANJANG', 76708, 0),
(83830, 'TEOR', 76708, 0),
(83831, 'GOROM TIMUR', 76708, 0),
(83832, 'BULA BARAT', 76708, 0),
(83833, 'KIAN DARAT', 76708, 0),
(83834, 'SIRITAUN WIDA TIMUR', 76708, 0),
(83835, 'TELUK WARU', 76708, 0),
(83836, 'AMALATU', 76771, 0),
(83837, 'INAMOSOL', 76771, 0),
(83838, 'KAIRATU BARAT', 76771, 0),
(83839, 'KEPULAUAN MANIPA', 76771, 0),
(83840, 'TANIWEL TIMUR', 76771, 1),
(83841, 'ELPAPUTIH', 76771, 0),
(83842, 'ARU UTARA TIMUR BATULEY', 76868, 0),
(83843, 'SIR-SIR', 76868, 0),
(83844, 'ARU SELATAN UTARA', 76868, 0),
(83857, 'FENA FAFAN', 76223, 0),
(83858, 'KUR SELATAN', 77051, 0),
(83859, 'WEDA TENGAH', 77311, 0),
(83860, 'PATANI BARAT', 77311, 0),
(83861, 'PULAU HIRI', 78040, 0),
(83862, 'BONDIFUAR', 80526, 0),
(83863, 'POGA', 79564, 0),
(83869, 'SIULAK MUKAI', 15961, 1),
(83870, 'KAYU ARO BARAT', 15961, 1),
(83871, 'PULAUPISANG', 23460, 1),
(83872, 'TAGINERI', 78324, 0),
(83873, 'YUNERI', 78324, 0),
(83874, 'WAKUWO', 78324, 0),
(83875, 'GIKA', 78324, 0),
(83876, 'TELENGGEME', 78324, 0),
(83877, 'ANAWI', 78324, 0),
(83878, 'PULOSARI', 51579, 1),
(83879, 'KORONCONG', 51579, 1),
(83880, 'MAJASARI', 51579, 1),
(83881, 'SOBANG', 51579, 1),
(83884, 'GAYAM', 48347, 0),
(83885, 'LEBAK WANGI', 52593, 0),
(83886, 'SOLOR SELATAN', 56244, 1),
(83887, 'LEPEMBUSU KELISOKE', 56671, 1),
(83895, 'WENAM', 78324, 0),
(83896, 'WUGI', 78324, 0),
(83897, 'DANIME', 78324, 0),
(83898, 'TAGIME', 78324, 0),
(83899, 'KAI', 78324, 0),
(83900, 'AWEKU', 78324, 0),
(83901, 'BOGONUK', 78324, 0),
(83902, 'LI ANOGOMMA', 78324, 0),
(83903, 'BIUK', 78324, 0),
(83904, 'YUKO', 78324, 0),
(84087, 'TANJUNGAGUNG PALIK', 21265, 1),
(84091, 'WITA WAYA', 80015, 0),
(84093, 'POPUGOBA', 80015, 0),
(84096, 'UREI FAISEI', 78862, 0),
(84097, 'OUDATE', 78862, 0),
(84098, 'DEMBA', 78862, 0),
(84099, 'JETSY', 79163, 0),
(89758, 'BOLANO', 68887, 0),
(89765, 'ONGKA MALINO', 68887, 0),
(91360, 'HUAMUAL BELAKANG', 76771, 1),
(91361, 'DIENG', 34900, 0),
(91362, 'MUNGSENG', 39436, 0);

-- --------------------------------------------------------

--
-- Table structure for table `t_menu`
--

CREATE TABLE `t_menu` (
  `id` int(10) NOT NULL,
  `nama_menu` varchar(100) DEFAULT NULL,
  `link` varchar(100) DEFAULT NULL,
  `segment` varchar(100) NOT NULL,
  `parent` int(10) DEFAULT NULL,
  `icon` varchar(100) DEFAULT NULL,
  `flag_aktif` int(10) DEFAULT NULL,
  `sort` int(10) DEFAULT '0',
  `js_evenClick` varchar(100) DEFAULT NULL
) ENGINE=InnoDB DEFAULT CHARSET=latin1;

--
-- Dumping data for table `t_menu`
--

INSERT INTO `t_menu` (`id`, `nama_menu`, `link`, `segment`, `parent`, `icon`, `flag_aktif`, `sort`, `js_evenClick`) VALUES
(1, 'Beranda', 'dashboard', 'dashboard', 0, 'fa fa-dashboard', 1, 1, NULL),
(128, 'Master Data', '?', 'master', 0, 'fa fa-power-off', 1, 3, NULL),
(129, 'Identitas', 'master_identitas', 'master_identitas', 128, 'fa fa-credit-card-alt', 1, 0, NULL),
(130, 'Setting', '?', 'konfigurasi', 0, 'fa fa-cogs', 1, 4, NULL),
(131, 'User Management', 'user', 'user', 130, 'fa fa-users', 1, 1, NULL),
(132, 'Pegawai / Karyawan', 'pegawai', 'pegawai', 128, 'fa fa-user', 1, 0, NULL),
(133, 'Aplikasi', 'setting_app', 'setting_app', 130, 'fa fa-cube', 1, 2, NULL),
(134, 'Transaksi', '?', 'transaksi', 0, 'fa fa-shopping-cart', 1, 2, NULL),
(135, 'Pembelian', '?', 'pembelian', 134, 'fa fa-dot-circle-o', 1, 1, NULL),
(136, 'Pembelian Baru', 'transaksi/pembelian', 'pembelian', 135, 'fa fa-plus', 1, 1, NULL),
(137, 'Retur', 'transaksi/returpembelian', 'returpembelian', 135, 'fa fa-retweet', 1, 2, NULL),
(139, 'Pencairan Giro', 'transaksi/pencairangirohutangdagang', 'pencairangirohutangdagang', 135, 'fa fa-file', 1, 4, NULL),
(140, 'Supplier', 'master/supplier', 'supplier', 128, 'fa fa-building', 1, 1, NULL),
(141, 'Barang', 'master_barang', 'master_barang', 128, 'fa fa-archive', 1, 2, NULL),
(142, 'Customer', 'master/customer', 'customer', 128, 'fa fa-users', 1, 3, NULL),
(143, 'Helper', 'master/helper', 'helper', 128, 'fa fa-users', 1, 4, NULL),
(144, 'Driver', 'master/driver', 'driver', 128, 'fa fa-users', 1, 4, NULL),
(145, 'Sales', 'master/sales', 'sales', 128, 'fa fa-users', 1, 4, NULL),
(146, 'Pelunasan Hutang Dagang', 'transaksi/PelunasanHutangDagang', 'PelunasanHutangDagang', 135, 'fa fa-dot-circle-o', 1, 3, NULL),
(147, 'Bank', 'master/bank', 'bank', 128, 'fa fa-dollar', 1, 5, NULL),
(148, 'Penjualan', '?', 'penjualan', 134, 'fa fa-dollar', 1, 2, NULL),
(149, 'Retur', 'transaksi/returpenjualan', 'returpenjualan', 148, 'fa fa-retweet', 1, 2, NULL),
(150, 'Penjualan Baru', 'transaksi/penjualan', 'penjualan', 148, 'fa fa-plus', 1, 1, NULL);

-- --------------------------------------------------------

--
-- Table structure for table `t_pembelian`
--

CREATE TABLE `t_pembelian` (
  `id` int(10) NOT NULL,
  `no_faktur` varchar(100) NOT NULL,
  `id_principle` int(11) NOT NULL,
  `tanggal_beli` date NOT NULL,
  `tanggal_jatuh_tempo` date NOT NULL,
  `total_beli` double NOT NULL,
  `bayar` double DEFAULT NULL,
  `status_bayar` int(10) NOT NULL COMMENT '3 Lunas - 1 Belum Lunas - 2 DP',
  `created_at` datetime NOT NULL,
  `updated_at` timestamp NULL DEFAULT CURRENT_TIMESTAMP,
  `kantor` varchar(100) NOT NULL
) ENGINE=InnoDB DEFAULT CHARSET=latin1;

--
-- Dumping data for table `t_pembelian`
--

INSERT INTO `t_pembelian` (`id`, `no_faktur`, `id_principle`, `tanggal_beli`, `tanggal_jatuh_tempo`, `total_beli`, `bayar`, `status_bayar`, `created_at`, `updated_at`, `kantor`) VALUES
(1, 'EVF_0001', 1, '2017-02-07', '2017-02-28', 90000, 0, 1, '2017-02-07 00:00:00', '2017-02-07 06:43:36', '1'),
(2, 'INPUTMASK', 1, '2017-02-07', '2017-02-07', 36000000, 36000000, 3, '2017-02-07 00:00:00', '2017-02-07 07:15:07', '1'),
(3, 'EVF_0002', 1, '2017-02-08', '2017-02-28', 165000, 0, 1, '2017-02-08 00:00:00', '2017-02-08 04:47:22', '1'),
(4, 'EVF001002003', 1, '2017-02-08', '2017-02-08', 15000000, 0, 1, '2017-02-08 00:00:00', '2017-02-08 08:42:10', '1'),
(5, 'Surat_Jalan', 1, '2017-02-08', '2017-02-08', 1675000, 0, 1, '2017-02-08 00:00:00', '2017-02-08 08:47:36', '1'),
(6, 'Jalan', 1, '2017-02-08', '2017-02-08', 15400000, 5400000, 2, '2017-02-08 00:00:00', '2017-02-08 08:56:49', '1'),
(7, 'Jalan_Sehat', 1, '2017-02-08', '2017-02-08', 15400000, 5400000, 2, '2017-02-08 00:00:00', '2017-02-08 08:57:29', '1'),
(8, 'No_Faktur', 1, '2017-02-08', '2017-02-08', 1840000, 0, 1, '2017-02-08 00:00:00', '2017-02-08 09:03:21', '1'),
(9, 'EVF-Coba-Lagi', 1, '2017-02-08', '2017-02-08', 7000000, 0, 1, '2017-02-08 00:00:00', '2017-02-08 09:05:47', '1'),
(10, 'Skali Lagi', 1, '2017-02-08', '2017-02-08', 3575000, 0, 1, '2017-02-08 00:00:00', '2017-02-08 09:09:19', '1');

-- --------------------------------------------------------

--
-- Table structure for table `t_pembelian_detail`
--

CREATE TABLE `t_pembelian_detail` (
  `id` int(11) NOT NULL,
  `id_pembelian` int(11) DEFAULT NULL,
  `no_faktur` varchar(100) NOT NULL,
  `principle` int(11) NOT NULL,
  `kode_barang` varchar(100) NOT NULL,
  `nama_barang` varchar(255) DEFAULT NULL,
  `jumlah_barang` int(11) NOT NULL,
  `satuan` varchar(100) NOT NULL,
  `jenis_diskon` int(10) DEFAULT '1' COMMENT '1 = % | 2 = Rp.',
  `diskon` varchar(255) NOT NULL DEFAULT '''0''',
  `ppn` double NOT NULL,
  `harga` double NOT NULL,
  `sub_total` double NOT NULL,
  `tanggal` date NOT NULL,
  `author` varchar(100) NOT NULL,
  `created_at` datetime DEFAULT NULL,
  `updated_at` timestamp NOT NULL DEFAULT CURRENT_TIMESTAMP,
  `kantor` varchar(100) NOT NULL
) ENGINE=MyISAM DEFAULT CHARSET=latin1;

--
-- Dumping data for table `t_pembelian_detail`
--

INSERT INTO `t_pembelian_detail` (`id`, `id_pembelian`, `no_faktur`, `principle`, `kode_barang`, `nama_barang`, `jumlah_barang`, `satuan`, `jenis_diskon`, `diskon`, `ppn`, `harga`, `sub_total`, `tanggal`, `author`, `created_at`, `updated_at`, `kantor`) VALUES
(1, 1, 'EVF_0001', 1, 'EVF_0001', 'Nii Green Tea', 3, 'EVF_0001_0', 1, '', 0, 15000, 45000, '2017-02-07', 'superadmin', '2017-02-07 00:00:00', '2017-02-07 06:43:36', '1'),
(2, 1, 'EVF_0001', 1, 'EVF_0002', 'Coffe Green Tea', 3, 'EVF_0002_0', 1, '', 0, 15000, 45000, '2017-02-07', 'superadmin', '2017-02-07 00:00:00', '2017-02-07 06:43:36', '1'),
(3, 2, 'INPUTMASK', 1, 'EVF_0001', 'Nii Green Tea', 1000, 'EVF_0001_0', 1, '', 0, 15000, 15000000, '2017-02-07', 'superadmin', '2017-02-07 00:00:00', '2017-02-07 07:15:07', '1'),
(4, 2, 'INPUTMASK', 1, 'EVF_0002', 'Coffe Green Tea', 1200, 'EVF_0002_0', 1, '', 0, 15000, 18000000, '2017-02-07', 'superadmin', '2017-02-07 00:00:00', '2017-02-07 07:15:07', '1'),
(5, 2, 'INPUTMASK', 1, 'EVF_0002', 'Coffe Green Tea', 1000, 'EVF_0002_1', 1, '', 0, 3000, 3000000, '2017-02-07', 'superadmin', '2017-02-07 00:00:00', '2017-02-07 07:15:08', '1'),
(6, 3, 'EVF_0002', 1, 'EVF_0001', 'Nii Green Tea', 5, 'EVF_0001_0', 1, '', 0, 15000, 75000, '2017-02-08', 'superadmin', '2017-02-08 00:00:00', '2017-02-08 04:47:22', '1'),
(7, 3, 'EVF_0002', 1, 'EVF_0002', 'Coffe Green Tea', 6, 'EVF_0002_0', 1, '', 0, 15000, 90000, '2017-02-08', 'superadmin', '2017-02-08 00:00:00', '2017-02-08 04:47:22', '1'),
(8, 4, 'EVF001002003', 1, 'EVF_0001', 'Nii Green Tea', 1000, 'EVF_0001_0', 1, '', 0, 15000, 15000000, '2017-02-08', 'superadmin', '2017-02-08 00:00:00', '2017-02-08 08:42:11', '1'),
(9, 5, 'Surat_Jalan', 1, 'EVF_0001', 'Nii Green Tea', 100, 'EVF_0001_0', 2, '500000', 0, 15000, 1000000, '2017-02-08', 'superadmin', '2017-02-08 00:00:00', '2017-02-08 08:47:36', '1'),
(10, 5, 'Surat_Jalan', 1, 'EVF_0002', 'Coffe Green Tea', 100, 'EVF_0002_0', 1, '50+10', 0, 15000, 675000, '2017-02-08', 'superadmin', '2017-02-08 00:00:00', '2017-02-08 08:47:36', '1'),
(11, 6, 'Jalan', 1, 'EVF_0001', 'Nii Green Tea', 1000, 'EVF_0001_0', 1, '30+20', 0, 15000, 8400000, '2017-02-08', 'superadmin', '2017-02-08 00:00:00', '2017-02-08 08:56:49', '1'),
(12, 6, 'Jalan', 1, 'EVF_0002', 'Coffe Green Tea', 500, 'EVF_0002_0', 1, '500.000', 0, 15000, 7000000, '2017-02-08', 'superadmin', '2017-02-08 00:00:00', '2017-02-08 08:56:49', '1'),
(13, 7, 'Jalan_Sehat', 1, 'EVF_0001', 'Nii Green Tea', 1000, 'EVF_0001_0', 1, '30+20', 0, 15000, 8400000, '2017-02-08', 'superadmin', '2017-02-08 00:00:00', '2017-02-08 08:57:30', '1'),
(14, 7, 'Jalan_Sehat', 1, 'EVF_0002', 'Coffe Green Tea', 500, 'EVF_0002_0', 2, '500.000', 0, 15000, 7000000, '2017-02-08', 'superadmin', '2017-02-08 00:00:00', '2017-02-08 08:57:30', '1'),
(15, 8, 'No_Faktur', 1, 'EVF_0001', 'Nii Green Tea', 100, 'EVF_0001_0', 1, '30+20', 0, 15000, 840000, '2017-02-08', 'superadmin', '2017-02-08 00:00:00', '2017-02-08 09:03:21', '1'),
(16, 8, 'No_Faktur', 1, 'EVF_0002', 'Coffe Green Tea', 100, 'EVF_0002_0', 2, '500.000', 0, 15000, 1000000, '2017-02-08', 'superadmin', '2017-02-08 00:00:00', '2017-02-08 09:03:22', '1'),
(17, 9, 'EVF-Coba-Lagi', 1, 'EVF_0001', 'Nii Green Tea', 500, 'EVF_0001_0', 2, '500000', 0, 15000, 7000000, '2017-02-08', 'superadmin', '2017-02-08 00:00:00', '2017-02-08 09:05:47', '1'),
(18, 10, 'Skali Lagi', 1, 'EVF_0002', 'Coffe Green Tea', 1000, 'EVF_0002_2', 2, '100000', 0, 300, 200000, '2017-02-08', 'superadmin', '2017-02-08 00:00:00', '2017-02-08 09:09:19', '1'),
(19, 10, 'Skali Lagi', 1, 'EVF_0002', 'Coffe Green Tea', 500, 'EVF_0002_0', 1, '50+10+10', 0, 15000, 3375000, '2017-02-08', 'superadmin', '2017-02-08 00:00:00', '2017-02-08 09:09:19', '1');

-- --------------------------------------------------------

--
-- Table structure for table `t_pembelian_retur`
--

CREATE TABLE `t_pembelian_retur` (
  `id` int(100) NOT NULL,
  `no_retur` varchar(100) DEFAULT NULL,
  `no_faktur` varchar(100) NOT NULL,
  `id_principle` int(100) DEFAULT NULL,
  `potong_hutang` int(1) DEFAULT NULL COMMENT '1 = Ya, 2 = Tidak',
  `tanggal` date DEFAULT NULL,
  `created_at` datetime DEFAULT NULL,
  `updated_at` timestamp NOT NULL DEFAULT CURRENT_TIMESTAMP ON UPDATE CURRENT_TIMESTAMP,
  `kantor` int(3) NOT NULL
) ENGINE=MyISAM DEFAULT CHARSET=latin1;

--
-- Dumping data for table `t_pembelian_retur`
--

INSERT INTO `t_pembelian_retur` (`id`, `no_retur`, `no_faktur`, `id_principle`, `potong_hutang`, `tanggal`, `created_at`, `updated_at`, `kantor`) VALUES
(1, '0802201700001', 'EVF-Coba-Lagi', 1, 2, '2017-02-08', '2017-02-08 04:20:14', '2017-02-07 21:20:14', 1),
(2, '0802201700002', 'EVF-Coba-Lagi', 1, 2, '2017-02-08', '2017-02-08 04:30:17', '2017-02-07 21:30:17', 1);

-- --------------------------------------------------------

--
-- Table structure for table `t_pembelian_retur_detail`
--

CREATE TABLE `t_pembelian_retur_detail` (
  `id` int(11) NOT NULL,
  `id_pembelian_retur` int(11) DEFAULT NULL,
  `no_retur` varchar(100) DEFAULT NULL,
  `kode_barang` varchar(100) DEFAULT NULL,
  `jumlah` varchar(100) DEFAULT NULL,
  `satuan` varchar(100) NOT NULL,
  `harga` double NOT NULL,
  `jenis_diskon` int(11) DEFAULT '1' COMMENT '1 = % | 2 = Rp.',
  `diskon` varchar(255) DEFAULT NULL,
  `ppn` double DEFAULT NULL,
  `sub_total` double NOT NULL,
  `keterangan` text,
  `created_at` datetime DEFAULT NULL,
  `updated_at` timestamp NOT NULL DEFAULT CURRENT_TIMESTAMP ON UPDATE CURRENT_TIMESTAMP,
  `kantor` int(3) NOT NULL
) ENGINE=MyISAM DEFAULT CHARSET=latin1;

--
-- Dumping data for table `t_pembelian_retur_detail`
--

INSERT INTO `t_pembelian_retur_detail` (`id`, `id_pembelian_retur`, `no_retur`, `kode_barang`, `jumlah`, `satuan`, `harga`, `jenis_diskon`, `diskon`, `ppn`, `sub_total`, `keterangan`, `created_at`, `updated_at`, `kantor`) VALUES
(1, 1, '0802201700001', 'EVF_0001', '1000', 'EVF_0001_0', 15000, 2, '5000000', 0, 10000000, '', '2017-02-08 04:20:14', '2017-02-07 21:20:14', 1),
(2, 1, '0802201700001', 'EVF_0001', '200', 'EVF_0001_2', 300, 1, '50+50', 0, 15000, '', '2017-02-08 04:20:14', '2017-02-07 21:20:14', 1),
(3, 2, '0802201700002', 'EVF_0001', '100', 'EVF_0001_0', 15000, 2, '500000', 0, 1000000, '', '2017-02-08 04:30:17', '2017-02-07 21:30:17', 1);

-- --------------------------------------------------------

--
-- Table structure for table `t_penjualan`
--

CREATE TABLE `t_penjualan` (
  `id` int(10) NOT NULL,
  `no_faktur` varchar(100) NOT NULL,
  `id_customer` int(11) NOT NULL,
  `id_sales` int(11) DEFAULT NULL,
  `tanggal_jual` date NOT NULL,
  `tanggal_jatuh_tempo` date NOT NULL,
  `total_jual` double NOT NULL,
  `bayar` double DEFAULT NULL,
  `status_bayar` int(10) NOT NULL COMMENT '3 Lunas - 1 Belum Lunas - 2 DP',
  `status_packing` int(10) DEFAULT '0' COMMENT '0 Belum,  1 Sudah, 99 Batal',
  `created_at` datetime NOT NULL,
  `updated_at` timestamp NOT NULL DEFAULT CURRENT_TIMESTAMP,
  `kantor` varchar(100) NOT NULL
) ENGINE=InnoDB DEFAULT CHARSET=latin1;

--
-- Dumping data for table `t_penjualan`
--

INSERT INTO `t_penjualan` (`id`, `no_faktur`, `id_customer`, `id_sales`, `tanggal_jual`, `tanggal_jatuh_tempo`, `total_jual`, `bayar`, `status_bayar`, `status_packing`, `created_at`, `updated_at`, `kantor`) VALUES
(1, 'U1109340902171', 1341, 1, '2017-02-09', '2017-02-09', 975000, 0, 1, 0, '2017-02-09 00:00:00', '2017-02-09 02:35:09', '1'),
(2, 'U1110020902172', 1341, 1, '2017-02-09', '2017-02-09', 655000, 300000, 2, 0, '2017-02-09 00:00:00', '2017-02-09 03:06:33', '1');

-- --------------------------------------------------------

--
-- Table structure for table `t_penjualan_detail`
--

CREATE TABLE `t_penjualan_detail` (
  `id` int(11) NOT NULL,
  `id_penjualan` int(11) DEFAULT NULL,
  `no_faktur` varchar(100) NOT NULL,
  `customer` int(11) NOT NULL,
  `kode_barang` varchar(100) NOT NULL,
  `nama_barang` varchar(255) DEFAULT NULL,
  `jumlah_barang` int(11) NOT NULL,
  `satuan` varchar(100) NOT NULL,
  `jenis_diskon` int(10) DEFAULT '1' COMMENT '1 = % | 2 = Rp.',
  `diskon` varchar(255) NOT NULL DEFAULT '''0''',
  `ppn` double NOT NULL,
  `harga` double NOT NULL,
  `sub_total` double NOT NULL,
  `bonus` int(10) DEFAULT '0' COMMENT '0 Tidak Bonus, 1 Bonus',
  `tanggal` date NOT NULL,
  `author` varchar(100) NOT NULL,
  `created_at` datetime DEFAULT NULL,
  `updated_at` timestamp NOT NULL DEFAULT CURRENT_TIMESTAMP,
  `kantor` varchar(100) NOT NULL
) ENGINE=MyISAM DEFAULT CHARSET=latin1;

--
-- Dumping data for table `t_penjualan_detail`
--

INSERT INTO `t_penjualan_detail` (`id`, `id_penjualan`, `no_faktur`, `customer`, `kode_barang`, `nama_barang`, `jumlah_barang`, `satuan`, `jenis_diskon`, `diskon`, `ppn`, `harga`, `sub_total`, `bonus`, `tanggal`, `author`, `created_at`, `updated_at`, `kantor`) VALUES
(1, 1, 'U1109340902171', 1341, 'EVF_0001', 'Nii Green Tea', 45, 'EVF_0001_1', 1, '', 0, 3000, 135000, 0, '2017-02-09', 'superadmin', '2017-02-09 00:00:00', '2017-02-09 02:35:09', '1'),
(2, 1, 'U1109340902171', 1341, 'EVF_0001', 'Nii Green Tea', 56, 'EVF_0001_0', 1, '', 0, 15000, 840000, 0, '2017-02-09', 'superadmin', '2017-02-09 00:00:00', '2017-02-09 02:35:09', '1'),
(3, 2, 'U1110020902172', 1341, 'EVF_0001', 'Nii Green Tea', 45, 'EVF_0001_0', 2, '20000', 0, 15000, 655000, 0, '2017-02-09', 'superadmin', '2017-02-09 00:00:00', '2017-02-09 03:06:33', '1');

-- --------------------------------------------------------

--
-- Table structure for table `t_penjualan_retur`
--

CREATE TABLE `t_penjualan_retur` (
  `id` int(100) NOT NULL,
  `no_retur` varchar(100) DEFAULT NULL,
  `no_faktur` varchar(100) NOT NULL,
  `id_sales` int(11) NOT NULL,
  `id_customer` int(100) DEFAULT NULL,
  `potong_piutang` int(1) NOT NULL COMMENT '1: Ya 2: Tidak',
  `tanggal` date DEFAULT NULL,
  `created_at` datetime NOT NULL,
  `updated_at` datetime NOT NULL,
  `kantor` int(3) NOT NULL
) ENGINE=MyISAM DEFAULT CHARSET=latin1;

--
-- Dumping data for table `t_penjualan_retur`
--

INSERT INTO `t_penjualan_retur` (`id`, `no_retur`, `no_faktur`, `id_sales`, `id_customer`, `potong_piutang`, `tanggal`, `created_at`, `updated_at`, `kantor`) VALUES
(1, '0902201700001', 'U1109340902171', 1, 1341, 2, '2017-02-09', '2017-02-09 08:13:41', '2017-02-09 08:13:41', 1);

-- --------------------------------------------------------

--
-- Table structure for table `t_penjualan_retur_detail`
--

CREATE TABLE `t_penjualan_retur_detail` (
  `id` int(11) NOT NULL,
  `id_penjualan_retur` int(11) NOT NULL,
  `no_retur` varchar(100) DEFAULT NULL,
  `kode_barang` varchar(100) DEFAULT NULL,
  `jumlah` int(100) DEFAULT NULL,
  `satuan` varchar(255) NOT NULL,
  `harga` int(11) NOT NULL,
  `jenis_diskon` int(11) DEFAULT '1' COMMENT '1: % 2: Rp.',
  `diskon` varchar(255) NOT NULL,
  `ppn` double NOT NULL,
  `sub_total` double NOT NULL,
  `kualitas` int(11) DEFAULT NULL COMMENT '1: Full Good; 2: Bad Stock',
  `keterangan` text,
  `created_at` datetime NOT NULL,
  `updated_at` datetime NOT NULL,
  `kantor` int(3) NOT NULL
) ENGINE=MyISAM DEFAULT CHARSET=latin1;

--
-- Dumping data for table `t_penjualan_retur_detail`
--

INSERT INTO `t_penjualan_retur_detail` (`id`, `id_penjualan_retur`, `no_retur`, `kode_barang`, `jumlah`, `satuan`, `harga`, `jenis_diskon`, `diskon`, `ppn`, `sub_total`, `kualitas`, `keterangan`, `created_at`, `updated_at`, `kantor`) VALUES
(1, 1, '0902201700001', 'EVF_0001', 10, 'EVF_0001_0', 17000, 1, '', 0, 170000, 2, '', '2017-02-09 08:13:41', '2017-02-09 08:13:41', 1);

-- --------------------------------------------------------

--
-- Table structure for table `t_piutang_dagang`
--

CREATE TABLE `t_piutang_dagang` (
  `id` int(11) NOT NULL,
  `tanggal` date NOT NULL,
  `no_faktur` varchar(100) NOT NULL,
  `no_retur` varchar(100) DEFAULT NULL COMMENT 'Kolom ini bisa berisi no retur, no giro, dll',
  `keterangan` text NOT NULL,
  `status` int(10) NOT NULL DEFAULT '0' COMMENT 'join ke t_status_hutang',
  `debet` double NOT NULL,
  `kredit` double NOT NULL,
  `cara_bayar` int(10) NOT NULL COMMENT 'join table t_cara_bayar',
  `author` varchar(11) NOT NULL,
  `created_at` datetime NOT NULL,
  `updated_at` timestamp NULL DEFAULT CURRENT_TIMESTAMP,
  `kantor` varchar(100) NOT NULL
) ENGINE=MyISAM DEFAULT CHARSET=latin1;

--
-- Dumping data for table `t_piutang_dagang`
--

INSERT INTO `t_piutang_dagang` (`id`, `tanggal`, `no_faktur`, `no_retur`, `keterangan`, `status`, `debet`, `kredit`, `cara_bayar`, `author`, `created_at`, `updated_at`, `kantor`) VALUES
(1, '2017-02-09', 'U1109340902171', NULL, 'Piutang Dagang', 1, 975000, 0, 1, 'superadmin', '2017-02-09 00:00:00', '2017-02-09 02:35:09', '1'),
(2, '2017-02-09', 'U1110020902172', NULL, 'Piutang Dagang', 1, 655000, 0, 1, 'superadmin', '2017-02-09 00:00:00', '2017-02-09 03:06:33', '1'),
(3, '2017-02-09', 'U1110020902172', NULL, 'Piutang Dagang (DP)', 2, 0, 300000, 1, 'superadmin', '2017-02-09 00:00:00', '2017-02-09 03:06:33', '1');

-- --------------------------------------------------------

--
-- Table structure for table `t_provinsi`
--

CREATE TABLE `t_provinsi` (
  `IDProvinsi` int(11) NOT NULL,
  `Nama` varchar(45) DEFAULT NULL
) ENGINE=InnoDB DEFAULT CHARSET=utf8;

--
-- Dumping data for table `t_provinsi`
--

INSERT INTO `t_provinsi` (`IDProvinsi`, `Nama`) VALUES
(1, 'ACEH'),
(6728, 'SUMATERA UTARA'),
(12920, 'SUMATERA BARAT'),
(14086, 'RIAU'),
(15885, 'JAMBI'),
(17404, 'SUMATERA SELATAN'),
(20802, 'BENGKULU'),
(22328, 'LAMPUNG'),
(24993, 'KEPULAUAN BANGKA BELITUNG'),
(25405, 'KEPULAUAN RIAU'),
(25823, 'DKI JAKARTA'),
(26141, 'JAWA BARAT'),
(32676, 'JAWA TENGAH'),
(41863, 'DAERAH ISTIMEWA YOGYAKARTA'),
(42385, 'JAWA TIMUR'),
(51578, 'BANTEN'),
(53241, 'BALI'),
(54020, 'NUSA TENGGARA BARAT'),
(55065, 'NUSA TENGGARA TIMUR'),
(58285, 'KALIMANTAN BARAT'),
(60371, 'KALIMANTAN TENGAH'),
(61965, 'KALIMANTAN SELATAN'),
(64111, 'KALIMANTAN TIMUR'),
(65702, 'SULAWESI UTARA'),
(67393, 'SULAWESI TENGAH'),
(69268, 'SULAWESI SELATAN'),
(72551, 'SULAWESI TENGGARA'),
(74716, 'GORONTALO'),
(75425, 'SULAWESI BARAT'),
(76096, 'MALUKU'),
(77085, 'MALUKU UTARA'),
(78203, 'PAPUA'),
(81877, 'PAPUA BARAT');

-- --------------------------------------------------------

--
-- Table structure for table `t_sales`
--

CREATE TABLE `t_sales` (
  `id` int(11) NOT NULL,
  `nama` varchar(255) DEFAULT NULL,
  `kode_sales` varchar(255) DEFAULT NULL,
  `tgl_masuk` date DEFAULT NULL,
  `alamat` varchar(255) DEFAULT NULL,
  `no_telp` varchar(255) DEFAULT NULL,
  `tempat_lahir` varchar(255) DEFAULT NULL,
  `tgl_lahir` date DEFAULT NULL,
  `status` int(11) DEFAULT NULL,
  `kantor` int(11) DEFAULT NULL,
  `created_at` datetime DEFAULT NULL,
  `updated_at` timestamp NULL DEFAULT NULL ON UPDATE CURRENT_TIMESTAMP
) ENGINE=InnoDB DEFAULT CHARSET=latin1;

--
-- Dumping data for table `t_sales`
--

INSERT INTO `t_sales` (`id`, `nama`, `kode_sales`, `tgl_masuk`, `alamat`, `no_telp`, `tempat_lahir`, `tgl_lahir`, `status`, `kantor`, `created_at`, `updated_at`) VALUES
(1, 'Andi sudarsono', 'KDS_001', '2017-02-07', 'asdasdasd', '0897678', 'Kendal', '2017-02-07', 1, 1, NULL, '2017-02-07 06:36:23');

-- --------------------------------------------------------

--
-- Table structure for table `t_satuan`
--

CREATE TABLE `t_satuan` (
  `id` int(11) NOT NULL,
  `kode_satuan` varchar(100) NOT NULL,
  `jenis` int(10) DEFAULT NULL,
  `satuan` varchar(50) DEFAULT NULL
) ENGINE=InnoDB DEFAULT CHARSET=latin1;

--
-- Dumping data for table `t_satuan`
--

INSERT INTO `t_satuan` (`id`, `kode_satuan`, `jenis`, `satuan`) VALUES
(1, 'ST-01', 1, 'Krat'),
(2, 'ST-02', 3, 'Botol'),
(3, 'ST-03', 1, 'Dus'),
(7, 'ST-04', 1, 'Bal'),
(8, 'ST-05', 1, 'Box'),
(9, 'ST-06', 3, 'Kaleng'),
(12, 'ST-07', 2, 'Toples'),
(13, 'ST-08', 3, 'Pcs'),
(14, 'ST-09', 1, 'Barel'),
(15, 'ST-10', 1, 'bag'),
(16, 'ST-11', 2, 'Pack'),
(17, 'ST-12', 2, 'Roll'),
(18, 'ST-13', 1, 'Karung'),
(19, 'ST-14', 1, 'Karton'),
(20, 'ST-15', 3, 'Jerigen'),
(21, 'ST-16', 2, 'Renceng'),
(22, 'ST-17', 2, 'Layar');

-- --------------------------------------------------------

--
-- Table structure for table `t_status_hutang`
--

CREATE TABLE `t_status_hutang` (
  `id` int(11) NOT NULL,
  `nama` varchar(255) DEFAULT NULL,
  `created_at` datetime DEFAULT NULL,
  `updated_at` timestamp NULL DEFAULT NULL ON UPDATE CURRENT_TIMESTAMP
) ENGINE=InnoDB DEFAULT CHARSET=latin1;

--
-- Dumping data for table `t_status_hutang`
--

INSERT INTO `t_status_hutang` (`id`, `nama`, `created_at`, `updated_at`) VALUES
(1, 'Hutang', '2017-02-01 12:57:48', '2017-02-01 03:57:47'),
(2, 'Pelunasan', '2017-02-01 12:57:55', '2017-02-06 09:25:44'),
(3, 'Pembayaran', '2017-02-01 12:57:55', '2017-02-06 09:25:44'),
(4, 'Pencairan Giro', '2017-02-08 08:32:57', '2017-02-08 01:32:57');

-- --------------------------------------------------------

--
-- Table structure for table `t_supplier`
--

CREATE TABLE `t_supplier` (
  `id` int(11) NOT NULL,
  `kode` varchar(100) NOT NULL,
  `nama_supplier` varchar(50) DEFAULT NULL,
  `alamat` text,
  `no_telp` varchar(25) DEFAULT NULL,
  `id_prov` int(50) DEFAULT NULL,
  `id_kota` int(50) DEFAULT NULL,
  `id_kec` int(50) DEFAULT NULL,
  `nama_pic` varchar(100) NOT NULL,
  `no_telp_pic` varchar(100) NOT NULL,
  `kantor` int(3) NOT NULL,
  `npwp` varchar(30) NOT NULL,
  `status_aktif` int(10) NOT NULL DEFAULT '1'
) ENGINE=InnoDB DEFAULT CHARSET=latin1;

--
-- Dumping data for table `t_supplier`
--

INSERT INTO `t_supplier` (`id`, `kode`, `nama_supplier`, `alamat`, `no_telp`, `id_prov`, `id_kota`, `id_kec`, `nama_pic`, `no_telp_pic`, `kantor`, `npwp`, `status_aktif`) VALUES
(1, 'EVF', 'PT. Everfresh Indo Niaga', 'Jl. Dupati unus no 168, Cibodas Besar, Tangerang', NULL, NULL, NULL, NULL, '', '', 1, '', 1),
(2, 'INA', 'PT. Indojaya Abadi', 'purwokerto', NULL, NULL, NULL, NULL, '', '', 1, '', 1);

-- --------------------------------------------------------

--
-- Table structure for table `t_transaksi_giro`
--

CREATE TABLE `t_transaksi_giro` (
  `id` int(10) NOT NULL,
  `no_faktur` varchar(100) NOT NULL,
  `id_cus` int(10) NOT NULL,
  `id_hutang` int(11) NOT NULL,
  `nominal` double NOT NULL,
  `id_bank` int(10) DEFAULT NULL COMMENT 'Bank untuk Perusahaan',
  `id_bank_penerima` int(100) NOT NULL COMMENT 'Bank Customer',
  `nomor_giro` varchar(100) NOT NULL,
  `tanggal_jatuh_tempo` date NOT NULL,
  `jenis` int(11) NOT NULL COMMENT '1 : Hutang, 2 : Piutang',
  `keterangan` text NOT NULL,
  `status` int(10) NOT NULL DEFAULT '0' COMMENT '1 : Cair, 2 : Tolak/Batal',
  `created_at` datetime NOT NULL,
  `updated_at` timestamp NULL DEFAULT CURRENT_TIMESTAMP,
  `kantor` varchar(100) NOT NULL
) ENGINE=InnoDB DEFAULT CHARSET=latin1;

--
-- Dumping data for table `t_transaksi_giro`
--

INSERT INTO `t_transaksi_giro` (`id`, `no_faktur`, `id_cus`, `id_hutang`, `nominal`, `id_bank`, `id_bank_penerima`, `nomor_giro`, `tanggal_jatuh_tempo`, `jenis`, `keterangan`, `status`, `created_at`, `updated_at`, `kantor`) VALUES
(2, 'EVF_0001', 1, 35, 10000, 4, 2, 'GR_0001', '2017-02-08', 1, 'x', 1, '2017-02-08 00:00:00', '2017-02-08 04:11:15', '1');

-- --------------------------------------------------------

--
-- Table structure for table `t_transaksi_transfer`
--

CREATE TABLE `t_transaksi_transfer` (
  `id` int(10) NOT NULL,
  `no_faktur` varchar(100) NOT NULL,
  `id_hutang` int(11) NOT NULL,
  `id_bank` int(10) NOT NULL,
  `id_bank_penerima` int(10) DEFAULT NULL,
  `nomor_akun` varchar(100) DEFAULT NULL,
  `status_transfer` int(10) NOT NULL,
  `nominal` double NOT NULL,
  `tanggal_transfer` date NOT NULL,
  `status_transaksi` int(10) NOT NULL,
  `keterangan` text,
  `created_at` datetime NOT NULL,
  `updated_at` timestamp NULL DEFAULT CURRENT_TIMESTAMP,
  `author` varchar(100) DEFAULT NULL,
  `kantor` int(10) NOT NULL
) ENGINE=InnoDB DEFAULT CHARSET=latin1;

--
-- Dumping data for table `t_transaksi_transfer`
--

INSERT INTO `t_transaksi_transfer` (`id`, `no_faktur`, `id_hutang`, `id_bank`, `id_bank_penerima`, `nomor_akun`, `status_transfer`, `nominal`, `tanggal_transfer`, `status_transaksi`, `keterangan`, `created_at`, `updated_at`, `author`, `kantor`) VALUES
(3, 'EVF_0001', 33, 4, 2, NULL, 0, 1000, '2017-02-08', 0, 'x', '2017-02-08 00:00:00', '2017-02-07 17:51:34', 'superadmin', 1);

-- --------------------------------------------------------

--
-- Table structure for table `t_user_menu`
--

CREATE TABLE `t_user_menu` (
  `id` int(10) NOT NULL,
  `idMenu` int(10) DEFAULT NULL,
  `idUser` varchar(100) DEFAULT NULL,
  `role_create` int(1) DEFAULT '0',
  `role_read` int(1) DEFAULT '1',
  `role_update` int(1) DEFAULT '0',
  `role_delete` int(1) DEFAULT '0'
) ENGINE=InnoDB DEFAULT CHARSET=latin1;

--
-- Dumping data for table `t_user_menu`
--

INSERT INTO `t_user_menu` (`id`, `idMenu`, `idUser`, `role_create`, `role_read`, `role_update`, `role_delete`) VALUES
(5, 131, 'U1', 1, 1, 0, 0),
(23, 133, 'U1', 1, 1, 0, 0),
(33, 1, 'U19', 1, 1, 1, 1),
(34, 130, 'U19', 0, 1, 0, 0),
(35, 131, 'U19', 1, 1, 0, 0),
(36, 133, 'U19', 1, 1, 0, 0),
(45, 130, 'U1', 0, 1, 0, 0),
(73, 1, 'U19', 1, 1, 1, 1),
(327, 134, 'U1', 0, 1, 0, 0),
(328, 135, 'U1', 0, 1, 0, 0),
(329, 136, 'U1', 1, 1, 1, 1),
(330, 137, 'U1', 1, 1, 1, 1),
(331, 138, 'U1', 1, 1, 1, 1),
(332, 139, 'U1', 1, 1, 1, 1),
(333, 128, 'U1', 0, 1, 0, 0),
(334, 129, 'U1', 0, 1, 0, 0),
(335, 132, 'U1', 0, 1, 0, 0),
(336, 140, 'U1', 1, 1, 1, 1),
(337, 141, 'U1', 0, 1, 0, 0),
(349, 134, 'U19', 0, 1, 0, 0),
(350, 135, 'U19', 0, 1, 0, 0),
(351, 136, 'U19', 0, 1, 0, 0),
(352, 137, 'U19', 0, 1, 0, 0),
(353, 138, 'U19', 0, 1, 0, 0),
(354, 139, 'U19', 0, 1, 0, 0),
(355, 128, 'U19', 0, 1, 0, 0),
(356, 129, 'U19', 0, 1, 0, 0),
(357, 132, 'U19', 0, 1, 0, 0),
(358, 140, 'U19', 0, 1, 0, 0),
(359, 141, 'U19', 0, 1, 0, 0),
(360, 1, 'U110', 0, 1, 0, 0),
(361, 142, 'U1', 1, 1, 1, 1),
(362, 143, 'U1', 1, 1, 1, 1),
(365, 134, 'U111', 0, 1, 0, 0),
(366, 135, 'U111', 0, 1, 0, 0),
(367, 136, 'U111', 0, 1, 0, 0),
(368, 137, 'U111', 0, 1, 0, 0),
(369, 138, 'U111', 1, 1, 1, 1),
(370, 139, 'U111', 0, 1, 0, 0),
(371, 128, 'U111', 0, 1, 0, 0),
(372, 129, 'U111', 0, 1, 0, 0),
(373, 132, 'U111', 0, 1, 0, 0),
(374, 140, 'U111', 1, 1, 1, 1),
(375, 141, 'U111', 0, 1, 0, 0),
(376, 142, 'U111', 0, 1, 0, 0),
(377, 143, 'U111', 0, 1, 0, 0),
(378, 130, 'U111', 0, 1, 0, 0),
(379, 131, 'U111', 1, 1, 1, 1),
(380, 133, 'U111', 0, 1, 0, 0),
(381, 144, 'U111', 1, 1, 1, 1),
(382, 145, 'U111', 1, 1, 1, 1),
(383, 146, 'U111', 1, 1, 1, 1),
(384, 146, 'U1', 1, 1, 1, 1),
(385, 144, 'U1', 1, 1, 1, 1),
(386, 145, 'U1', 1, 1, 1, 1),
(387, 147, 'U1', 1, 1, 1, 1),
(388, 148, 'U1', 1, 1, 1, 1),
(389, 150, 'U1', 1, 1, 1, 1),
(390, 149, 'U1', 1, 1, 1, 1);

-- --------------------------------------------------------

--
-- Table structure for table `user_login`
--

CREATE TABLE `user_login` (
  `ID` varchar(5) NOT NULL,
  `ID_REG` varchar(100) DEFAULT NULL,
  `ROLE` varchar(100) DEFAULT NULL,
  `USERNAME` varchar(100) NOT NULL,
  `PASSWORD` varchar(100) DEFAULT NULL,
  `KANTOR` varchar(5) DEFAULT NULL,
  `LEVEL` varchar(5) DEFAULT NULL,
  `POSISI_OP` varchar(5) DEFAULT NULL,
  `IP` varchar(100) DEFAULT NULL,
  `BROWSER` varchar(200) DEFAULT NULL,
  `LOG_TIME` datetime DEFAULT NULL,
  `id_index` int(4) UNSIGNED ZEROFILL NOT NULL,
  `STATUS_ONLINE` int(1) DEFAULT '0' COMMENT '0 = Offline, 1 = Online, 2 = Busy',
  `CREATE_AT` timestamp NOT NULL DEFAULT CURRENT_TIMESTAMP ON UPDATE CURRENT_TIMESTAMP,
  `UPDATE_AT` timestamp NOT NULL DEFAULT '0000-00-00 00:00:00'
) ENGINE=MyISAM DEFAULT CHARSET=latin1;

--
-- Dumping data for table `user_login`
--

INSERT INTO `user_login` (`ID`, `ID_REG`, `ROLE`, `USERNAME`, `PASSWORD`, `KANTOR`, `LEVEL`, `POSISI_OP`, `IP`, `BROWSER`, `LOG_TIME`, `id_index`, `STATUS_ONLINE`, `CREATE_AT`, `UPDATE_AT`) VALUES
('U1', NULL, '62c5dbc186a866039dcb41e1272c06ce', 'superadmin', '21232f297a57a5a743894a0e4a801fc3', '1', '1', '99', NULL, NULL, '2017-02-09 11:05:53', 0005, 1, '2017-02-09 04:05:50', '2017-01-24 07:24:05'),
('U19', NULL, '7eb65ca602661d2cd762176a8eb17a71', 'joni', '1281d0ac7a74eb91550ff52a02862cda', '1', '2', '1', NULL, NULL, '2017-01-26 13:03:36', 0093, 1, '2017-01-26 06:03:36', '2017-01-25 07:42:13'),
('U110', NULL, NULL, 'x', '0cc175b9c0f1b6a831c399e269772661', '15', '3', '4', NULL, NULL, NULL, 0095, 0, '2017-01-25 07:31:59', '2017-01-25 07:31:59'),
('U111', NULL, '838cd83be50e13f8fd7f212dfd89fb81', 'as', 'f970e2767d0cfe75876ea857f92e319b', '1', '1', '1', NULL, NULL, '2017-02-07 15:47:23', 0098, 1, '2017-02-07 08:47:19', '0000-00-00 00:00:00');

--
-- Indexes for dumped tables
--

--
-- Indexes for table `customer`
--
ALTER TABLE `customer`
  ADD PRIMARY KEY (`id`);

--
-- Indexes for table `detailuser`
--
ALTER TABLE `detailuser`
  ADD PRIMARY KEY (`id_detail`);

--
-- Indexes for table `master_jabatan`
--
ALTER TABLE `master_jabatan`
  ADD PRIMARY KEY (`id`);

--
-- Indexes for table `master_kode_kunjungan`
--
ALTER TABLE `master_kode_kunjungan`
  ADD PRIMARY KEY (`id`);

--
-- Indexes for table `master_kota`
--
ALTER TABLE `master_kota`
  ADD PRIMARY KEY (`id`);

--
-- Indexes for table `master_role_user`
--
ALTER TABLE `master_role_user`
  ADD PRIMARY KEY (`id`);

--
-- Indexes for table `master_tipe_customer`
--
ALTER TABLE `master_tipe_customer`
  ADD PRIMARY KEY (`id`);

--
-- Indexes for table `master_toko`
--
ALTER TABLE `master_toko`
  ADD PRIMARY KEY (`id`);

--
-- Indexes for table `table_95`
--
ALTER TABLE `table_95`
  ADD PRIMARY KEY (`id`,`id_cus`);

--
-- Indexes for table `table_96`
--
ALTER TABLE `table_96`
  ADD PRIMARY KEY (`id`);

--
-- Indexes for table `t_bank`
--
ALTER TABLE `t_bank`
  ADD PRIMARY KEY (`id`);

--
-- Indexes for table `t_barang`
--
ALTER TABLE `t_barang`
  ADD PRIMARY KEY (`id`);

--
-- Indexes for table `t_barang_satuan`
--
ALTER TABLE `t_barang_satuan`
  ADD PRIMARY KEY (`id`),
  ADD KEY `satuan` (`satuan`),
  ADD KEY `satuan_2` (`satuan`),
  ADD KEY `satuan_3` (`satuan`),
  ADD KEY `satuan_4` (`satuan`),
  ADD KEY `satuan_5` (`satuan`),
  ADD KEY `satuan_6` (`satuan`);

--
-- Indexes for table `t_barang_satuan_penjualan`
--
ALTER TABLE `t_barang_satuan_penjualan`
  ADD PRIMARY KEY (`id`),
  ADD KEY `satuan` (`satuan`),
  ADD KEY `satuan_2` (`satuan`),
  ADD KEY `satuan_3` (`satuan`),
  ADD KEY `satuan_4` (`satuan`),
  ADD KEY `satuan_5` (`satuan`),
  ADD KEY `satuan_6` (`satuan`);

--
-- Indexes for table `t_barang_stok`
--
ALTER TABLE `t_barang_stok`
  ADD PRIMARY KEY (`id`);

--
-- Indexes for table `t_cara_bayar`
--
ALTER TABLE `t_cara_bayar`
  ADD PRIMARY KEY (`id`);

--
-- Indexes for table `t_customer`
--
ALTER TABLE `t_customer`
  ADD PRIMARY KEY (`id`);

--
-- Indexes for table `t_driver`
--
ALTER TABLE `t_driver`
  ADD PRIMARY KEY (`id`);

--
-- Indexes for table `t_helper`
--
ALTER TABLE `t_helper`
  ADD PRIMARY KEY (`id`);

--
-- Indexes for table `t_history`
--
ALTER TABLE `t_history`
  ADD PRIMARY KEY (`id`);

--
-- Indexes for table `t_hutang_dagang`
--
ALTER TABLE `t_hutang_dagang`
  ADD PRIMARY KEY (`id`);

--
-- Indexes for table `t_kabupaten`
--
ALTER TABLE `t_kabupaten`
  ADD PRIMARY KEY (`IDKabupaten`);

--
-- Indexes for table `t_kecamatan`
--
ALTER TABLE `t_kecamatan`
  ADD PRIMARY KEY (`IDKecamatan`);

--
-- Indexes for table `t_menu`
--
ALTER TABLE `t_menu`
  ADD PRIMARY KEY (`id`);

--
-- Indexes for table `t_pembelian`
--
ALTER TABLE `t_pembelian`
  ADD PRIMARY KEY (`id`),
  ADD UNIQUE KEY `id` (`id`);

--
-- Indexes for table `t_pembelian_detail`
--
ALTER TABLE `t_pembelian_detail`
  ADD PRIMARY KEY (`id`);

--
-- Indexes for table `t_pembelian_retur`
--
ALTER TABLE `t_pembelian_retur`
  ADD PRIMARY KEY (`id`);

--
-- Indexes for table `t_pembelian_retur_detail`
--
ALTER TABLE `t_pembelian_retur_detail`
  ADD PRIMARY KEY (`id`);

--
-- Indexes for table `t_penjualan`
--
ALTER TABLE `t_penjualan`
  ADD PRIMARY KEY (`id`),
  ADD UNIQUE KEY `id` (`id`);

--
-- Indexes for table `t_penjualan_detail`
--
ALTER TABLE `t_penjualan_detail`
  ADD PRIMARY KEY (`id`);

--
-- Indexes for table `t_penjualan_retur`
--
ALTER TABLE `t_penjualan_retur`
  ADD PRIMARY KEY (`id`);

--
-- Indexes for table `t_penjualan_retur_detail`
--
ALTER TABLE `t_penjualan_retur_detail`
  ADD PRIMARY KEY (`id`);

--
-- Indexes for table `t_piutang_dagang`
--
ALTER TABLE `t_piutang_dagang`
  ADD PRIMARY KEY (`id`);

--
-- Indexes for table `t_provinsi`
--
ALTER TABLE `t_provinsi`
  ADD PRIMARY KEY (`IDProvinsi`);

--
-- Indexes for table `t_sales`
--
ALTER TABLE `t_sales`
  ADD PRIMARY KEY (`id`);

--
-- Indexes for table `t_satuan`
--
ALTER TABLE `t_satuan`
  ADD PRIMARY KEY (`id`);

--
-- Indexes for table `t_status_hutang`
--
ALTER TABLE `t_status_hutang`
  ADD PRIMARY KEY (`id`);

--
-- Indexes for table `t_supplier`
--
ALTER TABLE `t_supplier`
  ADD PRIMARY KEY (`id`);

--
-- Indexes for table `t_transaksi_giro`
--
ALTER TABLE `t_transaksi_giro`
  ADD PRIMARY KEY (`id`);

--
-- Indexes for table `t_transaksi_transfer`
--
ALTER TABLE `t_transaksi_transfer`
  ADD PRIMARY KEY (`id`);

--
-- Indexes for table `t_user_menu`
--
ALTER TABLE `t_user_menu`
  ADD PRIMARY KEY (`id`);

--
-- Indexes for table `user_login`
--
ALTER TABLE `user_login`
  ADD PRIMARY KEY (`id_index`);

--
-- AUTO_INCREMENT for dumped tables
--

--
-- AUTO_INCREMENT for table `customer`
--
ALTER TABLE `customer`
  MODIFY `id` int(11) NOT NULL AUTO_INCREMENT, AUTO_INCREMENT=589;
--
-- AUTO_INCREMENT for table `detailuser`
--
ALTER TABLE `detailuser`
  MODIFY `id_detail` int(100) NOT NULL AUTO_INCREMENT, AUTO_INCREMENT=114;
--
-- AUTO_INCREMENT for table `master_jabatan`
--
ALTER TABLE `master_jabatan`
  MODIFY `id` int(10) NOT NULL AUTO_INCREMENT, AUTO_INCREMENT=100;
--
-- AUTO_INCREMENT for table `master_kode_kunjungan`
--
ALTER TABLE `master_kode_kunjungan`
  MODIFY `id` int(11) NOT NULL AUTO_INCREMENT, AUTO_INCREMENT=8;
--
-- AUTO_INCREMENT for table `master_role_user`
--
ALTER TABLE `master_role_user`
  MODIFY `id` int(10) NOT NULL AUTO_INCREMENT, AUTO_INCREMENT=4;
--
-- AUTO_INCREMENT for table `master_tipe_customer`
--
ALTER TABLE `master_tipe_customer`
  MODIFY `id` int(11) NOT NULL AUTO_INCREMENT, AUTO_INCREMENT=7;
--
-- AUTO_INCREMENT for table `master_toko`
--
ALTER TABLE `master_toko`
  MODIFY `id` int(10) NOT NULL AUTO_INCREMENT, AUTO_INCREMENT=17;
--
-- AUTO_INCREMENT for table `table_95`
--
ALTER TABLE `table_95`
  MODIFY `id` int(10) NOT NULL AUTO_INCREMENT, AUTO_INCREMENT=211;
--
-- AUTO_INCREMENT for table `table_96`
--
ALTER TABLE `table_96`
  MODIFY `id` int(10) NOT NULL AUTO_INCREMENT, AUTO_INCREMENT=211;
--
-- AUTO_INCREMENT for table `t_bank`
--
ALTER TABLE `t_bank`
  MODIFY `id` int(11) NOT NULL AUTO_INCREMENT, AUTO_INCREMENT=5;
--
-- AUTO_INCREMENT for table `t_barang`
--
ALTER TABLE `t_barang`
  MODIFY `id` int(11) NOT NULL AUTO_INCREMENT, AUTO_INCREMENT=3;
--
-- AUTO_INCREMENT for table `t_barang_satuan`
--
ALTER TABLE `t_barang_satuan`
  MODIFY `id` int(11) NOT NULL AUTO_INCREMENT, AUTO_INCREMENT=7;
--
-- AUTO_INCREMENT for table `t_barang_satuan_penjualan`
--
ALTER TABLE `t_barang_satuan_penjualan`
  MODIFY `id` int(11) NOT NULL AUTO_INCREMENT;
--
-- AUTO_INCREMENT for table `t_barang_stok`
--
ALTER TABLE `t_barang_stok`
  MODIFY `id` int(10) NOT NULL AUTO_INCREMENT, AUTO_INCREMENT=2;
--
-- AUTO_INCREMENT for table `t_cara_bayar`
--
ALTER TABLE `t_cara_bayar`
  MODIFY `id` int(11) NOT NULL AUTO_INCREMENT, AUTO_INCREMENT=8;
--
-- AUTO_INCREMENT for table `t_customer`
--
ALTER TABLE `t_customer`
  MODIFY `id` int(11) NOT NULL AUTO_INCREMENT, AUTO_INCREMENT=1342;
--
-- AUTO_INCREMENT for table `t_driver`
--
ALTER TABLE `t_driver`
  MODIFY `id` int(10) NOT NULL AUTO_INCREMENT, AUTO_INCREMENT=7;
--
-- AUTO_INCREMENT for table `t_helper`
--
ALTER TABLE `t_helper`
  MODIFY `id` int(10) NOT NULL AUTO_INCREMENT, AUTO_INCREMENT=13;
--
-- AUTO_INCREMENT for table `t_history`
--
ALTER TABLE `t_history`
  MODIFY `id` int(10) NOT NULL AUTO_INCREMENT, AUTO_INCREMENT=21;
--
-- AUTO_INCREMENT for table `t_hutang_dagang`
--
ALTER TABLE `t_hutang_dagang`
  MODIFY `id` int(11) NOT NULL AUTO_INCREMENT, AUTO_INCREMENT=49;
--
-- AUTO_INCREMENT for table `t_menu`
--
ALTER TABLE `t_menu`
  MODIFY `id` int(10) NOT NULL AUTO_INCREMENT, AUTO_INCREMENT=151;
--
-- AUTO_INCREMENT for table `t_pembelian`
--
ALTER TABLE `t_pembelian`
  MODIFY `id` int(10) NOT NULL AUTO_INCREMENT, AUTO_INCREMENT=11;
--
-- AUTO_INCREMENT for table `t_pembelian_detail`
--
ALTER TABLE `t_pembelian_detail`
  MODIFY `id` int(11) NOT NULL AUTO_INCREMENT, AUTO_INCREMENT=20;
--
-- AUTO_INCREMENT for table `t_pembelian_retur`
--
ALTER TABLE `t_pembelian_retur`
  MODIFY `id` int(100) NOT NULL AUTO_INCREMENT, AUTO_INCREMENT=3;
--
-- AUTO_INCREMENT for table `t_pembelian_retur_detail`
--
ALTER TABLE `t_pembelian_retur_detail`
  MODIFY `id` int(11) NOT NULL AUTO_INCREMENT, AUTO_INCREMENT=4;
--
-- AUTO_INCREMENT for table `t_penjualan`
--
ALTER TABLE `t_penjualan`
  MODIFY `id` int(10) NOT NULL AUTO_INCREMENT, AUTO_INCREMENT=3;
--
-- AUTO_INCREMENT for table `t_penjualan_detail`
--
ALTER TABLE `t_penjualan_detail`
  MODIFY `id` int(11) NOT NULL AUTO_INCREMENT, AUTO_INCREMENT=4;
--
-- AUTO_INCREMENT for table `t_penjualan_retur`
--
ALTER TABLE `t_penjualan_retur`
  MODIFY `id` int(100) NOT NULL AUTO_INCREMENT, AUTO_INCREMENT=2;
--
-- AUTO_INCREMENT for table `t_penjualan_retur_detail`
--
ALTER TABLE `t_penjualan_retur_detail`
  MODIFY `id` int(11) NOT NULL AUTO_INCREMENT, AUTO_INCREMENT=2;
--
-- AUTO_INCREMENT for table `t_piutang_dagang`
--
ALTER TABLE `t_piutang_dagang`
  MODIFY `id` int(11) NOT NULL AUTO_INCREMENT, AUTO_INCREMENT=4;
--
-- AUTO_INCREMENT for table `t_sales`
--
ALTER TABLE `t_sales`
  MODIFY `id` int(11) NOT NULL AUTO_INCREMENT, AUTO_INCREMENT=2;
--
-- AUTO_INCREMENT for table `t_satuan`
--
ALTER TABLE `t_satuan`
  MODIFY `id` int(11) NOT NULL AUTO_INCREMENT, AUTO_INCREMENT=23;
--
-- AUTO_INCREMENT for table `t_status_hutang`
--
ALTER TABLE `t_status_hutang`
  MODIFY `id` int(11) NOT NULL AUTO_INCREMENT, AUTO_INCREMENT=5;
--
-- AUTO_INCREMENT for table `t_supplier`
--
ALTER TABLE `t_supplier`
  MODIFY `id` int(11) NOT NULL AUTO_INCREMENT, AUTO_INCREMENT=3;
--
-- AUTO_INCREMENT for table `t_transaksi_giro`
--
ALTER TABLE `t_transaksi_giro`
  MODIFY `id` int(10) NOT NULL AUTO_INCREMENT, AUTO_INCREMENT=3;
--
-- AUTO_INCREMENT for table `t_transaksi_transfer`
--
ALTER TABLE `t_transaksi_transfer`
  MODIFY `id` int(10) NOT NULL AUTO_INCREMENT, AUTO_INCREMENT=4;
--
-- AUTO_INCREMENT for table `t_user_menu`
--
ALTER TABLE `t_user_menu`
  MODIFY `id` int(10) NOT NULL AUTO_INCREMENT, AUTO_INCREMENT=391;
--
-- AUTO_INCREMENT for table `user_login`
--
ALTER TABLE `user_login`
  MODIFY `id_index` int(4) UNSIGNED ZEROFILL NOT NULL AUTO_INCREMENT, AUTO_INCREMENT=99;
/*!40101 SET CHARACTER_SET_CLIENT=@OLD_CHARACTER_SET_CLIENT */;
/*!40101 SET CHARACTER_SET_RESULTS=@OLD_CHARACTER_SET_RESULTS */;
/*!40101 SET COLLATION_CONNECTION=@OLD_COLLATION_CONNECTION */;
